{"data":{"satisfaction":7.828389830508475,"comprehension":7.631909547738694,"contact":4.407894736842105,"contact_reachability":0.6883116883116883,"contact_satisfaction":6.4423076923076925,"autonomy":6.385869565217392},"metadata":{"satisfaction_count":472,"comprehension_count":398,"contact_count":76,"contactReachability_count":77,"contactSatisfaction_count":52,"autonomy_count":368}}
