{"data":{"satisfaction":7.625661375661376,"comprehension":7.484520123839009,"contact":4.179389312977099,"contact_reachability":0.6136363636363636,"contact_satisfaction":6.84375,"autonomy":5.731497418244406},"metadata":{"satisfaction_count":756,"comprehension_count":646,"contact_count":131,"contactReachability_count":132,"contactSatisfaction_count":80,"autonomy_count":581}}
