{"data":{"satisfaction":7.8321678321678325,"comprehension":7.645027624309392,"contact":4.4921875,"contact_reachability":0.6923076923076923,"contact_satisfaction":6.534090909090909,"autonomy":6.355421686746988},"metadata":{"satisfaction_count":429,"comprehension_count":362,"contact_count":64,"contactReachability_count":65,"contactSatisfaction_count":44,"autonomy_count":332}}
