{"data":{"satisfaction":7.688888888888889,"comprehension":7.5754593175853016,"contact":4.246794871794871,"contact_reachability":0.6178343949044586,"contact_satisfaction":6.901041666666667,"autonomy":5.832127351664255},"metadata":{"satisfaction_count":900,"comprehension_count":762,"contact_count":156,"contactReachability_count":157,"contactSatisfaction_count":96,"autonomy_count":691}}
