{"data":{"satisfaction":7.851063829787234,"comprehension":7.6455696202531644,"contact":4.493243243243243,"contact_reachability":0.6933333333333334,"contact_satisfaction":6.519607843137255,"autonomy":6.420765027322404},"metadata":{"satisfaction_count":470,"comprehension_count":395,"contact_count":74,"contactReachability_count":75,"contactSatisfaction_count":51,"autonomy_count":366}}
