{"data":{"satisfaction":7.649938800489596,"comprehension":7.404270986745214,"contact":4.184027777777778,"contact_reachability":0.6344827586206897,"contact_satisfaction":6.6208791208791204,"autonomy":5.741935483870968},"metadata":{"satisfaction_count":817,"comprehension_count":679,"contact_count":144,"contactReachability_count":145,"contactSatisfaction_count":91,"autonomy_count":620}}
