{"data":{"satisfaction":7.6875,"comprehension":7.4726277372262775,"contact":4.468085106382978,"contact_reachability":0.7083333333333334,"contact_satisfaction":6.363636363636363,"autonomy":6.411290322580645},"metadata":{"satisfaction_count":320,"comprehension_count":274,"contact_count":47,"contactReachability_count":48,"contactSatisfaction_count":33,"autonomy_count":248}}
