{"data":{"satisfaction":7.669491525423729,"comprehension":7.537453183520599,"contact":4.211309523809524,"contact_reachability":0.621301775147929,"contact_satisfaction":6.802884615384615,"autonomy":5.741758241758242},"metadata":{"satisfaction_count":944,"comprehension_count":801,"contact_count":168,"contactReachability_count":169,"contactSatisfaction_count":104,"autonomy_count":728}}
