{"data":{"satisfaction":6.447368421052632,"comprehension":6.666666666666667,"contact":2.3333333333333335,"contact_reachability":0.4,"contact_satisfaction":5.833333333333333,"autonomy":4.7272727272727275},"metadata":{"satisfaction_count":76,"comprehension_count":60,"contact_count":15,"contactReachability_count":15,"contactSatisfaction_count":6,"autonomy_count":55}}
