{"data":{"satisfaction":7.69804822043628,"comprehension":7.56765899864682,"contact":4.233333333333333,"contact_reachability":0.6158940397350994,"contact_satisfaction":6.9021739130434785,"autonomy":5.776119402985074},"metadata":{"satisfaction_count":871,"comprehension_count":739,"contact_count":150,"contactReachability_count":151,"contactSatisfaction_count":92,"autonomy_count":670}}
