{"data":{"satisfaction":7.640573318632856,"comprehension":7.526212319790301,"contact":4.188311688311688,"contact_reachability":0.6153846153846154,"contact_satisfaction":6.861702127659575,"autonomy":5.714285714285714},"metadata":{"satisfaction_count":907,"comprehension_count":763,"contact_count":154,"contactReachability_count":156,"contactSatisfaction_count":94,"autonomy_count":693}}
