{"data":{"satisfaction":7.672043010752688,"comprehension":7.5444162436548226,"contact":4.248466257668712,"contact_reachability":0.6219512195121951,"contact_satisfaction":6.856435643564357,"autonomy":5.776223776223776},"metadata":{"satisfaction_count":930,"comprehension_count":788,"contact_count":163,"contactReachability_count":164,"contactSatisfaction_count":101,"autonomy_count":715}}
