{"data":{"satisfaction":6.470588235294118,"comprehension":6.78030303030303,"contact":2.8947368421052633,"contact_reachability":0.47368421052631576,"contact_satisfaction":6.111111111111111,"autonomy":4.5},"metadata":{"satisfaction_count":85,"comprehension_count":66,"contact_count":19,"contactReachability_count":19,"contactSatisfaction_count":9,"autonomy_count":60}}
