{"data":{"satisfaction":8.918383737675862,"comprehension":8.949051685701546,"contact":3.9922103213242455,"contact_reachability":0.572463768115942,"contact_satisfaction":7.387387387387387,"autonomy":8.365786306025631},"metadata":{"satisfaction_count":36108,"comprehension_count":29157,"contact_count":1027,"contactReachability_count":1104,"contactSatisfaction_count":555,"autonomy_count":28246}}
