{"data":{"satisfaction":8.844790230451054,"comprehension":8.936009202082577,"contact":4.5049504950495045,"contact_reachability":0.6099071207430341,"contact_satisfaction":7.711864406779661,"autonomy":8.262266716104314},"metadata":{"satisfaction_count":10154,"comprehension_count":8259,"contact_count":303,"contactReachability_count":323,"contactSatisfaction_count":177,"autonomy_count":8091}}
