{"data":{"satisfaction":8.967784656133542,"comprehension":8.990793201133144,"contact":3.579865016872891,"contact_reachability":0.5364583333333334,"contact_satisfaction":7.167792792792793,"autonomy":8.289039157100174},"metadata":{"satisfaction_count":32469,"comprehension_count":26122,"contact_count":889,"contactReachability_count":960,"contactSatisfaction_count":444,"autonomy_count":25436}}
