{"data":{"satisfaction":8.930131004366812,"comprehension":8.943256578947368,"contact":4.172473867595818,"contact_reachability":0.5927152317880795,"contact_satisfaction":7.301829268292683,"autonomy":8.460425979489877},"metadata":{"satisfaction_count":9618,"comprehension_count":7904,"contact_count":287,"contactReachability_count":302,"contactSatisfaction_count":164,"autonomy_count":7606}}
