{"data":{"satisfaction":8.925085407515862,"comprehension":8.962705722482259,"contact":3.998380129589633,"contact_reachability":0.5704225352112676,"contact_satisfaction":7.419839679358717,"autonomy":8.360815120168002},"metadata":{"satisfaction_count":32784,"comprehension_count":26492,"contact_count":926,"contactReachability_count":994,"contactSatisfaction_count":499,"autonomy_count":25714}}
