{"data":{"satisfaction":8.964582635441728,"comprehension":8.964787395596051,"contact":3.818231441048035,"contact_reachability":0.560204081632653,"contact_satisfaction":7.211340206185567,"autonomy":8.30695591754806},"metadata":{"satisfaction_count":32837,"comprehension_count":26340,"contact_count":916,"contactReachability_count":980,"contactSatisfaction_count":485,"autonomy_count":25906}}
