{"data":{"satisfaction":8.899656773672522,"comprehension":8.93239090350338,"contact":4.385665529010239,"contact_reachability":0.6123778501628665,"contact_satisfaction":7.385057471264368,"autonomy":8.403863260897191},"metadata":{"satisfaction_count":9906,"comprehension_count":8135,"contact_count":293,"contactReachability_count":307,"contactSatisfaction_count":174,"autonomy_count":7869}}
