{"data":{"satisfaction":9.048159354513363,"comprehension":9.075908878140115,"contact":3.8135593220338984,"contact_reachability":0.5787401574803149,"contact_satisfaction":6.976744186046512,"autonomy":8.235763279629925},"metadata":{"satisfaction_count":7932,"comprehension_count":6409,"contact_count":236,"contactReachability_count":254,"contactSatisfaction_count":129,"autonomy_count":6269}}
