{"data":{"satisfaction":8.848146671980869,"comprehension":8.907815011747248,"contact":4.071180555555555,"contact_reachability":0.5806451612903226,"contact_satisfaction":7.420886075949367,"autonomy":8.294573643410853},"metadata":{"satisfaction_count":10036,"comprehension_count":8087,"contact_count":288,"contactReachability_count":310,"contactSatisfaction_count":158,"autonomy_count":7869}}
