{"data":{"satisfaction":8.871906209292227,"comprehension":8.931837591630488,"contact":3.938631790744467,"contact_reachability":0.5583804143126178,"contact_satisfaction":7.457142857142857,"autonomy":8.438524590163935},"metadata":{"satisfaction_count":34545,"comprehension_count":28102,"contact_count":994,"contactReachability_count":1062,"contactSatisfaction_count":525,"autonomy_count":26840}}
