{"data":{"satisfaction":8.844790230451054,"comprehension":8.936228197674419,"contact":4.427609427609427,"contact_reachability":0.6056782334384858,"contact_satisfaction":7.645348837209302,"autonomy":8.271895101434934},"metadata":{"satisfaction_count":10154,"comprehension_count":8256,"contact_count":297,"contactReachability_count":317,"contactSatisfaction_count":172,"autonomy_count":8084}}
