{"data":{"satisfaction":8.88119884448724,"comprehension":8.903540993241258,"contact":4.480392156862745,"contact_reachability":0.6179775280898876,"contact_satisfaction":7.467320261437909,"autonomy":8.386066321874049},"metadata":{"satisfaction_count":8308,"comprehension_count":6806,"contact_count":255,"contactReachability_count":267,"contactSatisfaction_count":153,"autonomy_count":6574}}
