{"data":{"satisfaction":8.896361968816876,"comprehension":8.95583083083083,"contact":3.825187969924812,"contact_reachability":0.5473684210526316,"contact_satisfaction":7.427007299270073,"autonomy":8.2826982492276},"metadata":{"satisfaction_count":9813,"comprehension_count":7992,"contact_count":266,"contactReachability_count":285,"contactSatisfaction_count":137,"autonomy_count":7768}}
