{"data":{"satisfaction":8.933918430562725,"comprehension":8.959354190224902,"contact":4.320557491289199,"contact_reachability":0.6,"contact_satisfaction":7.425149700598802,"autonomy":8.435179153094463},"metadata":{"satisfaction_count":9685,"comprehension_count":7959,"contact_count":287,"contactReachability_count":300,"contactSatisfaction_count":167,"autonomy_count":7675}}
