{"data":{"satisfaction":8.999802955665025,"comprehension":9.007113073338239,"contact":3.44622905027933,"contact_reachability":0.5343007915567283,"contact_satisfaction":6.797520661157025,"autonomy":8.39298460283471},"metadata":{"satisfaction_count":25375,"comprehension_count":20385,"contact_count":716,"contactReachability_count":758,"contactSatisfaction_count":363,"autonomy_count":19614}}
