{"data":{"satisfaction":8.967596314389958,"comprehension":8.9898543484109,"contact":3.572635135135135,"contact_reachability":0.5359749739311783,"contact_satisfaction":7.1613995485327315,"autonomy":8.310834883812992},"metadata":{"satisfaction_count":32342,"comprehension_count":26021,"contact_count":888,"contactReachability_count":959,"contactSatisfaction_count":443,"autonomy_count":25261}}
