{"data":{"satisfaction":8.924381496565559,"comprehension":8.961905836341757,"contact":4.024064171122995,"contact_reachability":0.5732801595214357,"contact_satisfaction":7.4211045364891515,"autonomy":8.362790697674418},"metadata":{"satisfaction_count":32902,"comprehension_count":26592,"contact_count":935,"contactReachability_count":1003,"contactSatisfaction_count":507,"autonomy_count":25800}}
