{"data":{"satisfaction":8.899895724713243,"comprehension":8.958012326656394,"contact":4.005905511811024,"contact_reachability":0.579136690647482,"contact_satisfaction":7.427007299270073,"autonomy":8.265360169491526},"metadata":{"satisfaction_count":9590,"comprehension_count":7788,"contact_count":254,"contactReachability_count":278,"contactSatisfaction_count":137,"autonomy_count":7552}}
