{"data":{"satisfaction":8.956555581180812,"comprehension":8.961040126336947,"contact":3.856628982528263,"contact_reachability":0.5620789220404235,"contact_satisfaction":7.244208494208494,"autonomy":8.347401644157369},"metadata":{"satisfaction_count":34688,"comprehension_count":27862,"contact_count":973,"contactReachability_count":1039,"contactSatisfaction_count":518,"autonomy_count":27248}}
