{"data":{"satisfaction":8.8449660284126,"comprehension":8.895119153816745,"contact":3.5606060606060606,"contact_reachability":0.5201238390092879,"contact_satisfaction":7.447183098591549,"autonomy":8.181342404814863},"metadata":{"satisfaction_count":9714,"comprehension_count":7847,"contact_count":297,"contactReachability_count":323,"contactSatisfaction_count":142,"autonomy_count":7643}}
