{"data":{"satisfaction":6.770833333333333,"comprehension":6.162790697674419,"contact":6.323529411764706,"contact_reachability":0.8823529411764706,"contact_satisfaction":7.166666666666667,"autonomy":5},"metadata":{"satisfaction_count":48,"comprehension_count":43,"contact_count":17,"contactReachability_count":17,"contactSatisfaction_count":15,"autonomy_count":40}}
