{"data":{"satisfaction":6.1440677966101696,"comprehension":6.606217616580311,"contact":3.6363636363636362,"contact_reachability":0.6363636363636364,"contact_satisfaction":5.714285714285714,"autonomy":5.555555555555555},"metadata":{"satisfaction_count":236,"comprehension_count":193,"contact_count":44,"contactReachability_count":44,"contactSatisfaction_count":28,"autonomy_count":180}}
