{"data":{"satisfaction":6.893939393939394,"comprehension":7.2727272727272725,"contact":3.6363636363636362,"contact_reachability":0.6363636363636364,"contact_satisfaction":5.714285714285714,"autonomy":6.326530612244898},"metadata":{"satisfaction_count":66,"comprehension_count":55,"contact_count":11,"contactReachability_count":11,"contactSatisfaction_count":7,"autonomy_count":49}}
