{"data":{"satisfaction":5.87962962962963,"comprehension":6.242937853107344,"contact":3.4722222222222223,"contact_reachability":0.6481481481481481,"contact_satisfaction":5.357142857142857,"autonomy":5.178571428571429},"metadata":{"satisfaction_count":216,"comprehension_count":177,"contact_count":54,"contactReachability_count":54,"contactSatisfaction_count":35,"autonomy_count":168}}
