{"data":{"satisfaction":7.885129118432769,"comprehension":8.4736355226642,"contact":4.859375,"contact_reachability":0.7345679012345679,"contact_satisfaction":6.645299145299146,"autonomy":7.556603773584905},"metadata":{"satisfaction_count":1123,"comprehension_count":1081,"contact_count":160,"contactReachability_count":162,"contactSatisfaction_count":117,"autonomy_count":1060}}
