{"data":{"satisfaction":8.032700421940929,"comprehension":8.544407894736842,"contact":5.088652482269503,"contact_reachability":0.7464788732394366,"contact_satisfaction":6.833333333333333,"autonomy":7.4972314507198226},"metadata":{"satisfaction_count":948,"comprehension_count":912,"contact_count":141,"contactReachability_count":142,"contactSatisfaction_count":105,"autonomy_count":903}}
