{"data":{"satisfaction":8.203995793901157,"comprehension":8.497349237905897,"contact":5.830903790087463,"contact_reachability":0.8082975679542204,"contact_satisfaction":7.246376811594203,"autonomy":7.518050541516246},"metadata":{"satisfaction_count":4755,"comprehension_count":4527,"contact_count":686,"contactReachability_count":699,"contactSatisfaction_count":552,"autonomy_count":4432}}
