{"data":{"satisfaction":8.250425894378195,"comprehension":8.203155434359173,"contact":5.4468325791855206,"contact_reachability":0.7678571428571429,"contact_satisfaction":7.122781065088757,"autonomy":6.986019736842105},"metadata":{"satisfaction_count":2935,"comprehension_count":2567,"contact_count":442,"contactReachability_count":448,"contactSatisfaction_count":338,"autonomy_count":2432}}
