{"data":{"satisfaction":8.13740458015267,"comprehension":8.559322033898304,"contact":5.667539267015707,"contact_reachability":0.7908163265306123,"contact_satisfaction":7.216666666666667,"autonomy":7.573529411764706},"metadata":{"satisfaction_count":1310,"comprehension_count":1239,"contact_count":191,"contactReachability_count":196,"contactSatisfaction_count":150,"autonomy_count":1224}}
