{"data":{"satisfaction":8.197251414713016,"comprehension":8.514957264957266,"contact":5.758064516129032,"contact_reachability":0.8076923076923077,"contact_satisfaction":7.14,"autonomy":7.640449438202247},"metadata":{"satisfaction_count":1237,"comprehension_count":1170,"contact_count":155,"contactReachability_count":156,"contactSatisfaction_count":125,"autonomy_count":1157}}
