{"data":{"satisfaction":7.9908675799086755,"comprehension":8.521183053557154,"contact":5.695187165775401,"contact_reachability":0.7916666666666666,"contact_satisfaction":7.244897959183674,"autonomy":7.588187038556193},"metadata":{"satisfaction_count":1314,"comprehension_count":1251,"contact_count":187,"contactReachability_count":192,"contactSatisfaction_count":147,"autonomy_count":1219}}
