{"data":{"satisfaction":8.084659593280282,"comprehension":8.413877837584835,"contact":5.6767751479289945,"contact_reachability":0.791907514450867,"contact_satisfaction":7.213345864661654,"autonomy":7.490503323836657},"metadata":{"satisfaction_count":4524,"comprehension_count":4273,"contact_count":676,"contactReachability_count":692,"contactSatisfaction_count":532,"autonomy_count":4212}}
