{"data":{"satisfaction":8.158575122091353,"comprehension":8.390180483328235,"contact":5.926275992438564,"contact_reachability":0.8081180811808119,"contact_satisfaction":7.376470588235295,"autonomy":7.482866043613707},"metadata":{"satisfaction_count":3481,"comprehension_count":3269,"contact_count":529,"contactReachability_count":542,"contactSatisfaction_count":425,"autonomy_count":3210}}
