{"data":{"satisfaction":8.154761904761905,"comprehension":8.387221534653465,"contact":5.935114503816794,"contact_reachability":0.8081936685288641,"contact_satisfaction":7.3871733966745845,"autonomy":7.488181531673495},"metadata":{"satisfaction_count":3444,"comprehension_count":3232,"contact_count":524,"contactReachability_count":537,"contactSatisfaction_count":421,"autonomy_count":3173}}
