{"data":{"satisfaction":8.151702269692924,"comprehension":8.35487982520029,"contact":5.516365688487585,"contact_reachability":0.779134295227525,"contact_satisfaction":7.114264919941776,"autonomy":7.179535232383808},"metadata":{"satisfaction_count":5992,"comprehension_count":5492,"contact_count":886,"contactReachability_count":901,"contactSatisfaction_count":687,"autonomy_count":5336}}
