{"data":{"satisfaction":8.179551122194514,"comprehension":8.566079295154186,"contact":5.751533742331288,"contact_reachability":0.7964071856287425,"contact_satisfaction":7.267441860465116,"autonomy":7.533392698130009},"metadata":{"satisfaction_count":1203,"comprehension_count":1135,"contact_count":163,"contactReachability_count":167,"contactSatisfaction_count":129,"autonomy_count":1123}}
