{"data":{"satisfaction":8.13667912439936,"comprehension":8.394781622234827,"contact":5.889679715302491,"contact_reachability":0.8072916666666666,"contact_satisfaction":7.339246119733924,"autonomy":7.50506512301013},"metadata":{"satisfaction_count":3746,"comprehension_count":3526,"contact_count":562,"contactReachability_count":576,"contactSatisfaction_count":451,"autonomy_count":3455}}
