{"data":{"satisfaction":8.14927646610815,"comprehension":8.5625,"contact":5.751295336787565,"contact_reachability":0.797979797979798,"contact_satisfaction":7.254901960784314,"autonomy":7.575510204081633},"metadata":{"satisfaction_count":1313,"comprehension_count":1240,"contact_count":193,"contactReachability_count":198,"contactSatisfaction_count":153,"autonomy_count":1225}}
