{"data":{"satisfaction":8.134388412017167,"comprehension":8.392704474209177,"contact":5.891577060931899,"contact_reachability":0.8076923076923077,"contact_satisfaction":7.338169642857143,"autonomy":7.503632664922987},"metadata":{"satisfaction_count":3728,"comprehension_count":3509,"contact_count":558,"contactReachability_count":572,"contactSatisfaction_count":448,"autonomy_count":3441}}
