{"data":{"satisfaction":8.157981530343008,"comprehension":8.367652235128476,"contact":5.91703056768559,"contact_reachability":0.8042553191489362,"contact_satisfaction":7.404371584699454,"autonomy":7.41189035243859},"metadata":{"satisfaction_count":3032,"comprehension_count":2841,"contact_count":458,"contactReachability_count":470,"contactSatisfaction_count":366,"autonomy_count":2809}}
