{"data":{"satisfaction":8.498233215547703,"comprehension":8.563191881918819,"contact":6.597633136094674,"contact_reachability":0.8713450292397661,"contact_satisfaction":7.585034013605442,"autonomy":7.255460588793922},"metadata":{"satisfaction_count":1132,"comprehension_count":1084,"contact_count":169,"contactReachability_count":171,"contactSatisfaction_count":147,"autonomy_count":1053}}
