{"data":{"satisfaction":8.025618374558304,"comprehension":8.500918273645546,"contact":5.015432098765432,"contact_reachability":0.7439024390243902,"contact_satisfaction":6.770833333333333,"autonomy":7.5675675675675675},"metadata":{"satisfaction_count":1132,"comprehension_count":1089,"contact_count":162,"contactReachability_count":164,"contactSatisfaction_count":120,"autonomy_count":1073}}
