{"data":{"satisfaction":7.872531418312388,"comprehension":8.448275862068966,"contact":4.888535031847134,"contact_reachability":0.7358490566037735,"contact_satisfaction":6.673913043478261,"autonomy":7.52851711026616},"metadata":{"satisfaction_count":1114,"comprehension_count":1073,"contact_count":157,"contactReachability_count":159,"contactSatisfaction_count":115,"autonomy_count":1052}}
