{"data":{"satisfaction":8.107135295363117,"comprehension":8.421199910454444,"contact":5.696428571428571,"contact_reachability":0.7946927374301676,"contact_satisfaction":7.210669077757685,"autonomy":7.531847133757962},"metadata":{"satisfaction_count":4723,"comprehension_count":4467,"contact_count":700,"contactReachability_count":716,"contactSatisfaction_count":553,"autonomy_count":4396}}
