{"data":{"satisfaction":4.423076923076923,"comprehension":4.805910895456551,"contact":3.0961070559610704,"contact_reachability":0.5629453681710214,"contact_satisfaction":5.605726872246696,"autonomy":4.071464519375944},"metadata":{"satisfaction_count":2626,"comprehension_count":2267,"contact_count":822,"contactReachability_count":842,"contactSatisfaction_count":454,"autonomy_count":1987}}
