{"data":{"satisfaction":4.486947063089195,"comprehension":4.841386554621849,"contact":3.111888111888112,"contact_reachability":0.5671981776765376,"contact_satisfaction":5.585774058577406,"autonomy":4.136776661884266},"metadata":{"satisfaction_count":2758,"comprehension_count":2380,"contact_count":858,"contactReachability_count":878,"contactSatisfaction_count":478,"autonomy_count":2091}}
