{"data":{"satisfaction":4.359605911330049,"comprehension":4.701086956521739,"contact":3.015873015873016,"contact_reachability":0.5079365079365079,"contact_satisfaction":5.9375,"autonomy":4.797687861271676},"metadata":{"satisfaction_count":203,"comprehension_count":184,"contact_count":63,"contactReachability_count":63,"contactSatisfaction_count":32,"autonomy_count":173}}
