{"data":{"satisfaction":4.886363636363637,"comprehension":5.144404332129964,"contact":3.050595238095238,"contact_reachability":0.5764705882352941,"contact_satisfaction":5.338541666666667,"autonomy":4.768611670020121},"metadata":{"satisfaction_count":616,"comprehension_count":554,"contact_count":168,"contactReachability_count":170,"contactSatisfaction_count":96,"autonomy_count":497}}
