{"data":{"satisfaction":4.364978902953586,"comprehension":4.779698149951314,"contact":3.0766752577319587,"contact_reachability":0.556687898089172,"contact_satisfaction":5.578271028037383,"autonomy":3.9554317548746516},"metadata":{"satisfaction_count":2370,"comprehension_count":2054,"contact_count":776,"contactReachability_count":785,"contactSatisfaction_count":428,"autonomy_count":1795}}
