{"data":{"satisfaction":4.737678855325914,"comprehension":4.9378330373001775,"contact":3.134920634920635,"contact_reachability":0.6137566137566137,"contact_satisfaction":5.107758620689655,"autonomy":4.442231075697211},"metadata":{"satisfaction_count":629,"comprehension_count":563,"contact_count":189,"contactReachability_count":189,"contactSatisfaction_count":116,"autonomy_count":502}}
