{"data":{"satisfaction":4.3117408906882595,"comprehension":4.638009049773756,"contact":2.804054054054054,"contact_reachability":0.5,"contact_satisfaction":5.608108108108108,"autonomy":4.705882352941177},"metadata":{"satisfaction_count":247,"comprehension_count":221,"contact_count":74,"contactReachability_count":74,"contactSatisfaction_count":37,"autonomy_count":204}}
