{"data":{"satisfaction":4.471153846153846,"comprehension":4.833976006855184,"contact":3.095379146919431,"contact_reachability":0.5636574074074074,"contact_satisfaction":5.594218415417559,"autonomy":4.115927910375061},"metadata":{"satisfaction_count":2704,"comprehension_count":2334,"contact_count":844,"contactReachability_count":864,"contactSatisfaction_count":467,"autonomy_count":2053}}
