{"data":{"satisfaction":4.984126984126984,"comprehension":5.223132969034609,"contact":2.9827586206896552,"contact_reachability":0.5906040268456376,"contact_satisfaction":5.148809523809524,"autonomy":5.08130081300813},"metadata":{"satisfaction_count":630,"comprehension_count":549,"contact_count":145,"contactReachability_count":149,"contactSatisfaction_count":84,"autonomy_count":492}}
