{"data":{"satisfaction":5.142630744849446,"comprehension":5.276752767527675,"contact":3.107142857142857,"contact_reachability":0.6111111111111112,"contact_satisfaction":5.178571428571429,"autonomy":5.298969072164948},"metadata":{"satisfaction_count":631,"comprehension_count":542,"contact_count":140,"contactReachability_count":144,"contactSatisfaction_count":84,"autonomy_count":485}}
