{"data":{"satisfaction":5.1397515527950315,"comprehension":5.251798561151079,"contact":3.0369127516778525,"contact_reachability":0.6013071895424836,"contact_satisfaction":5.142045454545454,"autonomy":5.1976284584980235},"metadata":{"satisfaction_count":644,"comprehension_count":556,"contact_count":149,"contactReachability_count":153,"contactSatisfaction_count":88,"autonomy_count":506}}
