{"data":{"satisfaction":4.769301050708086,"comprehension":5.030375066032752,"contact":3.308270676691729,"contact_reachability":0.5937961595273265,"contact_satisfaction":5.641025641025641,"autonomy":4.36694021101993},"metadata":{"satisfaction_count":2189,"comprehension_count":1893,"contact_count":665,"contactReachability_count":677,"contactSatisfaction_count":390,"autonomy_count":1706}}
