{"data":{"satisfaction":4.518072289156627,"comprehension":4.806818181818182,"contact":3.0844155844155843,"contact_reachability":0.5194805194805194,"contact_satisfaction":5.9375,"autonomy":4.595959595959596},"metadata":{"satisfaction_count":249,"comprehension_count":220,"contact_count":77,"contactReachability_count":77,"contactSatisfaction_count":40,"autonomy_count":198}}
