{"data":{"satisfaction":4.976114649681529,"comprehension":5.228102189781022,"contact":2.993197278911565,"contact_reachability":0.5827814569536424,"contact_satisfaction":5.238095238095238,"autonomy":5.020408163265306},"metadata":{"satisfaction_count":628,"comprehension_count":548,"contact_count":147,"contactReachability_count":151,"contactSatisfaction_count":84,"autonomy_count":490}}
