{"data":{"satisfaction":4.755605381165919,"comprehension":5.018115942028985,"contact":3.3048961424332344,"contact_reachability":0.5947521865889213,"contact_satisfaction":5.625,"autonomy":4.388984509466437},"metadata":{"satisfaction_count":2230,"comprehension_count":1932,"contact_count":674,"contactReachability_count":686,"contactSatisfaction_count":396,"autonomy_count":1743}}
