{"data":{"satisfaction":4.403946838501812,"comprehension":4.818941504178273,"contact":3.1138676844783717,"contact_reachability":0.5572139303482587,"contact_satisfaction":5.691860465116279,"autonomy":4.029692470837752},"metadata":{"satisfaction_count":2483,"comprehension_count":2154,"contact_count":786,"contactReachability_count":804,"contactSatisfaction_count":430,"autonomy_count":1886}}
