{"data":{"satisfaction":8.524767801857585,"comprehension":8.849937212222688,"contact":5.766666666666667,"contact_reachability":0.7471264367816092,"contact_satisfaction":8.160377358490566,"autonomy":8.5695067264574},"metadata":{"satisfaction_count":3230,"comprehension_count":2389,"contact_count":75,"contactReachability_count":87,"contactSatisfaction_count":53,"autonomy_count":2230}}
