{"data":{"satisfaction":8.371441903873075,"comprehension":8.769904458598726,"contact":5.4914529914529915,"contact_reachability":0.7426470588235294,"contact_satisfaction":7.835365853658536,"autonomy":8.359079986268451},"metadata":{"satisfaction_count":4286,"comprehension_count":3140,"contact_count":117,"contactReachability_count":136,"contactSatisfaction_count":82,"autonomy_count":2913}}
