{"data":{"satisfaction":7.82001414427157,"comprehension":8.29122001020929,"contact":5.606796116504855,"contact_reachability":0.7272727272727273,"contact_satisfaction":7.910958904109589,"autonomy":7.8307174887892375},"metadata":{"satisfaction_count":2828,"comprehension_count":1959,"contact_count":103,"contactReachability_count":110,"contactSatisfaction_count":73,"autonomy_count":1784}}
