{"data":{"satisfaction":8.244352088661552,"comprehension":8.603294940953491,"contact":4.647651006711409,"contact_reachability":0.6474164133738601,"contact_satisfaction":7.6098901098901095,"autonomy":8.03754266211604},"metadata":{"satisfaction_count":9384,"comprehension_count":6859,"contact_count":298,"contactReachability_count":329,"contactSatisfaction_count":182,"autonomy_count":6446}}
