{"data":{"satisfaction":7.834582441113491,"comprehension":8.327546296296296,"contact":4.8161764705882355,"contact_reachability":0.625,"contact_satisfaction":7.987804878048781,"autonomy":7.939698492462312},"metadata":{"satisfaction_count":1868,"comprehension_count":1296,"contact_count":68,"contactReachability_count":72,"contactSatisfaction_count":41,"autonomy_count":1194}}
