{"data":{"satisfaction":8.047164811870694,"comprehension":8.62184249628529,"contact":4.7265625,"contact_reachability":0.7236842105263158,"contact_satisfaction":7.034883720930233,"autonomy":7.931596091205212},"metadata":{"satisfaction_count":1887,"comprehension_count":1346,"contact_count":64,"contactReachability_count":76,"contactSatisfaction_count":43,"autonomy_count":1228}}
