{"data":{"satisfaction":8.124595469255663,"comprehension":8.555441945012497,"contact":5.408415841584159,"contact_reachability":0.7117117117117117,"contact_satisfaction":7.916666666666667,"autonomy":8.188050930460333},"metadata":{"satisfaction_count":6180,"comprehension_count":4401,"contact_count":202,"contactReachability_count":222,"contactSatisfaction_count":138,"autonomy_count":4084}}
