{"data":{"satisfaction":8.550573514077163,"comprehension":8.852747768905589,"contact":5.486111111111111,"contact_reachability":0.7341772151898734,"contact_satisfaction":7.745098039215686,"autonomy":8.60441767068273},"metadata":{"satisfaction_count":2877,"comprehension_count":2129,"contact_count":72,"contactReachability_count":79,"contactSatisfaction_count":51,"autonomy_count":1992}}
