{"data":{"satisfaction":8.310077519379846,"comprehension":8.794117647058824,"contact":5.212765957446808,"contact_reachability":0.68,"contact_satisfaction":7.903225806451613,"autonomy":8.31242873432155},"metadata":{"satisfaction_count":1290,"comprehension_count":935,"contact_count":47,"contactReachability_count":50,"contactSatisfaction_count":31,"autonomy_count":877}}
