{"data":{"satisfaction":8.115509298754478,"comprehension":8.530791436131826,"contact":5.551282051282051,"contact_reachability":0.7289719626168224,"contact_satisfaction":7.901459854014599,"autonomy":8.125486129115894},"metadata":{"satisfaction_count":5861,"comprehension_count":4157,"contact_count":195,"contactReachability_count":214,"contactSatisfaction_count":137,"autonomy_count":3857}}
