{"data":{"satisfaction":7.881091617933723,"comprehension":8.356741573033707,"contact":5.407608695652174,"contact_reachability":0.6804123711340206,"contact_satisfaction":8.155737704918034,"autonomy":8.004895960832313},"metadata":{"satisfaction_count":2565,"comprehension_count":1780,"contact_count":92,"contactReachability_count":97,"contactSatisfaction_count":61,"autonomy_count":1634}}
