{"data":{"satisfaction":8.370165745856353,"comprehension":8.768115942028986,"contact":5.504201680672269,"contact_reachability":0.7463768115942029,"contact_satisfaction":7.7976190476190474,"autonomy":8.35541963982331},"metadata":{"satisfaction_count":4344,"comprehension_count":3174,"contact_count":119,"contactReachability_count":138,"contactSatisfaction_count":84,"autonomy_count":2943}}
