{"data":{"satisfaction":8.234624145785878,"comprehension":7.768395657418576,"contact":5.754716981132075,"contact_reachability":0.75,"contact_satisfaction":7.689075630252101,"autonomy":5.7711442786069655},"metadata":{"satisfaction_count":878,"comprehension_count":829,"contact_count":159,"contactReachability_count":160,"contactSatisfaction_count":119,"autonomy_count":804}}
