{"data":{"satisfaction":8.547671840354766,"comprehension":8.037757437070939,"contact":5.833333333333333,"contact_reachability":0.7676767676767676,"contact_satisfaction":7.598684210526316,"autonomy":5.737704918032787},"metadata":{"satisfaction_count":451,"comprehension_count":437,"contact_count":99,"contactReachability_count":99,"contactSatisfaction_count":76,"autonomy_count":427}}
