{"data":{"satisfaction":8.495670995670995,"comprehension":8.010089686098654,"contact":6.095238095238095,"contact_reachability":0.780952380952381,"contact_satisfaction":7.804878048780488,"autonomy":5.74370709382151},"metadata":{"satisfaction_count":462,"comprehension_count":446,"contact_count":105,"contactReachability_count":105,"contactSatisfaction_count":82,"autonomy_count":437}}
