{"data":{"satisfaction":8.258029395753947,"comprehension":7.68216263480035,"contact":5.8120567375886525,"contact_reachability":0.7503506311360448,"contact_satisfaction":7.775142314990513,"autonomy":5.791044776119403},"metadata":{"satisfaction_count":3674,"comprehension_count":3431,"contact_count":705,"contactReachability_count":713,"contactSatisfaction_count":527,"autonomy_count":3350}}
