{"data":{"satisfaction":8.186119873817034,"comprehension":8.042763157894736,"contact":6.554054054054054,"contact_reachability":0.8243243243243243,"contact_satisfaction":7.950819672131147,"autonomy":6.073825503355705},"metadata":{"satisfaction_count":317,"comprehension_count":304,"contact_count":74,"contactReachability_count":74,"contactSatisfaction_count":61,"autonomy_count":298}}
