{"data":{"satisfaction":8.271570796460177,"comprehension":7.6911677534084175,"contact":5.79232995658466,"contact_reachability":0.748211731044349,"contact_satisfaction":7.771844660194175,"autonomy":5.789313904068003},"metadata":{"satisfaction_count":3616,"comprehension_count":3374,"contact_count":691,"contactReachability_count":699,"contactSatisfaction_count":515,"autonomy_count":3294}}
