{"data":{"satisfaction":8.331195210605088,"comprehension":7.720050297210791,"contact":5.777777777777778,"contact_reachability":0.7399309551208285,"contact_satisfaction":7.853736089030207,"autonomy":5.82167417595447},"metadata":{"satisfaction_count":4677,"comprehension_count":4374,"contact_count":855,"contactReachability_count":869,"contactSatisfaction_count":629,"autonomy_count":4217}}
