{"data":{"satisfaction":8.335809806835067,"comprehension":7.725777172679828,"contact":5.765661252900232,"contact_reachability":0.7385844748858448,"contact_satisfaction":7.851500789889416,"autonomy":5.820192986585079},"metadata":{"satisfaction_count":4711,"comprehension_count":4407,"contact_count":862,"contactReachability_count":876,"contactSatisfaction_count":633,"autonomy_count":4249}}
