{"data":{"satisfaction":8.337221633085896,"comprehension":7.7272727272727275,"contact":5.765661252900232,"contact_reachability":0.7385844748858448,"contact_satisfaction":7.851500789889416,"autonomy":5.8213866039952995},"metadata":{"satisfaction_count":4715,"comprehension_count":4411,"contact_count":862,"contactReachability_count":876,"contactSatisfaction_count":633,"autonomy_count":4255}}
