{"data":{"satisfaction":8.514588859416445,"comprehension":8.331005586592179,"contact":6.580459770114943,"contact_reachability":0.8045977011494253,"contact_satisfaction":8.178571428571429,"autonomy":6.045197740112994},"metadata":{"satisfaction_count":377,"comprehension_count":358,"contact_count":87,"contactReachability_count":87,"contactSatisfaction_count":70,"autonomy_count":354}}
