{"data":{"satisfaction":8.307493540051679,"comprehension":8.12330623306233,"contact":6.713483146067416,"contact_reachability":0.8202247191011236,"contact_satisfaction":8.184931506849315,"autonomy":6.077348066298343},"metadata":{"satisfaction_count":387,"comprehension_count":369,"contact_count":89,"contactReachability_count":89,"contactSatisfaction_count":73,"autonomy_count":362}}
