{"data":{"satisfaction":9.105263157894736,"comprehension":8.452022270325084,"contact":6.018782691393247,"contact_reachability":0.7791591973630949,"contact_satisfaction":7.786236063052672,"autonomy":7.435446371623151},"metadata":{"satisfaction_count":121220,"comprehension_count":102558,"contact_count":16824,"contactReachability_count":17293,"contactSatisfaction_count":13005,"autonomy_count":97206}}
