{"data":{"satisfaction":8.7513218188227,"comprehension":8.627259176448668,"contact":5.507596685082873,"contact_reachability":0.7425068119891008,"contact_satisfaction":7.453271028037383,"autonomy":8.04380664652568},"metadata":{"satisfaction_count":5674,"comprehension_count":5367,"contact_count":724,"contactReachability_count":734,"contactSatisfaction_count":535,"autonomy_count":5296}}
