{"data":{"satisfaction":8.79374915542171,"comprehension":8.203429245387987,"contact":5.730267018779343,"contact_reachability":0.7515038670867946,"contact_satisfaction":7.686971068687266,"autonomy":7.73054864192187},"metadata":{"satisfaction_count":51801,"comprehension_count":44937,"contact_count":6816,"contactReachability_count":6982,"contactSatisfaction_count":5081,"autonomy_count":46205}}
