{"data":{"satisfaction":9.125544574596125,"comprehension":8.458322865899612,"contact":6.0436255953107825,"contact_reachability":0.7818214200902398,"contact_satisfaction":7.792056994410769,"autonomy":7.442278637243845},"metadata":{"satisfaction_count":117982,"comprehension_count":99515,"contact_count":16378,"contactReachability_count":16844,"contactSatisfaction_count":12703,"autonomy_count":93986}}
