{"data":{"satisfaction":8.250950570342205,"comprehension":8.18055432959661,"contact":4.9423076923076925,"contact_reachability":0.677257525083612,"contact_satisfaction":7.375637755102041,"autonomy":8.144735665086323},"metadata":{"satisfaction_count":11835,"comprehension_count":11329,"contact_count":1170,"contactReachability_count":1196,"contactSatisfaction_count":784,"autonomy_count":11179}}
