{"data":{"satisfaction":9.105008783722484,"comprehension":8.451805349762147,"contact":6.0177096333273905,"contact_reachability":0.7790240518038853,"contact_satisfaction":7.786236063052672,"autonomy":7.43543858566536},"metadata":{"satisfaction_count":121247,"comprehension_count":102584,"contact_count":16827,"contactReachability_count":17296,"contactSatisfaction_count":13005,"autonomy_count":97233}}
