{"data":{"satisfaction":8.99368017420943,"comprehension":8.234157160963244,"contact":5.939784687073191,"contact_reachability":0.7695614789337919,"contact_satisfaction":7.783187703968839,"autonomy":7.4402974017752515},"metadata":{"satisfaction_count":84496,"comprehension_count":71010,"contact_count":12447,"contactReachability_count":12793,"contactSatisfaction_count":9499,"autonomy_count":74243}}
