{"data":{"satisfaction":8.338292309079433,"comprehension":8.233821445441663,"contact":4.948979591836735,"contact_reachability":0.6779808529155787,"contact_satisfaction":7.367899603698811,"autonomy":8.092705167173252},"metadata":{"satisfaction_count":11091,"comprehension_count":10585,"contact_count":1127,"contactReachability_count":1149,"contactSatisfaction_count":757,"autonomy_count":10528}}
