{"data":{"satisfaction":8.338008946849648,"comprehension":8.202782428446145,"contact":5.107116920842411,"contact_reachability":0.6930134086097389,"contact_satisfaction":7.465498938428874,"autonomy":8.376053962900507},"metadata":{"satisfaction_count":13189,"comprehension_count":12543,"contact_count":1377,"contactReachability_count":1417,"contactSatisfaction_count":942,"autonomy_count":11860}}
