{"data":{"satisfaction":8.4762839385018,"comprehension":8.262008885186727,"contact":5.448500282965478,"contact_reachability":0.7289719626168224,"contact_satisfaction":7.55690737833595,"autonomy":7.843385350766202},"metadata":{"satisfaction_count":15285,"comprehension_count":14406,"contact_count":1767,"contactReachability_count":1819,"contactSatisfaction_count":1274,"autonomy_count":14226}}
