{"data":{"satisfaction":9.11343231324558,"comprehension":8.45407101210501,"contact":6.026453278885419,"contact_reachability":0.77968576601834,"contact_satisfaction":7.791343167701863,"autonomy":7.4362367159824965},"metadata":{"satisfaction_count":119957,"comprehension_count":101363,"contact_count":16652,"contactReachability_count":17121,"contactSatisfaction_count":12880,"autonomy_count":95980}}
