{"data":{"satisfaction":9.1318573080382,"comprehension":8.458313843525655,"contact":6.04915514592934,"contact_reachability":0.7826294725524162,"contact_satisfaction":7.791231402342514,"autonomy":7.436110332334103},"metadata":{"satisfaction_count":116755,"comprehension_count":98342,"contact_count":16275,"contactReachability_count":16741,"contactSatisfaction_count":12636,"autonomy_count":92738}}
