{"data":{"satisfaction":9.130453327873607,"comprehension":8.459356177557321,"contact":6.048743102391171,"contact_reachability":0.7824868860276586,"contact_satisfaction":7.79203854355896,"autonomy":7.435894686042147},"metadata":{"satisfaction_count":117222,"comprehension_count":98785,"contact_count":16310,"contactReachability_count":16776,"contactSatisfaction_count":12661,"autonomy_count":93245}}
