{"data":{"satisfaction":8.724562114002227,"comprehension":8.372029049295774,"contact":5.676614114114114,"contact_reachability":0.7544313146233382,"contact_satisfaction":7.565032516258129,"autonomy":7.632022471910112},"metadata":{"satisfaction_count":19754,"comprehension_count":18176,"contact_count":2664,"contactReachability_count":2708,"contactSatisfaction_count":1999,"autonomy_count":17800}}
