{"data":{"satisfaction":8.52628285356696,"comprehension":8.281905332534452,"contact":5.527005768222339,"contact_reachability":0.7357142857142858,"contact_satisfaction":7.588192944564435,"autonomy":8.005674347796},"metadata":{"satisfaction_count":15980,"comprehension_count":15021,"contact_count":1907,"contactReachability_count":1960,"contactSatisfaction_count":1389,"autonomy_count":14451}}
