{"data":{"satisfaction":8.315768777034998,"comprehension":8.19831710938789,"contact":5.009637625289129,"contact_reachability":0.681203007518797,"contact_satisfaction":7.442726231386025,"autonomy":7.95361079124856},"metadata":{"satisfaction_count":12715,"comprehension_count":12122,"contact_count":1297,"contactReachability_count":1330,"contactSatisfaction_count":873,"autonomy_count":12158}}
