{"data":{"satisfaction":8.272665128599504,"comprehension":8.188013943510905,"contact":4.953742640874685,"contact_reachability":0.6790123456790124,"contact_satisfaction":7.37171464330413,"autonomy":8.111945022153902},"metadata":{"satisfaction_count":11703,"comprehension_count":11188,"contact_count":1189,"contactReachability_count":1215,"contactSatisfaction_count":799,"autonomy_count":11059}}
