{"data":{"satisfaction":8.506750807161726,"comprehension":8.422969621822691,"contact":5.472727272727273,"contact_reachability":0.718562874251497,"contact_satisfaction":7.6525423728813555,"autonomy":7.905426356589147},"metadata":{"satisfaction_count":6814,"comprehension_count":6452,"contact_count":825,"contactReachability_count":835,"contactSatisfaction_count":590,"autonomy_count":6450}}
