{"data":{"satisfaction":9.136719525564773,"comprehension":8.459350636027903,"contact":5.9835439946266105,"contact_reachability":0.7826478534974483,"contact_satisfaction":7.681468997413185,"autonomy":7.434138160115878},"metadata":{"satisfaction_count":115843,"comprehension_count":97480,"contact_count":16377,"contactReachability_count":16655,"contactSatisfaction_count":12757,"autonomy_count":91821}}
