{"data":{"satisfaction":8.497910639665703,"comprehension":8.272621651175506,"contact":5.486111111111111,"contact_reachability":0.7332613390928726,"contact_satisfaction":7.561255742725881,"autonomy":7.7722092544281205},"metadata":{"satisfaction_count":15555,"comprehension_count":14632,"contact_count":1800,"contactReachability_count":1852,"contactSatisfaction_count":1306,"autonomy_count":14566}}
