{"data":{"satisfaction":8.306153032440056,"comprehension":8.205844335703075,"contact":4.965635738831615,"contact_reachability":0.6818181818181818,"contact_satisfaction":7.353689567430026,"autonomy":8.071528100325128},"metadata":{"satisfaction_count":11344,"comprehension_count":10831,"contact_count":1164,"contactReachability_count":1188,"contactSatisfaction_count":786,"autonomy_count":10765}}
