{"data":{"satisfaction":8.365844815083394,"comprehension":8.212100351843354,"contact":5.206528980679547,"contact_reachability":0.7036316472114138,"contact_satisfaction":7.485632183908046,"autonomy":8.092312539382483},"metadata":{"satisfaction_count":13790,"comprehension_count":13074,"contact_count":1501,"contactReachability_count":1542,"contactSatisfaction_count":1044,"autonomy_count":12696}}
