{"data":{"satisfaction":8.66814350551113,"comprehension":8.34610472541507,"contact":5.712761416986769,"contact_reachability":0.7525901367592209,"contact_satisfaction":7.666093928980527,"autonomy":7.6577634282359845},"metadata":{"satisfaction_count":18508,"comprehension_count":17226,"contact_count":2343,"contactReachability_count":2413,"contactSatisfaction_count":1746,"autonomy_count":17035}}
