{"data":{"satisfaction":8.996345384861824,"comprehension":8.234629454386237,"contact":5.947525390939868,"contact_reachability":0.7704493765194886,"contact_satisfaction":7.784048950311214,"autonomy":7.442180914298065},"metadata":{"satisfaction_count":84277,"comprehension_count":70801,"contact_count":12406,"contactReachability_count":12751,"contactSatisfaction_count":9479,"autonomy_count":74024}}
