{"data":{"satisfaction":8.640365448504983,"comprehension":8.338324240986717,"contact":5.670137350465219,"contact_reachability":0.7472006890611542,"contact_satisfaction":7.663173652694611,"autonomy":7.725414763164222},"metadata":{"satisfaction_count":18060,"comprehension_count":16864,"contact_count":2257,"contactReachability_count":2322,"contactSatisfaction_count":1670,"autonomy_count":16636}}
