{"data":{"satisfaction":9.124210829200589,"comprehension":8.457977207977208,"contact":6.041044093431725,"contact_reachability":0.7815335349581924,"contact_satisfaction":7.791630614331786,"autonomy":7.444261511498221},"metadata":{"satisfaction_count":118162,"comprehension_count":99684,"contact_count":16397,"contactReachability_count":16863,"contactSatisfaction_count":12713,"autonomy_count":94145}}
