{"data":{"satisfaction":8.48122372045817,"comprehension":8.396305947271612,"contact":5.55,"contact_reachability":0.729918509895227,"contact_satisfaction":7.633495145631068,"autonomy":7.891418025223008},"metadata":{"satisfaction_count":6897,"comprehension_count":6524,"contact_count":850,"contactReachability_count":859,"contactSatisfaction_count":618,"autonomy_count":6502}}
