{"data":{"satisfaction":8.340106565519733,"comprehension":8.240600435647314,"contact":5.015459363957597,"contact_reachability":0.6816999132697311,"contact_satisfaction":7.421568627450981,"autonomy":8.079009995240362},"metadata":{"satisfaction_count":11073,"comprehension_count":10559,"contact_count":1132,"contactReachability_count":1153,"contactSatisfaction_count":765,"autonomy_count":10505}}
