{"data":{"satisfaction":8.325718268411679,"comprehension":8.201593884687322,"contact":5.058226897069872,"contact_reachability":0.6869056327724945,"contact_satisfaction":7.455703211517165,"autonomy":8.087129040257915},"metadata":{"satisfaction_count":12913,"comprehension_count":12297,"contact_count":1331,"contactReachability_count":1367,"contactSatisfaction_count":903,"autonomy_count":12097}}
