{"data":{"satisfaction":8.422305764411028,"comprehension":8.359644468028655,"contact":5.567978533094812,"contact_reachability":0.7130281690140845,"contact_satisfaction":7.859848484848484,"autonomy":7.767379679144385},"metadata":{"satisfaction_count":3990,"comprehension_count":3769,"contact_count":559,"contactReachability_count":568,"contactSatisfaction_count":396,"autonomy_count":3740}}
