{"data":{"satisfaction":8.312274368231048,"comprehension":8.348519362186789,"contact":4.761904761904762,"contact_reachability":0.6666666666666666,"contact_satisfaction":7.142857142857143,"autonomy":7.775061124694377},"metadata":{"satisfaction_count":554,"comprehension_count":439,"contact_count":42,"contactReachability_count":42,"contactSatisfaction_count":28,"autonomy_count":409}}
