{"data":{"satisfaction":8.503727369542066,"comprehension":8.402366863905325,"contact":5.291411042944786,"contact_reachability":0.7100591715976331,"contact_satisfaction":7.565789473684211,"autonomy":7.778581765557163},"metadata":{"satisfaction_count":1878,"comprehension_count":1521,"contact_count":163,"contactReachability_count":169,"contactSatisfaction_count":114,"autonomy_count":1382}}
