{"data":{"satisfaction":8.501967397414278,"comprehension":8.414720452937013,"contact":4.7027972027972025,"contact_reachability":0.6530612244897959,"contact_satisfaction":7.309782608695652,"autonomy":7.826747720364741},"metadata":{"satisfaction_count":1779,"comprehension_count":1413,"contact_count":143,"contactReachability_count":147,"contactSatisfaction_count":92,"autonomy_count":1316}}
