{"data":{"satisfaction":8.217922606924644,"comprehension":8.123393316195372,"contact":5,"contact_reachability":0.7045454545454546,"contact_satisfaction":7.096774193548387,"autonomy":7.671232876712328},"metadata":{"satisfaction_count":491,"comprehension_count":389,"contact_count":44,"contactReachability_count":44,"contactSatisfaction_count":31,"autonomy_count":365}}
