{"data":{"satisfaction":8.50924918389554,"comprehension":8.407718120805368,"contact":5.377358490566038,"contact_reachability":0.7151515151515152,"contact_satisfaction":7.633928571428571,"autonomy":7.792592592592593},"metadata":{"satisfaction_count":1838,"comprehension_count":1490,"contact_count":159,"contactReachability_count":165,"contactSatisfaction_count":112,"autonomy_count":1350}}
