{"data":{"satisfaction":8.512987012987013,"comprehension":8.43230403800475,"contact":5.416666666666667,"contact_reachability":0.7278911564625851,"contact_satisfaction":7.5,"autonomy":7.749562171628722},"metadata":{"satisfaction_count":1540,"comprehension_count":1263,"contact_count":144,"contactReachability_count":147,"contactSatisfaction_count":104,"autonomy_count":1142}}
