{"data":{"satisfaction":8.543123543123544,"comprehension":8.4375,"contact":4.032258064516129,"contact_reachability":0.5757575757575758,"contact_satisfaction":7.352941176470588,"autonomy":7.850467289719626},"metadata":{"satisfaction_count":429,"comprehension_count":336,"contact_count":31,"contactReachability_count":33,"contactSatisfaction_count":17,"autonomy_count":321}}
