{"data":{"satisfaction":8.478260869565217,"comprehension":8.358516483516484,"contact":4.112903225806452,"contact_reachability":0.6129032258064516,"contact_satisfaction":6.7105263157894735,"autonomy":7.923976608187134},"metadata":{"satisfaction_count":483,"comprehension_count":364,"contact_count":31,"contactReachability_count":31,"contactSatisfaction_count":19,"autonomy_count":342}}
