{"data":{"satisfaction":8.516839378238341,"comprehension":8.437253354380426,"contact":5.416666666666667,"contact_reachability":0.7278911564625851,"contact_satisfaction":7.5,"autonomy":7.755458515283843},"metadata":{"satisfaction_count":1544,"comprehension_count":1267,"contact_count":144,"contactReachability_count":147,"contactSatisfaction_count":104,"autonomy_count":1145}}
