{"data":{"satisfaction":8.546511627906977,"comprehension":8.458702064896755,"contact":4.032258064516129,"contact_reachability":0.5757575757575758,"contact_satisfaction":7.352941176470588,"autonomy":7.888198757763975},"metadata":{"satisfaction_count":430,"comprehension_count":339,"contact_count":31,"contactReachability_count":33,"contactSatisfaction_count":17,"autonomy_count":322}}
