{"data":{"satisfaction":8.457618025751072,"comprehension":8.369858395144977,"contact":4.803921568627451,"contact_reachability":0.6624203821656051,"contact_satisfaction":7.35,"autonomy":7.789090909090909},"metadata":{"satisfaction_count":1864,"comprehension_count":1483,"contact_count":153,"contactReachability_count":157,"contactSatisfaction_count":100,"autonomy_count":1375}}
