{"data":{"satisfaction":8.506702412868632,"comprehension":8.404431216931217,"contact":5.324074074074074,"contact_reachability":0.7083333333333334,"contact_satisfaction":7.632743362831858,"autonomy":7.769679300291545},"metadata":{"satisfaction_count":1865,"comprehension_count":1512,"contact_count":162,"contactReachability_count":168,"contactSatisfaction_count":113,"autonomy_count":1372}}
