{"data":{"satisfaction":8.468277945619336,"comprehension":8.36220169361047,"contact":4.525862068965517,"contact_reachability":0.6470588235294118,"contact_satisfaction":7.094594594594595,"autonomy":7.890433360588716},"metadata":{"satisfaction_count":1655,"comprehension_count":1299,"contact_count":116,"contactReachability_count":119,"contactSatisfaction_count":74,"autonomy_count":1223}}
