{"data":{"satisfaction":9.37648738695859,"comprehension":9.134222706234686,"contact":6.086601307189542,"contact_reachability":0.7746031746031746,"contact_satisfaction":7.925531914893617,"autonomy":7.749087847319674},"metadata":{"satisfaction_count":4202,"comprehension_count":3673,"contact_count":306,"contactReachability_count":315,"contactSatisfaction_count":235,"autonomy_count":3563}}
