{"data":{"satisfaction":9.609604704344985,"comprehension":9.319188191881919,"contact":5.833333333333333,"contact_reachability":0.7526315789473684,"contact_satisfaction":7.894736842105263,"autonomy":8.387345679012345},"metadata":{"satisfaction_count":3061,"comprehension_count":2710,"contact_count":180,"contactReachability_count":190,"contactSatisfaction_count":133,"autonomy_count":2592}}
