{"data":{"satisfaction":9.57447723948025,"comprehension":9.27163604030824,"contact":6.067503924646782,"contact_reachability":0.75,"contact_satisfaction":8.188559322033898,"autonomy":8.337654256973972},"metadata":{"satisfaction_count":11621,"comprehension_count":10122,"contact_count":637,"contactReachability_count":660,"contactSatisfaction_count":472,"autonomy_count":9643}}
