{"data":{"satisfaction":9.584044560237176,"comprehension":9.276981015270326,"contact":6.094009983361065,"contact_reachability":0.7528089887640449,"contact_satisfaction":8.193512304250559,"autonomy":8.343067272333982},"metadata":{"satisfaction_count":11131,"comprehension_count":9692,"contact_count":601,"contactReachability_count":623,"contactSatisfaction_count":447,"autonomy_count":9246}}
