{"data":{"satisfaction":9.588406323823369,"comprehension":9.282992273961161,"contact":6.10738255033557,"contact_reachability":0.7540453074433657,"contact_satisfaction":8.198198198198199,"autonomy":8.351203501094092},"metadata":{"satisfaction_count":11006,"comprehension_count":9578,"contact_count":596,"contactReachability_count":618,"contactSatisfaction_count":444,"autonomy_count":9140}}
