{"data":{"satisfaction":9.322008862629247,"comprehension":9.03647568287808,"contact":5.895196506550218,"contact_reachability":0.7339055793991416,"contact_satisfaction":8.083832335329342,"autonomy":7.841977027497389},"metadata":{"satisfaction_count":3385,"comprehension_count":3002,"contact_count":229,"contactReachability_count":233,"contactSatisfaction_count":167,"autonomy_count":2873}}
