{"data":{"satisfaction":9.32991047919958,"comprehension":9.050509592326138,"contact":5.866533864541832,"contact_reachability":0.7276264591439688,"contact_satisfaction":8.1353591160221,"autonomy":7.961922596754057},"metadata":{"satisfaction_count":3798,"comprehension_count":3336,"contact_count":251,"contactReachability_count":257,"contactSatisfaction_count":181,"autonomy_count":3204}}
