{"data":{"satisfaction":9.382009067048438,"comprehension":9.142036124794746,"contact":5.977564102564102,"contact_reachability":0.7708978328173375,"contact_satisfaction":7.836134453781512,"autonomy":7.725601131541725},"metadata":{"satisfaction_count":4191,"comprehension_count":3654,"contact_count":312,"contactReachability_count":323,"contactSatisfaction_count":238,"autonomy_count":3535}}
