{"data":{"satisfaction":9.637516254876463,"comprehension":9.375,"contact":5.893854748603352,"contact_reachability":0.7473684210526316,"contact_satisfaction":8.053435114503817,"autonomy":8.430851063829786},"metadata":{"satisfaction_count":3076,"comprehension_count":2724,"contact_count":179,"contactReachability_count":190,"contactSatisfaction_count":131,"autonomy_count":2632}}
