{"data":{"satisfaction":9.31628260319068,"comprehension":9.041989108627114,"contact":5.970149253731344,"contact_reachability":0.7408759124087592,"contact_satisfaction":8.121827411167512,"autonomy":7.8807749627421755},"metadata":{"satisfaction_count":3949,"comprehension_count":3489,"contact_count":268,"contactReachability_count":274,"contactSatisfaction_count":197,"autonomy_count":3355}}
