{"data":{"satisfaction":9.592568748275545,"comprehension":9.287979701871233,"contact":6.101190476190476,"contact_reachability":0.7524590163934426,"contact_satisfaction":8.209382151029748,"autonomy":8.365512649800266},"metadata":{"satisfaction_count":10873,"comprehension_count":9459,"contact_count":588,"contactReachability_count":610,"contactSatisfaction_count":437,"autonomy_count":9012}}
