{"data":{"satisfaction":9.573429541595925,"comprehension":9.272651906758997,"contact":6.075310559006211,"contact_reachability":0.7496251874062968,"contact_satisfaction":8.20230607966457,"autonomy":8.336572890025575},"metadata":{"satisfaction_count":11780,"comprehension_count":10253,"contact_count":644,"contactReachability_count":667,"contactSatisfaction_count":477,"autonomy_count":9775}}
