{"data":{"satisfaction":9.578748129236729,"comprehension":9.275497826746184,"contact":6.097063621533442,"contact_reachability":0.7547169811320755,"contact_satisfaction":8.178336980306346,"autonomy":8.34819532908705},"metadata":{"satisfaction_count":11359,"comprehension_count":9893,"contact_count":613,"contactReachability_count":636,"contactSatisfaction_count":457,"autonomy_count":9420}}
