{"data":{"satisfaction":9.456490210297316,"comprehension":9.191822856195056,"contact":5.942760942760943,"contact_reachability":0.7510822510822511,"contact_satisfaction":8.010590015128592,"autonomy":7.9945545818089},"metadata":{"satisfaction_count":13790,"comprehension_count":12058,"contact_count":891,"contactReachability_count":924,"contactSatisfaction_count":661,"autonomy_count":11753}}
