{"data":{"satisfaction":9.568647197045989,"comprehension":9.271706016755521,"contact":5.615183246073299,"contact_reachability":0.736318407960199,"contact_satisfaction":7.771739130434782,"autonomy":8.236464968152866},"metadata":{"satisfaction_count":2979,"comprehension_count":2626,"contact_count":191,"contactReachability_count":201,"contactSatisfaction_count":138,"autonomy_count":2512}}
