{"data":{"satisfaction":9.338624338624339,"comprehension":9.084889880122665,"contact":5.635451505016722,"contact_reachability":0.740506329113924,"contact_satisfaction":7.764976958525345,"autonomy":7.874382087816226},"metadata":{"satisfaction_count":4158,"comprehension_count":3587,"contact_count":299,"contactReachability_count":316,"contactSatisfaction_count":217,"autonomy_count":3439}}
