{"data":{"satisfaction":9.385561255280628,"comprehension":9.120110525861325,"contact":5.780911062906725,"contact_reachability":0.7450365726227796,"contact_satisfaction":7.8613569321533925,"autonomy":7.948094079480941},"metadata":{"satisfaction_count":13256,"comprehension_count":11581,"contact_count":922,"contactReachability_count":957,"contactSatisfaction_count":678,"autonomy_count":11097}}
