{"data":{"satisfaction":9.635535307517085,"comprehension":9.355195283714075,"contact":5.887978142076503,"contact_reachability":0.7577319587628866,"contact_satisfaction":7.922794117647059,"autonomy":8.403683806600153},"metadata":{"satisfaction_count":3073,"comprehension_count":2714,"contact_count":183,"contactReachability_count":194,"contactSatisfaction_count":136,"autonomy_count":2606}}
