{"data":{"satisfaction":9.55670792907327,"comprehension":9.27130898021309,"contact":5.569948186528498,"contact_reachability":0.7236180904522613,"contact_satisfaction":7.7898550724637685,"autonomy":8.22875297855441},"metadata":{"satisfaction_count":2989,"comprehension_count":2628,"contact_count":193,"contactReachability_count":199,"contactSatisfaction_count":138,"autonomy_count":2518}}
