{"data":{"satisfaction":9.58786372579476,"comprehension":9.286437246963562,"contact":6.074181117533719,"contact_reachability":0.7603773584905661,"contact_satisfaction":8.042091836734693,"autonomy":8.371772374028579},"metadata":{"satisfaction_count":9657,"comprehension_count":8398,"contact_count":519,"contactReachability_count":530,"contactSatisfaction_count":392,"autonomy_count":7978}}
