{"data":{"satisfaction":9.614303560274829,"comprehension":9.383646683221,"contact":5.994318181818182,"contact_reachability":0.7580645161290323,"contact_satisfaction":8.053435114503817,"autonomy":8.453038674033149},"metadata":{"satisfaction_count":3202,"comprehension_count":2819,"contact_count":176,"contactReachability_count":186,"contactSatisfaction_count":131,"autonomy_count":2715}}
