{"data":{"satisfaction":9.489070418273958,"comprehension":9.19775310141407,"contact":6.037974683544304,"contact_reachability":0.7444717444717445,"contact_satisfaction":8.195876288659793,"autonomy":8.138663335415366},"metadata":{"satisfaction_count":13221,"comprehension_count":11527,"contact_count":790,"contactReachability_count":814,"contactSatisfaction_count":582,"autonomy_count":11207}}
