{"data":{"satisfaction":9.575900370245709,"comprehension":9.276190476190477,"contact":5.5675675675675675,"contact_reachability":0.7384615384615385,"contact_satisfaction":7.686567164179104,"autonomy":8.277511961722489},"metadata":{"satisfaction_count":2971,"comprehension_count":2625,"contact_count":185,"contactReachability_count":195,"contactSatisfaction_count":134,"autonomy_count":2508}}
