{"data":{"satisfaction":9.341831425598334,"comprehension":9.05611489487711,"contact":6.004016064257028,"contact_reachability":0.7411764705882353,"contact_satisfaction":8.169398907103826,"autonomy":7.96056685150955},"metadata":{"satisfaction_count":3844,"comprehension_count":3377,"contact_count":249,"contactReachability_count":255,"contactSatisfaction_count":183,"autonomy_count":3246}}
