{"data":{"satisfaction":9.643093192333113,"comprehension":9.377566256065696,"contact":5.777777777777778,"contact_reachability":0.743455497382199,"contact_satisfaction":7.938931297709924,"autonomy":8.418406805877803},"metadata":{"satisfaction_count":3026,"comprehension_count":2679,"contact_count":180,"contactReachability_count":191,"contactSatisfaction_count":131,"autonomy_count":2586}}
