{"data":{"satisfaction":9.571452745579153,"comprehension":9.272281076878219,"contact":6.065891472868217,"contact_reachability":0.7485029940119761,"contact_satisfaction":8.20230607966457,"autonomy":8.342344180352953},"metadata":{"satisfaction_count":11819,"comprehension_count":10289,"contact_count":645,"contactReachability_count":668,"contactSatisfaction_count":477,"autonomy_count":9803}}
