{"data":{"satisfaction":9.575487994472274,"comprehension":9.271514971247273,"contact":6.056170886075949,"contact_reachability":0.749618320610687,"contact_satisfaction":8.178418803418804,"autonomy":8.341138515974608},"metadata":{"satisfaction_count":11578,"comprehension_count":10086,"contact_count":632,"contactReachability_count":655,"contactSatisfaction_count":468,"autonomy_count":9609}}
