{"data":{"satisfaction":9.34916864608076,"comprehension":9.094153170463903,"contact":5.742811501597444,"contact_reachability":0.7522658610271903,"contact_satisfaction":7.7813852813852815,"autonomy":7.823479005998286},"metadata":{"satisfaction_count":4210,"comprehension_count":3643,"contact_count":313,"contactReachability_count":331,"contactSatisfaction_count":231,"autonomy_count":3501}}
