{"data":{"satisfaction":9.588156262918561,"comprehension":9.286605657237937,"contact":6.074181117533719,"contact_reachability":0.7603773584905661,"contact_satisfaction":8.042091836734693,"autonomy":8.368546068258532},"metadata":{"satisfaction_count":9676,"comprehension_count":8414,"contact_count":519,"contactReachability_count":530,"contactSatisfaction_count":392,"autonomy_count":7999}}
