{"data":{"satisfaction":9.610673665791776,"comprehension":9.38909151193634,"contact":5.982587064676617,"contact_reachability":0.7766990291262136,"contact_satisfaction":7.758064516129032,"autonomy":8.42812823164426},"metadata":{"satisfaction_count":3429,"comprehension_count":3016,"contact_count":201,"contactReachability_count":206,"contactSatisfaction_count":155,"autonomy_count":2901}}
