{"data":{"satisfaction":9.592766692248658,"comprehension":9.28807582102711,"contact":6.092920353982301,"contact_reachability":0.7495741056218058,"contact_satisfaction":8.235645933014354,"autonomy":8.376969416126043},"metadata":{"satisfaction_count":10424,"comprehension_count":9074,"contact_count":565,"contactReachability_count":587,"contactSatisfaction_count":418,"autonomy_count":8632}}
