{"data":{"satisfaction":9.645974781765277,"comprehension":9.370424597364568,"contact":5.920329670329671,"contact_reachability":0.7564766839378239,"contact_satisfaction":7.981481481481482,"autonomy":8.402434385697983},"metadata":{"satisfaction_count":3093,"comprehension_count":2732,"contact_count":182,"contactReachability_count":193,"contactSatisfaction_count":135,"autonomy_count":2629}}
