{"data":{"satisfaction":9.381406436233611,"comprehension":9.137789904502046,"contact":6.001602564102564,"contact_reachability":0.7739938080495357,"contact_satisfaction":7.834728033472803,"autonomy":7.720236419926822},"metadata":{"satisfaction_count":4195,"comprehension_count":3665,"contact_count":312,"contactReachability_count":323,"contactSatisfaction_count":239,"autonomy_count":3553}}
