{"data":{"satisfaction":9.606573705179283,"comprehension":9.301844185171246,"contact":5.782967032967033,"contact_reachability":0.7552083333333334,"contact_satisfaction":7.796296296296297,"autonomy":8.308359621451103},"metadata":{"satisfaction_count":3012,"comprehension_count":2657,"contact_count":182,"contactReachability_count":192,"contactSatisfaction_count":135,"autonomy_count":2536}}
