{"data":{"satisfaction":9.456585294547581,"comprehension":9.190273251441464,"contact":5.9452595936794586,"contact_reachability":0.7519042437431991,"contact_satisfaction":8.00531914893617,"autonomy":7.932414027919646},"metadata":{"satisfaction_count":13682,"comprehension_count":11967,"contact_count":886,"contactReachability_count":919,"contactSatisfaction_count":658,"autonomy_count":11748}}
