{"data":{"satisfaction":9.489663589900069,"comprehension":9.19877408056042,"contact":6.023748395378691,"contact_reachability":0.7434620174346201,"contact_satisfaction":8.18935427574171,"autonomy":8.145146767513056},"metadata":{"satisfaction_count":13109,"comprehension_count":11420,"contact_count":779,"contactReachability_count":803,"contactSatisfaction_count":573,"autonomy_count":11106}}
