{"data":{"satisfaction":9.591817406951415,"comprehension":9.288589143913848,"contact":6.098418277680141,"contact_reachability":0.751269035532995,"contact_satisfaction":8.222748815165877,"autonomy":8.37806967447173},"metadata":{"satisfaction_count":10559,"comprehension_count":9193,"contact_count":569,"contactReachability_count":591,"contactSatisfaction_count":422,"autonomy_count":8755}}
