{"data":{"satisfaction":9.63904176108773,"comprehension":9.36995597945708,"contact":5.920329670329671,"contact_reachability":0.7564766839378239,"contact_satisfaction":7.981481481481482,"autonomy":8.408831366577845},"metadata":{"satisfaction_count":3089,"comprehension_count":2726,"contact_count":182,"contactReachability_count":193,"contactSatisfaction_count":135,"autonomy_count":2627}}
