{"data":{"satisfaction":9.616138516824567,"comprehension":9.32749077490775,"contact":5.842391304347826,"contact_reachability":0.7525773195876289,"contact_satisfaction":7.904411764705882,"autonomy":8.368684920940995},"metadata":{"satisfaction_count":3061,"comprehension_count":2710,"contact_count":184,"contactReachability_count":194,"contactSatisfaction_count":136,"autonomy_count":2593}}
