{"data":{"satisfaction":9.380445304937076,"comprehension":9.118505140316755,"contact":5.8359375,"contact_reachability":0.7657657657657657,"contact_satisfaction":7.716942148760331,"autonomy":7.731601731601732},"metadata":{"satisfaction_count":4132,"comprehension_count":3599,"contact_count":320,"contactReachability_count":333,"contactSatisfaction_count":242,"autonomy_count":3465}}
