{"data":{"satisfaction":9.384661117717004,"comprehension":9.119649391541145,"contact":5.77502691065662,"contact_reachability":0.7437759336099585,"contact_satisfaction":7.866568914956011,"autonomy":7.951700257480245},"metadata":{"satisfaction_count":13456,"comprehension_count":11751,"contact_count":929,"contactReachability_count":964,"contactSatisfaction_count":682,"autonomy_count":11263}}
