{"data":{"satisfaction":9.335064935064935,"comprehension":9.055112293144209,"contact":5.914396887159533,"contact_reachability":0.7300380228136882,"contact_satisfaction":8.172043010752688,"autonomy":7.972931405721316},"metadata":{"satisfaction_count":3850,"comprehension_count":3384,"contact_count":257,"contactReachability_count":263,"contactSatisfaction_count":186,"autonomy_count":3251}}
