{"data":{"satisfaction":9.5717631314821,"comprehension":9.271780303030303,"contact":5.582010582010582,"contact_reachability":0.7386934673366834,"contact_satisfaction":7.700729927007299,"autonomy":8.257425742574258},"metadata":{"satisfaction_count":2989,"comprehension_count":2640,"contact_count":189,"contactReachability_count":199,"contactSatisfaction_count":137,"autonomy_count":2525}}
