{"data":{"satisfaction":9.608644859813085,"comprehension":9.387653501493528,"contact":5.982587064676617,"contact_reachability":0.7766990291262136,"contact_satisfaction":7.758064516129032,"autonomy":8.421961325966851},"metadata":{"satisfaction_count":3424,"comprehension_count":3013,"contact_count":201,"contactReachability_count":206,"contactSatisfaction_count":155,"autonomy_count":2896}}
