{"data":{"satisfaction":9.635165541626487,"comprehension":9.372730573710966,"contact":5.842541436464089,"contact_reachability":0.7409326424870466,"contact_satisfaction":8.072519083969466,"autonomy":8.426204819277109},"metadata":{"satisfaction_count":3111,"comprehension_count":2754,"contact_count":181,"contactReachability_count":193,"contactSatisfaction_count":131,"autonomy_count":2656}}
