{"data":{"satisfaction":9.49900279218189,"comprehension":9.203253895508707,"contact":6.020408163265306,"contact_reachability":0.7427440633245382,"contact_satisfaction":8.194444444444445,"autonomy":8.186797620171877},"metadata":{"satisfaction_count":12535,"comprehension_count":10910,"contact_count":735,"contactReachability_count":758,"contactSatisfaction_count":540,"autonomy_count":10589}}
