{"data":{"satisfaction":9.45460299599128,"comprehension":9.185896920479216,"contact":5.919354838709677,"contact_reachability":0.7505175983436853,"contact_satisfaction":7.989840348330914,"autonomy":7.913904574842459},"metadata":{"satisfaction_count":14219,"comprehension_count":12437,"contact_count":930,"contactReachability_count":966,"contactSatisfaction_count":689,"autonomy_count":12219}}
