{"data":{"satisfaction":9.45516834892802,"comprehension":9.189621767332154,"contact":5.9617579908675795,"contact_reachability":0.7508269018743109,"contact_satisfaction":8.034615384615385,"autonomy":8.06783503356875},"metadata":{"satisfaction_count":13573,"comprehension_count":11871,"contact_count":876,"contactReachability_count":907,"contactSatisfaction_count":650,"autonomy_count":11469}}
