{"data":{"satisfaction":8.57556456282571,"comprehension":7.3593287265547875,"contact":4.554263565891473,"contact_reachability":0.7516778523489933,"contact_satisfaction":6.385869565217392,"autonomy":4.385093167701863},"metadata":{"satisfaction_count":1727,"comprehension_count":1013,"contact_count":258,"contactReachability_count":298,"contactSatisfaction_count":184,"autonomy_count":805}}
