{"data":{"satisfaction":8.065934065934066,"comprehension":6.785714285714286,"contact":5,"contact_reachability":0.7317073170731707,"contact_satisfaction":7.142857142857143,"autonomy":4.837962962962963},"metadata":{"satisfaction_count":910,"comprehension_count":567,"contact_count":110,"contactReachability_count":123,"contactSatisfaction_count":77,"autonomy_count":432}}
