{"data":{"satisfaction":8.395322085889571,"comprehension":7.15698787492023,"contact":4.692622950819672,"contact_reachability":0.747016706443914,"contact_satisfaction":6.605769230769231,"autonomy":4.526916802610114},"metadata":{"satisfaction_count":2608,"comprehension_count":1567,"contact_count":366,"contactReachability_count":419,"contactSatisfaction_count":260,"autonomy_count":1226}}
