{"data":{"satisfaction":7.9100206988920005,"comprehension":7.649611219105804,"contact":4.951050195799217,"contact_reachability":0.7051639916259596,"contact_satisfaction":7.081211812627291,"autonomy":5.20862700873978},"metadata":{"satisfaction_count":8213,"comprehension_count":7202,"contact_count":2809,"contactReachability_count":2866,"contactSatisfaction_count":1964,"autonomy_count":7094}}
