{"data":{"satisfaction":7.809891615796686,"comprehension":7.516728359908884,"contact":4.736519607843137,"contact_reachability":0.6786136274123671,"contact_satisfaction":7.104779411764706,"autonomy":5.250291036088475},"metadata":{"satisfaction_count":8027,"comprehension_count":7024,"contact_count":2448,"contactReachability_count":2539,"contactSatisfaction_count":1632,"autonomy_count":6872}}
