{"data":{"satisfaction":7.927327085609153,"comprehension":7.611871996862027,"contact":4.9243125636515135,"contact_reachability":0.691205622634709,"contact_satisfaction":7.212842419311093,"autonomy":5.456379901795924},"metadata":{"satisfaction_count":34786,"comprehension_count":30593,"contact_count":10801,"contactReachability_count":11098,"contactSatisfaction_count":7374,"autonomy_count":29734}}
