{"data":{"satisfaction":7.8343785997696145,"comprehension":7.557919277283987,"contact":4.780058651026393,"contact_reachability":0.6706026058631922,"contact_satisfaction":7.230671736375158,"autonomy":5.3515389257694626},"metadata":{"satisfaction_count":7813,"comprehension_count":6863,"contact_count":2387,"contactReachability_count":2456,"contactSatisfaction_count":1578,"autonomy_count":6628}}
