{"data":{"satisfaction":8.110732879455346,"comprehension":7.838582239038504,"contact":5.0043297540699685,"contact_reachability":0.6920473773265652,"contact_satisfaction":7.307789580171978,"autonomy":5.808697637256021},"metadata":{"satisfaction_count":9988,"comprehension_count":8986,"contact_count":2887,"contactReachability_count":2955,"contactSatisfaction_count":1977,"autonomy_count":8761}}
