{"data":{"satisfaction":7.644448670406643,"comprehension":7.253218884120171,"contact":4.856083733100742,"contact_reachability":0.6910312959462298,"contact_satisfaction":7.149277688603531,"autonomy":5.24279867779002},"metadata":{"satisfaction_count":31551,"comprehension_count":26096,"contact_count":9172,"contactReachability_count":9522,"contactSatisfaction_count":6230,"autonomy_count":25412}}
