{"data":{"satisfaction":7.928655660377358,"comprehension":7.620465801097577,"contact":4.879198080877313,"contact_reachability":0.6954621848739496,"contact_satisfaction":7.076292246520874,"autonomy":5.166530166530166},"metadata":{"satisfaction_count":8480,"comprehension_count":7471,"contact_count":2918,"contactReachability_count":2975,"contactSatisfaction_count":2012,"autonomy_count":7326}}
