{"data":{"satisfaction":7.796570628718069,"comprehension":7.45321210512344,"contact":4.7411269667032565,"contact_reachability":0.6832676460050161,"contact_satisfaction":7.007842076798269,"autonomy":5.2478656017626},"metadata":{"satisfaction_count":8573,"comprehension_count":7534,"contact_count":2733,"contactReachability_count":2791,"contactSatisfaction_count":1849,"autonomy_count":7262}}
