{"data":{"satisfaction":7.626663914972655,"comprehension":7.224893385734593,"contact":4.866809370912118,"contact_reachability":0.6918498168498168,"contact_satisfaction":7.15847472450586,"autonomy":5.234539290159221},"metadata":{"satisfaction_count":29073,"comprehension_count":23918,"contact_count":8409,"contactReachability_count":8736,"contactSatisfaction_count":5717,"autonomy_count":23301}}
