{"data":{"satisfaction":7.807322929171669,"comprehension":7.461092150170648,"contact":4.794242658423493,"contact_reachability":0.6809770540340488,"contact_satisfaction":7.1885863267670915,"autonomy":5.228813559322034},"metadata":{"satisfaction_count":8330,"comprehension_count":7325,"contact_count":2588,"contactReachability_count":2702,"contactSatisfaction_count":1726,"autonomy_count":7080}}
