{"data":{"satisfaction":7.83704786262331,"comprehension":7.501728907330567,"contact":4.843250798722044,"contact_reachability":0.6880979716800613,"contact_satisfaction":7.180284191829485,"autonomy":5.271406183216983},"metadata":{"satisfaction_count":8211,"comprehension_count":7230,"contact_count":2504,"contactReachability_count":2613,"contactSatisfaction_count":1689,"autonomy_count":7019}}
