{"data":{"satisfaction":8.125741399762752,"comprehension":7.838127127017236,"contact":5.00769757098871,"contact_reachability":0.6935160427807486,"contact_satisfaction":7.296859421734796,"autonomy":5.79741136747327},"metadata":{"satisfaction_count":10116,"comprehension_count":9109,"contact_count":2923,"contactReachability_count":2992,"contactSatisfaction_count":2006,"autonomy_count":8885}}
