{"data":{"satisfaction":7.654715347643073,"comprehension":7.2741407822835775,"contact":4.845732705689726,"contact_reachability":0.6883206634416034,"contact_satisfaction":7.158352229780801,"autonomy":5.271878127432448},"metadata":{"satisfaction_count":33497,"comprehension_count":27816,"contact_count":9772,"contactReachability_count":10129,"contactSatisfaction_count":6615,"autonomy_count":26979}}
