{"data":{"satisfaction":7.8188433550363845,"comprehension":7.529480273693405,"contact":4.74073302790504,"contact_reachability":0.6713652839307289,"contact_satisfaction":7.181388012618297,"autonomy":5.306275273326344},"metadata":{"satisfaction_count":7833,"comprehension_count":6869,"contact_count":2401,"contactReachability_count":2483,"contactSatisfaction_count":1585,"autonomy_count":6677}}
