{"data":{"satisfaction":7.778355428472403,"comprehension":7.389189833742164,"contact":4.897055946791863,"contact_reachability":0.686222558667676,"contact_satisfaction":7.247756224667053,"autonomy":5.331611570247934},"metadata":{"satisfaction_count":34623,"comprehension_count":29352,"contact_count":10224,"contactReachability_count":10568,"contactSatisfaction_count":6908,"autonomy_count":29040}}
