{"data":{"satisfaction":7.641005473077049,"comprehension":7.244152337079544,"contact":4.870655496433828,"contact_reachability":0.6922070844686649,"contact_satisfaction":7.159677150940256,"autonomy":5.281291064388962},"metadata":{"satisfaction_count":30513,"comprehension_count":25181,"contact_count":8833,"contactReachability_count":9175,"contactSatisfaction_count":6009,"autonomy_count":24352}}
