{"data":{"satisfaction":8.098498681274092,"comprehension":7.831396660649819,"contact":4.978116246498599,"contact_reachability":0.6877564979480164,"contact_satisfaction":7.317292846114256,"autonomy":5.803263617559182},"metadata":{"satisfaction_count":9858,"comprehension_count":8864,"contact_count":2856,"contactReachability_count":2924,"contactSatisfaction_count":1943,"autonomy_count":8702}}
