{"data":{"satisfaction":7.928840430055275,"comprehension":7.606101940741764,"contact":4.89500539691885,"contact_reachability":0.6880611270296084,"contact_satisfaction":7.203610108303249,"autonomy":5.447203428854805},"metadata":{"satisfaction_count":32926,"comprehension_count":28958,"contact_count":10191,"contactReachability_count":10470,"contactSatisfaction_count":6925,"autonomy_count":28231}}
