{"data":{"satisfaction":7.776644717673795,"comprehension":7.385910310200151,"contact":4.892719739567919,"contact_reachability":0.6857824427480916,"contact_satisfaction":7.246858562244301,"autonomy":5.338065908062776},"metadata":{"satisfaction_count":34322,"comprehension_count":29078,"contact_count":10137,"contactReachability_count":10480,"contactSatisfaction_count":6844,"autonomy_count":28737}}
