{"data":{"satisfaction":8.096748213027283,"comprehension":7.8325316030875936,"contact":4.979209979209979,"contact_reachability":0.6885578876100203,"contact_satisfaction":7.309257375381486,"autonomy":5.796919566457501},"metadata":{"satisfaction_count":9933,"comprehension_count":8939,"contact_count":2886,"contactReachability_count":2954,"contactSatisfaction_count":1966,"autonomy_count":8765}}
