{"data":{"satisfaction":7.820082601961796,"comprehension":7.532706159047479,"contact":4.780126849894292,"contact_reachability":0.6718685831622176,"contact_satisfaction":7.219029374201788,"autonomy":5.331105710814095},"metadata":{"satisfaction_count":7748,"comprehension_count":6803,"contact_count":2365,"contactReachability_count":2435,"contactSatisfaction_count":1566,"autonomy_count":6584}}
