{"data":{"satisfaction":8.105877616747183,"comprehension":7.841087005144263,"contact":5.007836990595611,"contact_reachability":0.6918367346938775,"contact_satisfaction":7.316793893129771,"autonomy":5.796025582457744},"metadata":{"satisfaction_count":9936,"comprehension_count":8942,"contact_count":2871,"contactReachability_count":2940,"contactSatisfaction_count":1965,"autonomy_count":8756}}
