{"data":{"satisfaction":7.656190448268785,"comprehension":7.281351389476654,"contact":4.849204761428428,"contact_reachability":0.6881637381733925,"contact_satisfaction":7.163809664548545,"autonomy":5.2486688158800305},"metadata":{"satisfaction_count":34109,"comprehension_count":28356,"contact_count":9997,"contactReachability_count":10358,"contactSatisfaction_count":6767,"autonomy_count":27607}}
