{"data":{"satisfaction":7.776796060254925,"comprehension":7.386526761911272,"contact":4.892114554727344,"contact_reachability":0.6858335705474903,"contact_satisfaction":7.24473493100944,"autonomy":5.336237596376586},"metadata":{"satisfaction_count":34520,"comprehension_count":29258,"contact_count":10196,"contactReachability_count":10539,"contactSatisfaction_count":6885,"autonomy_count":28923}}
