{"data":{"satisfaction":7.801148347785329,"comprehension":7.459698907540634,"contact":4.816842900302115,"contact_reachability":0.6805505251720391,"contact_satisfaction":7.222536806342016,"autonomy":5.239413230002768},"metadata":{"satisfaction_count":8534,"comprehension_count":7506,"contact_count":2648,"contactReachability_count":2761,"contactSatisfaction_count":1766,"autonomy_count":7226}}
