{"data":{"satisfaction":7.898669010547463,"comprehension":7.715748587570621,"contact":5.02729044834308,"contact_reachability":0.7088897367417016,"contact_satisfaction":7.1559378468368475,"autonomy":5.246115870480615},"metadata":{"satisfaction_count":7964,"comprehension_count":7080,"contact_count":2565,"contactReachability_count":2621,"contactSatisfaction_count":1802,"autonomy_count":6887}}
