{"data":{"satisfaction":7.7924791086350975,"comprehension":7.474751118164767,"contact":4.73717409587889,"contact_reachability":0.682258064516129,"contact_satisfaction":7.084905660377358,"autonomy":5.3196586315316665},"metadata":{"satisfaction_count":7898,"comprehension_count":6931,"contact_count":2378,"contactReachability_count":2480,"contactSatisfaction_count":1590,"autonomy_count":6679}}
