{"data":{"satisfaction":7.988422575976845,"comprehension":7.7050924567067804,"contact":4.879838366652488,"contact_reachability":0.6803823773898587,"contact_satisfaction":7.251896333754741,"autonomy":5.4996243425995495},"metadata":{"satisfaction_count":7601,"comprehension_count":6814,"contact_count":2351,"contactReachability_count":2406,"contactSatisfaction_count":1582,"autonomy_count":6655}}
