{"data":{"satisfaction":7.914447994320199,"comprehension":7.607075725026853,"contact":4.861015785861359,"contact_reachability":0.6923854447439353,"contact_satisfaction":7.0789605197401295,"autonomy":5.169561621174524},"metadata":{"satisfaction_count":8451,"comprehension_count":7448,"contact_count":2914,"contactReachability_count":2968,"contactSatisfaction_count":2001,"autonomy_count":7254}}
