{"data":{"satisfaction":7.908738548273432,"comprehension":7.597784007475638,"contact":4.867171006333568,"contact_reachability":0.6937370956641431,"contact_satisfaction":7.086321721311475,"autonomy":5.263810442209671},"metadata":{"satisfaction_count":8514,"comprehension_count":7491,"contact_count":2842,"contactReachability_count":2906,"contactSatisfaction_count":1952,"autonomy_count":7259}}
