{"data":{"satisfaction":7.960979976130487,"comprehension":7.710224513429713,"contact":4.92888344342638,"contact_reachability":0.6923397169025812,"contact_satisfaction":7.194790046656299,"autonomy":5.426968864468864},"metadata":{"satisfaction_count":30164,"comprehension_count":26769,"contact_count":9386,"contactReachability_count":9608,"contactSatisfaction_count":6430,"autonomy_count":26208}}
