{"data":{"satisfaction":7.632267491250127,"comprehension":7.230237358101135,"contact":4.869534555712271,"contact_reachability":0.6925687139463862,"contact_satisfaction":7.155440414507772,"autonomy":5.233035600897431},"metadata":{"satisfaction_count":29429,"comprehension_count":24225,"contact_count":8508,"contactReachability_count":8841,"contactSatisfaction_count":5790,"autonomy_count":23623}}
