{"data":{"satisfaction":7.656437235130791,"comprehension":7.280308622447186,"contact":4.8513270804230695,"contact_reachability":0.6883004333172845,"contact_satisfaction":7.165806927044952,"autonomy":5.249801458378457},"metadata":{"satisfaction_count":34215,"comprehension_count":28449,"contact_count":10022,"contactReachability_count":10385,"contactSatisfaction_count":6785,"autonomy_count":27702}}
