{"data":{"satisfaction":7.785842143536388,"comprehension":7.397668521750584,"contact":4.901508011310085,"contact_reachability":0.6866161846546848,"contact_satisfaction":7.24808362369338,"autonomy":5.3519051764548315},"metadata":{"satisfaction_count":35754,"comprehension_count":30367,"contact_count":10610,"contactReachability_count":10961,"contactSatisfaction_count":7175,"autonomy_count":29866}}
