{"data":{"satisfaction":9.488372093023257,"comprehension":9.296482412060302,"contact":5.9,"contact_reachability":0.6923076923076923,"contact_satisfaction":8.676470588235293,"autonomy":7.842105263157895},"metadata":{"satisfaction_count":215,"comprehension_count":199,"contact_count":25,"contactReachability_count":26,"contactSatisfaction_count":17,"autonomy_count":190}}
