{"data":{"satisfaction":9.496753246753247,"comprehension":9.307553956834532,"contact":6.612903225806452,"contact_reachability":0.75,"contact_satisfaction":8.91304347826087,"autonomy":7.798507462686567},"metadata":{"satisfaction_count":308,"comprehension_count":278,"contact_count":31,"contactReachability_count":32,"contactSatisfaction_count":23,"autonomy_count":268}}
