{"data":{"satisfaction":9.32509505703422,"comprehension":9.11522633744856,"contact":5.431034482758621,"contact_reachability":0.7049180327868853,"contact_satisfaction":7.875,"autonomy":7.825159914712153},"metadata":{"satisfaction_count":526,"comprehension_count":486,"contact_count":58,"contactReachability_count":61,"contactSatisfaction_count":40,"autonomy_count":469}}
