{"data":{"satisfaction":9.353796445880452,"comprehension":9.146017699115044,"contact":5.8203125,"contact_reachability":0.7313432835820896,"contact_satisfaction":8.097826086956522,"autonomy":7.806215722120658},"metadata":{"satisfaction_count":619,"comprehension_count":565,"contact_count":64,"contactReachability_count":67,"contactSatisfaction_count":46,"autonomy_count":547}}
