{"data":{"satisfaction":8.325991189427313,"comprehension":7.913687436159346,"contact":6.3520408163265305,"contact_reachability":0.8663366336633663,"contact_satisfaction":7.366863905325443,"autonomy":6.698615548455804},"metadata":{"satisfaction_count":1135,"comprehension_count":979,"contact_count":196,"contactReachability_count":202,"contactSatisfaction_count":169,"autonomy_count":939}}
