{"data":{"satisfaction":8.841409691629956,"comprehension":8.469650205761317,"contact":6.505376344086022,"contact_reachability":0.8691099476439791,"contact_satisfaction":7.515527950310559,"autonomy":6.894273127753304},"metadata":{"satisfaction_count":1135,"comprehension_count":972,"contact_count":186,"contactReachability_count":191,"contactSatisfaction_count":161,"autonomy_count":908}}
