{"data":{"satisfaction":6.937716262975779,"comprehension":6.551724137931035,"contact":6.666666666666667,"contact_reachability":0.8666666666666667,"contact_satisfaction":7.777777777777778,"autonomy":6.219512195121951},"metadata":{"satisfaction_count":289,"comprehension_count":261,"contact_count":42,"contactReachability_count":45,"contactSatisfaction_count":36,"autonomy_count":246}}
