{"data":{"satisfaction":7.2988505747126435,"comprehension":6.764705882352941,"contact":6.388888888888889,"contact_reachability":0.7931034482758621,"contact_satisfaction":8.214285714285714,"autonomy":5.793103448275862},"metadata":{"satisfaction_count":174,"comprehension_count":153,"contact_count":27,"contactReachability_count":29,"contactSatisfaction_count":21,"autonomy_count":145}}
