{"data":{"satisfaction":8.83936451897617,"comprehension":8.468074150360453,"contact":6.505376344086022,"contact_reachability":0.8691099476439791,"contact_satisfaction":7.515527950310559,"autonomy":6.887417218543046},"metadata":{"satisfaction_count":1133,"comprehension_count":971,"contact_count":186,"contactReachability_count":191,"contactSatisfaction_count":161,"autonomy_count":906}}
