{"data":{"satisfaction":6.903914590747331,"comprehension":6.552734375,"contact":6.686046511627907,"contact_reachability":0.8695652173913043,"contact_satisfaction":7.77027027027027,"autonomy":6.224066390041494},"metadata":{"satisfaction_count":281,"comprehension_count":256,"contact_count":43,"contactReachability_count":46,"contactSatisfaction_count":37,"autonomy_count":241}}
