{"data":{"satisfaction":8.340827338129497,"comprehension":7.943169968717414,"contact":6.353092783505154,"contact_reachability":0.865,"contact_satisfaction":7.380239520958084,"autonomy":6.717226435536294},"metadata":{"satisfaction_count":1112,"comprehension_count":959,"contact_count":194,"contactReachability_count":200,"contactSatisfaction_count":167,"autonomy_count":923}}
