{"data":{"satisfaction":8.955223880597014,"comprehension":8.556034482758621,"contact":6.326530612244898,"contact_reachability":0.86,"contact_satisfaction":7.380952380952381,"autonomy":6.741071428571429},"metadata":{"satisfaction_count":268,"comprehension_count":232,"contact_count":49,"contactReachability_count":50,"contactSatisfaction_count":42,"autonomy_count":224}}
