{"data":{"satisfaction":6.913357400722021,"comprehension":6.603585657370518,"contact":6.382978723404255,"contact_reachability":0.88,"contact_satisfaction":7.317073170731708,"autonomy":6.2343096234309625},"metadata":{"satisfaction_count":277,"comprehension_count":251,"contact_count":47,"contactReachability_count":50,"contactSatisfaction_count":41,"autonomy_count":239}}
