{"data":{"satisfaction":9.382712967058051,"comprehension":9.173966520669586,"contact":6.3629088077522065,"contact_reachability":0.8005395380205699,"contact_satisfaction":8.000707136640557,"autonomy":8.215658021133525},"metadata":{"satisfaction_count":140186,"comprehension_count":116669,"contact_count":11558,"contactReachability_count":11862,"contactSatisfaction_count":9192,"autonomy_count":116592}}
