{"data":{"satisfaction":9.359122837936503,"comprehension":9.167051222888785,"contact":6.05281207133059,"contact_reachability":0.7828859060402684,"contact_satisfaction":7.778757161745262,"autonomy":8.505310845143715},"metadata":{"satisfaction_count":39719,"comprehension_count":32505,"contact_count":2916,"contactReachability_count":2980,"contactSatisfaction_count":2269,"autonomy_count":32669}}
