{"data":{"satisfaction":9.333990849565765,"comprehension":9.153233931090066,"contact":6.035020168683535,"contact_reachability":0.7860215053763441,"contact_satisfaction":7.726525821596244,"autonomy":8.4545818594407},"metadata":{"satisfaction_count":36501,"comprehension_count":29778,"contact_count":2727,"contactReachability_count":2790,"contactSatisfaction_count":2130,"autonomy_count":29966}}
