{"data":{"satisfaction":9.40044326692821,"comprehension":9.18320917956609,"contact":6.473882522968927,"contact_reachability":0.8082839046948829,"contact_satisfaction":8.06073264781491,"autonomy":8.261406433290116},"metadata":{"satisfaction_count":117762,"comprehension_count":98131,"contact_count":9687,"contactReachability_count":9947,"contactSatisfaction_count":7780,"autonomy_count":97182}}
