{"data":{"satisfaction":9.324869109947644,"comprehension":9.14242696053306,"contact":5.898543360433604,"contact_reachability":0.7699933906146729,"contact_satisfaction":7.7183067375886525,"autonomy":8.330752457099516},"metadata":{"satisfaction_count":38200,"comprehension_count":31216,"contact_count":2952,"contactReachability_count":3026,"contactSatisfaction_count":2256,"autonomy_count":31643}}
