{"data":{"satisfaction":9.29493034939484,"comprehension":9.113772128419846,"contact":6.026026680617316,"contact_reachability":0.7691326530612245,"contact_satisfaction":7.894962302947224,"autonomy":8.275400338853364},"metadata":{"satisfaction_count":43790,"comprehension_count":36661,"contact_count":3823,"contactReachability_count":3920,"contactSatisfaction_count":2918,"autonomy_count":36594}}
