{"data":{"satisfaction":9.413142245689126,"comprehension":9.193428736781186,"contact":6.5373796386454615,"contact_reachability":0.8141518374223439,"contact_satisfaction":8.080369082642418,"autonomy":8.273190946764425},"metadata":{"satisfaction_count":114014,"comprehension_count":95035,"contact_count":9243,"contactReachability_count":9497,"contactSatisfaction_count":7478,"autonomy_count":94110}}
