{"data":{"satisfaction":9.36435370741483,"comprehension":9.163760989420355,"contact":6.382076899788071,"contact_reachability":0.7997651203758074,"contact_satisfaction":8.042731781762686,"autonomy":8.30940941239667},"metadata":{"satisfaction_count":39920,"comprehension_count":33555,"contact_count":3303,"contactReachability_count":3406,"contactSatisfaction_count":2621,"autonomy_count":33509}}
