{"data":{"satisfaction":9.351139408540034,"comprehension":9.15257089344766,"contact":6.2745241581259155,"contact_reachability":0.7880681818181818,"contact_satisfaction":8.028287748220308,"autonomy":8.286817623310514},"metadata":{"satisfaction_count":40679,"comprehension_count":34171,"contact_count":3415,"contactReachability_count":3520,"contactSatisfaction_count":2669,"autonomy_count":34182}}
