{"data":{"satisfaction":9.417228903881881,"comprehension":9.197021544234438,"contact":6.556380638063806,"contact_reachability":0.815603595890411,"contact_satisfaction":8.089792317089724,"autonomy":8.258239869365305},"metadata":{"satisfaction_count":112497,"comprehension_count":93807,"contact_count":9090,"contactReachability_count":9344,"contactSatisfaction_count":7367,"autonomy_count":93084}}
