{"data":{"satisfaction":9.309324938434589,"comprehension":9.117175202809056,"contact":6.0595065312046446,"contact_reachability":0.7727529677784059,"contact_satisfaction":7.904202953426732,"autonomy":8.300743177387915},"metadata":{"satisfaction_count":39389,"comprehension_count":33036,"contact_count":3445,"contactReachability_count":3538,"contactSatisfaction_count":2641,"autonomy_count":32832}}
