{"data":{"satisfaction":9.284535070497947,"comprehension":9.103200662021836,"contact":5.997080477278497,"contact_reachability":0.770678553739475,"contact_satisfaction":7.8401924991702625,"autonomy":8.243185576358885},"metadata":{"satisfaction_count":44824,"comprehension_count":37461,"contact_count":3939,"contactReachability_count":4038,"contactSatisfaction_count":3013,"autonomy_count":37494}}
