{"data":{"satisfaction":9.360850518800117,"comprehension":9.151461741512135,"contact":6.211956521739131,"contact_reachability":0.7897097195042401,"contact_satisfaction":7.91973137192197,"autonomy":8.168527379053694},"metadata":{"satisfaction_count":146781,"comprehension_count":120849,"contact_count":11960,"contactReachability_count":12264,"contactSatisfaction_count":9381,"autonomy_count":124146}}
