{"data":{"satisfaction":9.38060118786743,"comprehension":9.169367210406397,"contact":6.378091066703166,"contact_reachability":0.8012980085348507,"contact_satisfaction":8.01209307657038,"autonomy":8.21920928664498},"metadata":{"satisfaction_count":132338,"comprehension_count":110163,"contact_count":10959,"contactReachability_count":11248,"contactSatisfaction_count":8724,"autonomy_count":109749}}
