{"data":{"satisfaction":9.332947688398892,"comprehension":9.139355536808129,"contact":6.074596209504248,"contact_reachability":0.7799217256757986,"contact_satisfaction":7.845773543952731,"autonomy":8.299319108651325},"metadata":{"satisfaction_count":132246,"comprehension_count":109052,"contact_count":10711,"contactReachability_count":10987,"contactSatisfaction_count":8293,"autonomy_count":109856}}
