{"data":{"satisfaction":9.343019106182057,"comprehension":9.144949377206421,"contact":6.0740265297389815,"contact_reachability":0.7794375365100559,"contact_satisfaction":7.849480203494802,"autonomy":8.314701435193218},"metadata":{"satisfaction_count":145712,"comprehension_count":120104,"contact_count":11685,"contactReachability_count":11983,"contactSatisfaction_count":9042,"autonomy_count":121029}}
