{"data":{"satisfaction":9.407335223245925,"comprehension":9.193880310040257,"contact":6.500156347717323,"contact_reachability":0.806060606060606,"contact_satisfaction":8.126465989053948,"autonomy":8.304341294877572},"metadata":{"satisfaction_count":39508,"comprehension_count":33286,"contact_count":3198,"contactReachability_count":3300,"contactSatisfaction_count":2558,"autonomy_count":33285}}
