{"data":{"satisfaction":9.426040484644387,"comprehension":9.201078726159384,"contact":6.580319691644938,"contact_reachability":0.8169184956435425,"contact_satisfaction":8.105711492808267,"autonomy":8.223657383426827},"metadata":{"satisfaction_count":109276,"comprehension_count":91126,"contact_count":8821,"contactReachability_count":9067,"contactSatisfaction_count":7161,"autonomy_count":90737}}
