{"data":{"satisfaction":9.31917236854438,"comprehension":9.126166787770387,"contact":6.077656675749319,"contact_reachability":0.7738253251924608,"contact_satisfaction":7.915188076650106,"autonomy":8.333098571710286},"metadata":{"satisfaction_count":42676,"comprehension_count":35782,"contact_count":3670,"contactReachability_count":3767,"contactSatisfaction_count":2818,"autonomy_count":35497}}
