{"data":{"satisfaction":9.40983267385626,"comprehension":9.194923062747627,"contact":6.414484064373619,"contact_reachability":0.8090937402678293,"contact_satisfaction":7.952856025039123,"autonomy":8.311066064682576},"metadata":{"satisfaction_count":38667,"comprehension_count":32559,"contact_count":3169,"contactReachability_count":3211,"contactSatisfaction_count":2556,"autonomy_count":32559}}
