{"data":{"satisfaction":9.357505848189078,"comprehension":9.15893996185967,"contact":5.973466574776016,"contact_reachability":0.7740416946872899,"contact_satisfaction":7.773542600896861,"autonomy":8.361474901205135},"metadata":{"satisfaction_count":37191,"comprehension_count":30414,"contact_count":2902,"contactReachability_count":2974,"contactSatisfaction_count":2230,"autonomy_count":30619}}
