{"data":{"satisfaction":9.375459407396143,"comprehension":9.174146811650953,"contact":6.432001239157373,"contact_reachability":0.8024617232062444,"contact_satisfaction":8.078793774319067,"autonomy":8.294928103002226},"metadata":{"satisfaction_count":39453,"comprehension_count":33199,"contact_count":3228,"contactReachability_count":3331,"contactSatisfaction_count":2570,"autonomy_count":33242}}
