{"data":{"satisfaction":9.388988286129022,"comprehension":9.185159930572775,"contact":6.054900181488203,"contact_reachability":0.7839396628216504,"contact_satisfaction":7.772277227722772,"autonomy":8.449252750862211},"metadata":{"satisfaction_count":29623,"comprehension_count":24198,"contact_count":2204,"contactReachability_count":2254,"contactSatisfaction_count":1717,"autonomy_count":24356}}
