{"data":{"satisfaction":9.326936499423256,"comprehension":9.133710486098078,"contact":5.962439115773698,"contact_reachability":0.7708771608890514,"contact_satisfaction":7.790356137559662,"autonomy":8.353962043173894},"metadata":{"satisfaction_count":136109,"comprehension_count":111891,"contact_count":10676,"contactReachability_count":10933,"contactSatisfaction_count":8171,"autonomy_count":112707}}
