{"data":{"satisfaction":9.383665675787098,"comprehension":9.174249732745809,"contact":6.372385304974512,"contact_reachability":0.801335845178969,"contact_satisfaction":8.004526385515566,"autonomy":8.217089345703295},"metadata":{"satisfaction_count":138261,"comprehension_count":115059,"contact_count":11378,"contactReachability_count":11678,"contactSatisfaction_count":9058,"autonomy_count":114902}}
