{"data":{"satisfaction":9.343141956700466,"comprehension":9.14492548850121,"contact":6.074388993334472,"contact_reachability":0.7794166666666666,"contact_satisfaction":7.850082827167311,"autonomy":8.314048905199785},"metadata":{"satisfaction_count":145960,"comprehension_count":120317,"contact_count":11702,"contactReachability_count":12000,"contactSatisfaction_count":9055,"autonomy_count":121255}}
