{"data":{"satisfaction":9.366568998989893,"comprehension":9.14918790072119,"contact":6.227783585990591,"contact_reachability":0.7903499830105335,"contact_satisfaction":7.933684794672586,"autonomy":8.188794174195634},"metadata":{"satisfaction_count":139589,"comprehension_count":114949,"contact_count":11478,"contactReachability_count":11772,"contactSatisfaction_count":9010,"autonomy_count":117546}}
