{"data":{"satisfaction":9.346616450006074,"comprehension":9.152320467565534,"contact":6.2457410562180575,"contact_reachability":0.784037558685446,"contact_satisfaction":8.028284671532846,"autonomy":8.348610462400748},"metadata":{"satisfaction_count":41155,"comprehension_count":34562,"contact_count":3522,"contactReachability_count":3621,"contactSatisfaction_count":2740,"autonomy_count":34256}}
