{"data":{"satisfaction":9.405158535430495,"comprehension":9.186183456098846,"contact":6.492985971943888,"contact_reachability":0.8100616016427105,"contact_satisfaction":8.067094745118595,"autonomy":8.268512529471906},"metadata":{"satisfaction_count":116157,"comprehension_count":96797,"contact_count":9481,"contactReachability_count":9740,"contactSatisfaction_count":7631,"autonomy_count":95854}}
