{"data":{"satisfaction":9.363573788546255,"comprehension":9.1544477028348,"contact":5.928672316384181,"contact_reachability":0.772461273666093,"contact_satisfaction":7.733763242745279,"autonomy":8.405806841857652},"metadata":{"satisfaction_count":36320,"comprehension_count":29667,"contact_count":2832,"contactReachability_count":2905,"contactSatisfaction_count":2171,"autonomy_count":29758}}
