{"data":{"satisfaction":9.359518754423213,"comprehension":9.167207390928192,"contact":6.048470264695772,"contact_reachability":0.782711066263034,"contact_satisfaction":7.77507733097658,"autonomy":8.50398057357145},"metadata":{"satisfaction_count":39564,"comprehension_count":32364,"contact_count":2909,"contactReachability_count":2973,"contactSatisfaction_count":2263,"autonomy_count":32533}}
