{"data":{"satisfaction":9.438592291118027,"comprehension":9.205313779640035,"contact":6.463096015676029,"contact_reachability":0.8127618433773768,"contact_satisfaction":7.976622329705764,"autonomy":8.24405325257114},"metadata":{"satisfaction_count":37593,"comprehension_count":31503,"contact_count":3062,"contactReachability_count":3103,"contactSatisfaction_count":2481,"autonomy_count":31698}}
