{"data":{"satisfaction":9.356436976600156,"comprehension":9.155254148011588,"contact":5.974663908996898,"contact_reachability":0.7756883814640698,"contact_satisfaction":7.761979399910435,"autonomy":8.363005629009033},"metadata":{"satisfaction_count":37137,"comprehension_count":30376,"contact_count":2901,"contactReachability_count":2978,"contactSatisfaction_count":2233,"autonomy_count":30556}}
