{"data":{"satisfaction":9.35990468969999,"comprehension":9.154999503524973,"contact":5.956213222568363,"contact_reachability":0.7739541160593792,"contact_satisfaction":7.754619197836863,"autonomy":8.358267845986914},"metadata":{"satisfaction_count":36932,"comprehension_count":30213,"contact_count":2889,"contactReachability_count":2964,"contactSatisfaction_count":2219,"autonomy_count":30413}}
