{"data":{"satisfaction":9.365805368286509,"comprehension":9.166592102123598,"contact":6.3999091459721384,"contact_reachability":0.8008810572687225,"contact_satisfaction":8.053544207317072,"autonomy":8.32884258427639},"metadata":{"satisfaction_count":39901,"comprehension_count":33528,"contact_count":3302,"contactReachability_count":3405,"contactSatisfaction_count":2624,"autonomy_count":33402}}
