{"data":{"satisfaction":9.412804560528407,"comprehension":9.182231280697652,"contact":6.083661417322834,"contact_reachability":0.77495183044316,"contact_satisfaction":7.900051124744376,"autonomy":8.61945588334571},"metadata":{"satisfaction_count":36487,"comprehension_count":29929,"contact_count":2540,"contactReachability_count":2595,"contactSatisfaction_count":1956,"autonomy_count":29626}}
