{"data":{"satisfaction":9.435136175536522,"comprehension":9.203423019604672,"contact":6.515196136176228,"contact_reachability":0.8193023255813954,"contact_satisfaction":7.975126171593367,"autonomy":8.22679957247084},"metadata":{"satisfaction_count":103910,"comprehension_count":86561,"contact_count":8489,"contactReachability_count":8600,"contactSatisfaction_count":6935,"autonomy_count":86076}}
