{"data":{"satisfaction":9.358002794797377,"comprehension":9.157081827144266,"contact":5.961273666092943,"contact_reachability":0.7731543624161074,"contact_satisfaction":7.769179004037685,"autonomy":8.364580611444996},"metadata":{"satisfaction_count":37212,"comprehension_count":30430,"contact_count":2905,"contactReachability_count":2980,"contactSatisfaction_count":2229,"autonomy_count":30616}}
