{"data":{"satisfaction":9.367393783655025,"comprehension":9.151107546392476,"contact":6.233069481090589,"contact_reachability":0.7903765331503559,"contact_satisfaction":7.939726641272687,"autonomy":8.196752249663302},"metadata":{"satisfaction_count":138538,"comprehension_count":114081,"contact_count":11370,"contactReachability_count":11659,"contactSatisfaction_count":8926,"autonomy_count":116573}}
