{"data":{"satisfaction":9.370375064247442,"comprehension":9.152763049873435,"contact":6.230904565739787,"contact_reachability":0.7908436558419819,"contact_satisfaction":7.932098765432099,"autonomy":8.178685268937434},"metadata":{"satisfaction_count":142029,"comprehension_count":116936,"contact_count":11652,"contactReachability_count":11948,"contactSatisfaction_count":9153,"autonomy_count":119842}}
