{"data":{"satisfaction":9.256493790449536,"comprehension":9.091929428443908,"contact":5.877061469265367,"contact_reachability":0.7622531089978054,"contact_satisfaction":7.770069375619425,"autonomy":8.248238283603595},"metadata":{"satisfaction_count":45736,"comprehension_count":38089,"contact_count":4002,"contactReachability_count":4101,"contactSatisfaction_count":3027,"autonomy_count":38173}}
