{"data":{"satisfaction":9.41218359269194,"comprehension":9.192370980589443,"contact":6.53170153116239,"contact_reachability":0.8138314618532899,"contact_satisfaction":8.076666666666666,"autonomy":8.27247904495809},"metadata":{"satisfaction_count":114449,"comprehension_count":95412,"contact_count":9274,"contactReachability_count":9529,"contactSatisfaction_count":7500,"autonomy_count":94488}}
