{"data":{"satisfaction":8.916069169126951,"comprehension":8.767186067827682,"contact":4.264705882352941,"contact_reachability":0.5,"contact_satisfaction":8.529411764705882,"autonomy":9.039345937659682},"metadata":{"satisfaction_count":2371,"comprehension_count":2182,"contact_count":34,"contactReachability_count":34,"contactSatisfaction_count":17,"autonomy_count":1957}}
