{"data":{"satisfaction":8.841659951651893,"comprehension":8.657941437444544,"contact":4.146341463414634,"contact_reachability":0.525,"contact_satisfaction":7.7272727272727275,"autonomy":9.03448275862069},"metadata":{"satisfaction_count":2482,"comprehension_count":2254,"contact_count":41,"contactReachability_count":40,"contactSatisfaction_count":22,"autonomy_count":2030}}
