{"data":{"satisfaction":8.658718330849478,"comprehension":8.61111111111111,"contact":2.0833333333333335,"contact_reachability":0.2727272727272727,"contact_satisfaction":6.25,"autonomy":8.949343339587243},"metadata":{"satisfaction_count":671,"comprehension_count":612,"contact_count":12,"contactReachability_count":11,"contactSatisfaction_count":4,"autonomy_count":533}}
