{"data":{"satisfaction":8.750563824988724,"comprehension":8.552697302697302,"contact":3.8333333333333335,"contact_reachability":0.5,"contact_satisfaction":7.840909090909091,"autonomy":9.041850220264317},"metadata":{"satisfaction_count":2217,"comprehension_count":2002,"contact_count":45,"contactReachability_count":46,"contactSatisfaction_count":22,"autonomy_count":1816}}
