{"data":{"satisfaction":8.843869325413662,"comprehension":8.659589360709287,"contact":4.102564102564102,"contact_reachability":0.5263157894736842,"contact_satisfaction":7.619047619047619,"autonomy":9.042443064182194},"metadata":{"satisfaction_count":2357,"comprehension_count":2143,"contact_count":39,"contactReachability_count":38,"contactSatisfaction_count":21,"autonomy_count":1932}}
