{"data":{"satisfaction":8.763146823727388,"comprehension":8.559124767225326,"contact":4.166666666666667,"contact_reachability":0.5277777777777778,"contact_satisfaction":7.894736842105263,"autonomy":9.035087719298245},"metadata":{"satisfaction_count":2377,"comprehension_count":2148,"contact_count":36,"contactReachability_count":36,"contactSatisfaction_count":19,"autonomy_count":1938}}
