{"data":{"satisfaction":8.96761133603239,"comprehension":8.58352144469526,"contact":3.9285714285714284,"contact_reachability":0.5714285714285714,"contact_satisfaction":6.875,"autonomy":9.240196078431373},"metadata":{"satisfaction_count":494,"comprehension_count":443,"contact_count":14,"contactReachability_count":14,"contactSatisfaction_count":8,"autonomy_count":408}}
