{"data":{"satisfaction":8.914285714285715,"comprehension":8.574468085106384,"contact":5.714285714285714,"contact_reachability":0.7142857142857143,"contact_satisfaction":8,"autonomy":9.255813953488373},"metadata":{"satisfaction_count":525,"comprehension_count":470,"contact_count":7,"contactReachability_count":7,"contactSatisfaction_count":5,"autonomy_count":430}}
