{"data":{"satisfaction":8.76970227670753,"comprehension":8.55550169655841,"contact":4.166666666666667,"contact_reachability":0.5277777777777778,"contact_satisfaction":7.894736842105263,"autonomy":9.024784482758621},"metadata":{"satisfaction_count":2284,"comprehension_count":2063,"contact_count":36,"contactReachability_count":36,"contactSatisfaction_count":19,"autonomy_count":1856}}
