{"data":{"satisfaction":8.924773532886963,"comprehension":8.766609515645092,"contact":3.8095238095238093,"contact_reachability":0.47619047619047616,"contact_satisfaction":8,"autonomy":9.020076481835565},"metadata":{"satisfaction_count":2539,"comprehension_count":2333,"contact_count":42,"contactReachability_count":42,"contactSatisfaction_count":20,"autonomy_count":2092}}
