{"data":{"satisfaction":8.917568692756037,"comprehension":8.769248188405797,"contact":4.264705882352941,"contact_reachability":0.5,"contact_satisfaction":8.529411764705882,"autonomy":9.039919151086407},"metadata":{"satisfaction_count":2402,"comprehension_count":2208,"contact_count":34,"contactReachability_count":34,"contactSatisfaction_count":17,"autonomy_count":1979}}
