{"data":{"satisfaction":8.917060593038247,"comprehension":8.772769733769266,"contact":4.393939393939394,"contact_reachability":0.5151515151515151,"contact_satisfaction":8.529411764705882,"autonomy":9.04786680541103},"metadata":{"satisfaction_count":2327,"comprehension_count":2141,"contact_count":33,"contactReachability_count":33,"contactSatisfaction_count":17,"autonomy_count":1922}}
