{"data":{"satisfaction":8.923501577287066,"comprehension":8.767167381974248,"contact":3.8095238095238093,"contact_reachability":0.47619047619047616,"contact_satisfaction":8,"autonomy":9.018669219722355},"metadata":{"satisfaction_count":2536,"comprehension_count":2330,"contact_count":42,"contactReachability_count":42,"contactSatisfaction_count":20,"autonomy_count":2089}}
