{"data":{"satisfaction":8.705673758865249,"comprehension":8.5986328125,"contact":2.3529411764705883,"contact_reachability":0.35294117647058826,"contact_satisfaction":6.666666666666667,"autonomy":8.76126126126126},"metadata":{"satisfaction_count":564,"comprehension_count":512,"contact_count":17,"contactReachability_count":17,"contactSatisfaction_count":6,"autonomy_count":444}}
