{"data":{"satisfaction":8.797043010752688,"comprehension":8.625366568914956,"contact":1.4285714285714286,"contact_reachability":0.16666666666666666,"contact_satisfaction":5,"autonomy":9.00326797385621},"metadata":{"satisfaction_count":744,"comprehension_count":682,"contact_count":7,"contactReachability_count":6,"contactSatisfaction_count":2,"autonomy_count":612}}
