{"data":{"satisfaction":8.771345272802998,"comprehension":8.562701705855233,"contact":4.324324324324325,"contact_reachability":0.5405405405405406,"contact_satisfaction":8,"autonomy":9.038363171355499},"metadata":{"satisfaction_count":2401,"comprehension_count":2169,"contact_count":37,"contactReachability_count":37,"contactSatisfaction_count":20,"autonomy_count":1955}}
