{"data":{"satisfaction":8.841761827079935,"comprehension":8.653414195867025,"contact":4,"contact_reachability":0.5128205128205128,"contact_satisfaction":7.619047619047619,"autonomy":9.033383158943698},"metadata":{"satisfaction_count":2452,"comprehension_count":2226,"contact_count":40,"contactReachability_count":39,"contactSatisfaction_count":21,"autonomy_count":2007}}
