{"data":{"satisfaction":8.964646464646465,"comprehension":8.796758104738155,"contact":4.285714285714286,"contact_reachability":0.5,"contact_satisfaction":8.571428571428571,"autonomy":9.075816270060875},"metadata":{"satisfaction_count":2178,"comprehension_count":2005,"contact_count":28,"contactReachability_count":28,"contactSatisfaction_count":14,"autonomy_count":1807}}
