{"data":{"satisfaction":8.594632768361581,"comprehension":8.593990755007704,"contact":2.9166666666666665,"contact_reachability":0.36363636363636365,"contact_satisfaction":7,"autonomy":8.93542757417103},"metadata":{"satisfaction_count":708,"comprehension_count":649,"contact_count":12,"contactReachability_count":11,"contactSatisfaction_count":5,"autonomy_count":573}}
