{"data":{"satisfaction":8.715384615384615,"comprehension":8.68043844856661,"contact":2.7777777777777777,"contact_reachability":0.3333333333333333,"contact_satisfaction":8.333333333333334,"autonomy":8.891050583657588},"metadata":{"satisfaction_count":650,"comprehension_count":593,"contact_count":9,"contactReachability_count":9,"contactSatisfaction_count":3,"autonomy_count":514}}
