{"data":{"satisfaction":6.758641600970285,"comprehension":7.391233766233766,"contact":3.1648936170212765,"contact_reachability":0.5233160621761658,"contact_satisfaction":6.197916666666667,"autonomy":6.999316473000683},"metadata":{"satisfaction_count":1649,"comprehension_count":1540,"contact_count":188,"contactReachability_count":193,"contactSatisfaction_count":96,"autonomy_count":1463}}
