{"data":{"satisfaction":6.88622754491018,"comprehension":7.359154929577465,"contact":3.392857142857143,"contact_reachability":0.5535714285714286,"contact_satisfaction":6.129032258064516,"autonomy":7.3},"metadata":{"satisfaction_count":668,"comprehension_count":639,"contact_count":56,"contactReachability_count":56,"contactSatisfaction_count":31,"autonomy_count":600}}
