{"data":{"satisfaction":6.830484330484331,"comprehension":7.431140015302219,"contact":3.174342105263158,"contact_reachability":0.5192307692307693,"contact_satisfaction":6.266233766233766,"autonomy":7.048387096774194},"metadata":{"satisfaction_count":1404,"comprehension_count":1307,"contact_count":152,"contactReachability_count":156,"contactSatisfaction_count":77,"autonomy_count":1240}}
