{"data":{"satisfaction":6.7673888255416195,"comprehension":7.315039417828987,"contact":3.242857142857143,"contact_reachability":0.550561797752809,"contact_satisfaction":5.973684210526316,"autonomy":7.001921844971172},"metadata":{"satisfaction_count":1754,"comprehension_count":1649,"contact_count":175,"contactReachability_count":178,"contactSatisfaction_count":95,"autonomy_count":1561}}
