{"data":{"satisfaction":6.970443349753695,"comprehension":7.439862542955327,"contact":2.840909090909091,"contact_reachability":0.5,"contact_satisfaction":5.681818181818182,"autonomy":7.292817679558011},"metadata":{"satisfaction_count":609,"comprehension_count":582,"contact_count":44,"contactReachability_count":44,"contactSatisfaction_count":22,"autonomy_count":543}}
