{"data":{"satisfaction":6.624129930394432,"comprehension":7.265432098765432,"contact":4.294871794871795,"contact_reachability":0.7317073170731707,"contact_satisfaction":5.982142857142857,"autonomy":6.826666666666667},"metadata":{"satisfaction_count":431,"comprehension_count":405,"contact_count":39,"contactReachability_count":41,"contactSatisfaction_count":28,"autonomy_count":375}}
