{"data":{"satisfaction":6.769413159454653,"comprehension":7.31411468178954,"contact":3.2840236686390534,"contact_reachability":0.5523255813953488,"contact_satisfaction":6.032608695652174,"autonomy":7.027925531914893},"metadata":{"satisfaction_count":1687,"comprehension_count":1587,"contact_count":169,"contactReachability_count":172,"contactSatisfaction_count":92,"autonomy_count":1504}}
