{"data":{"satisfaction":6.7026378896882495,"comprehension":7.315051020408164,"contact":4.45945945945946,"contact_reachability":0.7435897435897436,"contact_satisfaction":6.111111111111111,"autonomy":6.84065934065934},"metadata":{"satisfaction_count":417,"comprehension_count":392,"contact_count":37,"contactReachability_count":39,"contactSatisfaction_count":27,"autonomy_count":364}}
