{"data":{"satisfaction":6.97029702970297,"comprehension":7.494813278008299,"contact":3.223684210526316,"contact_reachability":0.5526315789473685,"contact_satisfaction":5.833333333333333,"autonomy":7.158836689038031},"metadata":{"satisfaction_count":505,"comprehension_count":482,"contact_count":38,"contactReachability_count":38,"contactSatisfaction_count":21,"autonomy_count":447}}
