{"data":{"satisfaction":6.7652383826191915,"comprehension":7.391725921137686,"contact":3.1648936170212765,"contact_reachability":0.5233160621761658,"contact_satisfaction":6.197916666666667,"autonomy":6.997957794417972},"metadata":{"satisfaction_count":1657,"comprehension_count":1547,"contact_count":188,"contactReachability_count":193,"contactSatisfaction_count":96,"autonomy_count":1469}}
