{"data":{"satisfaction":6.529304029304029,"comprehension":7.224371373307544,"contact":3.6363636363636362,"contact_reachability":0.6231884057971014,"contact_satisfaction":6,"autonomy":6.632443531827516},"metadata":{"satisfaction_count":546,"comprehension_count":517,"contact_count":66,"contactReachability_count":69,"contactSatisfaction_count":40,"autonomy_count":487}}
