{"data":{"satisfaction":7.863368006747259,"comprehension":8.249522430043873,"contact":5.238636363636363,"contact_reachability":0.6616314199395771,"contact_satisfaction":7.930045871559633,"autonomy":9.049278871240425},"metadata":{"satisfaction_count":49798,"comprehension_count":47637,"contact_count":660,"contactReachability_count":662,"contactSatisfaction_count":436,"autonomy_count":47911}}
