{"data":{"satisfaction":6.439018837857834,"comprehension":7.294769287109375,"contact":5.419381107491857,"contact_reachability":0.7223113964686998,"contact_satisfaction":7.545351473922903,"autonomy":8.66761293507776},"metadata":{"satisfaction_count":17571,"comprehension_count":16384,"contact_count":614,"contactReachability_count":623,"contactSatisfaction_count":441,"autonomy_count":16204}}
