{"data":{"satisfaction":7.852312740076824,"comprehension":8.242915403116177,"contact":5.224550898203593,"contact_reachability":0.6611940298507463,"contact_satisfaction":7.913832199546485,"autonomy":9.036144578313253},"metadata":{"satisfaction_count":49984,"comprehension_count":47815,"contact_count":668,"contactReachability_count":670,"contactSatisfaction_count":441,"autonomy_count":48140}}
