{"data":{"satisfaction":7.856011865391939,"comprehension":8.245369594368086,"contact":5.2180451127819545,"contact_reachability":0.6596701649175413,"contact_satisfaction":7.922374429223744,"autonomy":9.040887704542616},"metadata":{"satisfaction_count":49893,"comprehension_count":47728,"contact_count":665,"contactReachability_count":667,"contactSatisfaction_count":438,"autonomy_count":48034}}
