{"data":{"satisfaction":5.869888051176605,"comprehension":6.895858708891596,"contact":5.498511904761905,"contact_reachability":0.7342857142857143,"contact_satisfaction":7.602880658436214,"autonomy":8.574101796407186},"metadata":{"satisfaction_count":8754,"comprehension_count":8210,"contact_count":336,"contactReachability_count":350,"contactSatisfaction_count":243,"autonomy_count":8016}}
