{"data":{"satisfaction":6.196895722509655,"comprehension":7.13549766718507,"contact":5.423228346456693,"contact_reachability":0.7339805825242719,"contact_satisfaction":7.425876010781671,"autonomy":8.807568438003221},"metadata":{"satisfaction_count":13723,"comprehension_count":12860,"contact_count":508,"contactReachability_count":515,"contactSatisfaction_count":371,"autonomy_count":12420}}
