{"data":{"satisfaction":5.6180485338725985,"comprehension":6.751963173571622,"contact":5.69060773480663,"contact_reachability":0.7486338797814208,"contact_satisfaction":7.62962962962963,"autonomy":8.40744858254586},"metadata":{"satisfaction_count":3956,"comprehension_count":3693,"contact_count":181,"contactReachability_count":183,"contactSatisfaction_count":135,"autonomy_count":3598}}
