{"data":{"satisfaction":6.3081830609986325,"comprehension":7.202027263194688,"contact":5.40625,"contact_reachability":0.7293497363796133,"contact_satisfaction":7.456896551724138,"autonomy":8.587904360056259},"metadata":{"satisfaction_count":15361,"comprehension_count":14305,"contact_count":560,"contactReachability_count":569,"contactSatisfaction_count":406,"autonomy_count":14220}}
