{"data":{"satisfaction":5.726116780993809,"comprehension":6.820210676664881,"contact":5.5813953488372094,"contact_reachability":0.7358490566037735,"contact_satisfaction":7.659574468085107,"autonomy":8.463503649635037},"metadata":{"satisfaction_count":5977,"comprehension_count":5601,"contact_count":258,"contactReachability_count":265,"contactSatisfaction_count":188,"autonomy_count":5480}}
