{"data":{"satisfaction":5.299145299145299,"comprehension":6.516203703703703,"contact":4.5,"contact_reachability":0.7333333333333333,"contact_satisfaction":6.136363636363637,"autonomy":8.373205741626794},"metadata":{"satisfaction_count":234,"comprehension_count":216,"contact_count":15,"contactReachability_count":15,"contactSatisfaction_count":11,"autonomy_count":209}}
