{"data":{"satisfaction":7.856255385663614,"comprehension":8.245469781083063,"contact":5.225225225225225,"contact_reachability":0.6601796407185628,"contact_satisfaction":7.927107061503417,"autonomy":9.039818495930728},"metadata":{"satisfaction_count":49901,"comprehension_count":47735,"contact_count":666,"contactReachability_count":668,"contactSatisfaction_count":439,"autonomy_count":48043}}
