{"data":{"satisfaction":5.794229087729525,"comprehension":6.852571073481435,"contact":5.668402777777778,"contact_reachability":0.7407407407407407,"contact_satisfaction":7.73696682464455,"autonomy":8.478676002546148},"metadata":{"satisfaction_count":6862,"comprehension_count":6437,"contact_count":288,"contactReachability_count":297,"contactSatisfaction_count":211,"autonomy_count":6284}}
