{"data":{"satisfaction":5.917393535146229,"comprehension":6.936665937431634,"contact":5.40521978021978,"contact_reachability":0.7248677248677249,"contact_satisfaction":7.5673076923076925,"autonomy":8.609619686800896},"metadata":{"satisfaction_count":9745,"comprehension_count":9142,"contact_count":364,"contactReachability_count":378,"contactSatisfaction_count":260,"autonomy_count":8940}}
