{"data":{"satisfaction":5.6722689075630255,"comprehension":6.779458598726115,"contact":5.970873786407767,"contact_reachability":0.7864077669902912,"contact_satisfaction":7.592592592592593,"autonomy":8.319694489907256},"metadata":{"satisfaction_count":2023,"comprehension_count":1884,"contact_count":103,"contactReachability_count":103,"contactSatisfaction_count":81,"autonomy_count":1833}}
