{"data":{"satisfaction":6.100602956967044,"comprehension":7.068235916424227,"contact":5.597098214285714,"contact_reachability":0.7339055793991416,"contact_satisfaction":7.739197530864198,"autonomy":8.657578766814119},"metadata":{"satisfaction_count":12107,"comprehension_count":11343,"contact_count":448,"contactReachability_count":466,"contactSatisfaction_count":324,"autonomy_count":11077}}
