{"data":{"satisfaction":5.663442940038685,"comprehension":6.7692387256930076,"contact":5.476190476190476,"contact_reachability":0.7264957264957265,"contact_satisfaction":7.574850299401198,"autonomy":8.412362404741744},"metadata":{"satisfaction_count":5170,"comprehension_count":4834,"contact_count":231,"contactReachability_count":234,"contactSatisfaction_count":167,"autonomy_count":4724}}
