{"data":{"satisfaction":5.648997134670487,"comprehension":6.761049723756906,"contact":5.765625,"contact_reachability":0.7639751552795031,"contact_satisfaction":7.561475409836065,"autonomy":8.422712933753942},"metadata":{"satisfaction_count":3490,"comprehension_count":3258,"contact_count":160,"contactReachability_count":161,"contactSatisfaction_count":122,"autonomy_count":3170}}
