{"data":{"satisfaction":7.8631251255272145,"comprehension":8.249422632794458,"contact":5.231411229135053,"contact_reachability":0.6611195158850227,"contact_satisfaction":7.925287356321839,"autonomy":9.050352803640767},"metadata":{"satisfaction_count":49790,"comprehension_count":47630,"contact_count":659,"contactReachability_count":661,"contactSatisfaction_count":435,"autonomy_count":47902}}
