{"data":{"satisfaction":8.841150965707529,"comprehension":8.474011550422034,"contact":3.197674418604651,"contact_reachability":0.5434782608695652,"contact_satisfaction":6.25,"autonomy":8.495695514272768},"metadata":{"satisfaction_count":2537,"comprehension_count":2251,"contact_count":43,"contactReachability_count":46,"contactSatisfaction_count":22,"autonomy_count":2207}}
