{"data":{"satisfaction":8.60146252285192,"comprehension":8.454724409448819,"contact":3.9583333333333335,"contact_reachability":0.6428571428571429,"contact_satisfaction":6.785714285714286,"autonomy":8.17269076305221},"metadata":{"satisfaction_count":547,"comprehension_count":508,"contact_count":12,"contactReachability_count":14,"contactSatisfaction_count":7,"autonomy_count":498}}
