{"data":{"satisfaction":8.8452037875669,"comprehension":8.442890442890443,"contact":3.2738095238095237,"contact_reachability":0.5555555555555556,"contact_satisfaction":6.25,"autonomy":8.482693219535324},"metadata":{"satisfaction_count":2429,"comprehension_count":2145,"contact_count":42,"contactReachability_count":45,"contactSatisfaction_count":22,"autonomy_count":2109}}
