{"data":{"satisfaction":8.693379790940767,"comprehension":8.708639705882353,"contact":2.857142857142857,"contact_reachability":0.42857142857142855,"contact_satisfaction":6.666666666666667,"autonomy":8.81578947368421},"metadata":{"satisfaction_count":574,"comprehension_count":544,"contact_count":7,"contactReachability_count":7,"contactSatisfaction_count":3,"autonomy_count":532}}
