{"data":{"satisfaction":8.680154142581888,"comprehension":8.554748313440582,"contact":3.465909090909091,"contact_reachability":0.6304347826086957,"contact_satisfaction":5.648148148148148,"autonomy":8.554025423728813},"metadata":{"satisfaction_count":2076,"comprehension_count":1927,"contact_count":44,"contactReachability_count":46,"contactSatisfaction_count":27,"autonomy_count":1888}}
