{"data":{"satisfaction":8.762886597938145,"comprehension":8.641804788213628,"contact":2.857142857142857,"contact_reachability":0.42857142857142855,"contact_satisfaction":6.666666666666667,"autonomy":8.686679174484052},"metadata":{"satisfaction_count":582,"comprehension_count":543,"contact_count":7,"contactReachability_count":7,"contactSatisfaction_count":3,"autonomy_count":533}}
