{"data":{"satisfaction":8.83798662996461,"comprehension":8.470314576871955,"contact":3.197674418604651,"contact_reachability":0.5434782608695652,"contact_satisfaction":6.25,"autonomy":8.495255309534569},"metadata":{"satisfaction_count":2543,"comprehension_count":2257,"contact_count":43,"contactReachability_count":46,"contactSatisfaction_count":22,"autonomy_count":2213}}
