{"data":{"satisfaction":8.881932021466906,"comprehension":8.684719535783366,"contact":1.8181818181818181,"contact_reachability":0.45454545454545453,"contact_satisfaction":4,"autonomy":8.667992047713717},"metadata":{"satisfaction_count":559,"comprehension_count":517,"contact_count":11,"contactReachability_count":11,"contactSatisfaction_count":5,"autonomy_count":503}}
