{"data":{"satisfaction":8.578528827037774,"comprehension":8.70600414078675,"contact":3.8333333333333335,"contact_reachability":0.7333333333333333,"contact_satisfaction":5.2272727272727275,"autonomy":8.706896551724139},"metadata":{"satisfaction_count":503,"comprehension_count":483,"contact_count":15,"contactReachability_count":15,"contactSatisfaction_count":11,"autonomy_count":464}}
