{"data":{"satisfaction":8.655555555555555,"comprehension":8.66822429906542,"contact":4.53125,"contact_reachability":0.8235294117647058,"contact_satisfaction":5.576923076923077,"autonomy":8.609112709832134},"metadata":{"satisfaction_count":450,"comprehension_count":428,"contact_count":16,"contactReachability_count":17,"contactSatisfaction_count":13,"autonomy_count":417}}
