{"data":{"satisfaction":8.826262626262626,"comprehension":8.452761296211776,"contact":3.2738095238095237,"contact_reachability":0.5555555555555556,"contact_satisfaction":6.25,"autonomy":8.476544356711566},"metadata":{"satisfaction_count":2475,"comprehension_count":2191,"contact_count":42,"contactReachability_count":45,"contactSatisfaction_count":22,"autonomy_count":2153}}
