{"data":{"satisfaction":8.88468809073724,"comprehension":8.423824959481362,"contact":3.0128205128205128,"contact_reachability":0.55,"contact_satisfaction":5.595238095238095,"autonomy":8.42511013215859},"metadata":{"satisfaction_count":2116,"comprehension_count":1851,"contact_count":39,"contactReachability_count":40,"contactSatisfaction_count":21,"autonomy_count":1816}}
