{"data":{"satisfaction":8.78282617757399,"comprehension":8.498387839705204,"contact":3.3823529411764706,"contact_reachability":0.6111111111111112,"contact_satisfaction":5.75,"autonomy":8.565440149045179},"metadata":{"satisfaction_count":2399,"comprehension_count":2171,"contact_count":51,"contactReachability_count":54,"contactSatisfaction_count":30,"autonomy_count":2147}}
