{"data":{"satisfaction":8.766595289079229,"comprehension":8.481297348484848,"contact":3.2142857142857144,"contact_reachability":0.5882352941176471,"contact_satisfaction":5.625,"autonomy":8.5727969348659},"metadata":{"satisfaction_count":2335,"comprehension_count":2112,"contact_count":49,"contactReachability_count":51,"contactSatisfaction_count":28,"autonomy_count":2088}}
