{"data":{"satisfaction":8.85625,"comprehension":8.441926345609065,"contact":3.1707317073170733,"contact_reachability":0.5454545454545454,"contact_satisfaction":6.190476190476191,"autonomy":8.477425552353505},"metadata":{"satisfaction_count":2400,"comprehension_count":2118,"contact_count":41,"contactReachability_count":44,"contactSatisfaction_count":21,"autonomy_count":2082}}
