{"data":{"satisfaction":8.613945578231293,"comprehension":8.64090909090909,"contact":2.857142857142857,"contact_reachability":0.42857142857142855,"contact_satisfaction":6.666666666666667,"autonomy":8.763837638376383},"metadata":{"satisfaction_count":588,"comprehension_count":550,"contact_count":7,"contactReachability_count":7,"contactSatisfaction_count":3,"autonomy_count":542}}
