{"data":{"satisfaction":6.249754565089338,"comprehension":5.746951219512195,"contact":3.059098639455782,"contact_reachability":0.49104234527687296,"contact_satisfaction":6.529038112522686,"autonomy":4.2687629783447045},"metadata":{"satisfaction_count":5093,"comprehension_count":3936,"contact_count":1176,"contactReachability_count":1228,"contactSatisfaction_count":551,"autonomy_count":3371}}
