{"data":{"satisfaction":5.540178571428571,"comprehension":5.174598704590256,"contact":3.808252427184466,"contact_reachability":0.5756186984417965,"contact_satisfaction":6.917989417989418,"autonomy":4.292615596963423},"metadata":{"satisfaction_count":4480,"comprehension_count":3551,"contact_count":1030,"contactReachability_count":1091,"contactSatisfaction_count":567,"autonomy_count":2898}}
