{"data":{"satisfaction":5.739652529381707,"comprehension":5.12413716321532,"contact":2.6123492875411034,"contact_reachability":0.45569176882662,"contact_satisfaction":6.043956043956044,"autonomy":4.1261237440507665},"metadata":{"satisfaction_count":11742,"comprehension_count":8982,"contact_count":2737,"contactReachability_count":2855,"contactSatisfaction_count":1183,"autonomy_count":7564}}
