{"data":{"satisfaction":5.686874058317823,"comprehension":5.087400484596746,"contact":2.5659361069836555,"contact_reachability":0.4537935994246674,"contact_satisfaction":5.888746803069053,"autonomy":4.104989035087719},"metadata":{"satisfaction_count":11283,"comprehension_count":8667,"contact_count":2692,"contactReachability_count":2781,"contactSatisfaction_count":1173,"autonomy_count":7296}}
