{"data":{"satisfaction":5.840115615729824,"comprehension":5.2159147248388695,"contact":2.785574412532637,"contact_reachability":0.47470331043098063,"contact_satisfaction":6.175832127351664,"autonomy":4.162656965144936},"metadata":{"satisfaction_count":13147,"comprehension_count":10085,"contact_count":3064,"contactReachability_count":3202,"contactSatisfaction_count":1382,"autonomy_count":8521}}
