{"data":{"satisfaction":5.899280575539568,"comprehension":5.3057598039215685,"contact":3.215725806451613,"contact_reachability":0.5162362567118384,"contact_satisfaction":6.544037199124727,"autonomy":4.141926833939858},"metadata":{"satisfaction_count":15846,"comprehension_count":12240,"contact_count":3720,"contactReachability_count":3911,"contactSatisfaction_count":1828,"autonomy_count":10442}}
