{"data":{"satisfaction":6.466585415397115,"comprehension":5.837516512549538,"contact":3.588957055214724,"contact_reachability":0.5469011725293133,"contact_satisfaction":6.825,"autonomy":4.324489173528515},"metadata":{"satisfaction_count":4923,"comprehension_count":3785,"contact_count":1141,"contactReachability_count":1194,"contactSatisfaction_count":600,"autonomy_count":3279}}
