{"data":{"satisfaction":5.33484390735146,"comprehension":4.98816661407384,"contact":3.3451859956236323,"contact_reachability":0.5335397316821465,"contact_satisfaction":6.617965367965368,"autonomy":4.2740365901128845},"metadata":{"satisfaction_count":3972,"comprehension_count":3169,"contact_count":914,"contactReachability_count":969,"contactSatisfaction_count":462,"autonomy_count":2569}}
