{"data":{"satisfaction":5.9043511843460355,"comprehension":5.309396645247434,"contact":3.2435968052877997,"contact_reachability":0.5184796854521625,"contact_satisfaction":6.564938684503902,"autonomy":4.137559925643283},"metadata":{"satisfaction_count":15536,"comprehension_count":11983,"contact_count":3631,"contactReachability_count":3815,"contactSatisfaction_count":1794,"autonomy_count":10221}}
