{"data":{"satisfaction":5.787559261075691,"comprehension":5.15479627847289,"contact":2.692646023926812,"contact_reachability":0.46477923828783285,"contact_satisfaction":6.102472089314195,"autonomy":4.134566649771921},"metadata":{"satisfaction_count":12234,"comprehension_count":9351,"contact_count":2842,"contactReachability_count":2967,"contactSatisfaction_count":1254,"autonomy_count":7892}}
