{"data":{"satisfaction":5.81076801266825,"comprehension":5.182119205298013,"contact":2.745860087867523,"contact_reachability":0.47041707080504364,"contact_satisfaction":6.150643451930356,"autonomy":4.134803921568627},"metadata":{"satisfaction_count":12630,"comprehension_count":9664,"contact_count":2959,"contactReachability_count":3093,"contactSatisfaction_count":1321,"autonomy_count":8160}}
