{"data":{"satisfaction":6.498141991003325,"comprehension":5.906656465187452,"contact":3.5331858407079646,"contact_reachability":0.5382031905961377,"contact_satisfaction":6.883620689655173,"autonomy":4.356318437407517},"metadata":{"satisfaction_count":5113,"comprehension_count":3921,"contact_count":1130,"contactReachability_count":1191,"contactSatisfaction_count":580,"autonomy_count":3379}}
