{"data":{"satisfaction":6.537574919317658,"comprehension":5.92910447761194,"contact":3.633667883211679,"contact_reachability":0.5557491289198606,"contact_satisfaction":6.796075085324232,"autonomy":4.179052886277221},"metadata":{"satisfaction_count":4338,"comprehension_count":3350,"contact_count":1096,"contactReachability_count":1148,"contactSatisfaction_count":586,"autonomy_count":2893}}
