{"data":{"satisfaction":6.431402151349311,"comprehension":5.848003967270023,"contact":3.273240660295395,"contact_reachability":0.5098684210526315,"contact_satisfaction":6.788288288288288,"autonomy":4.338044418805884},"metadata":{"satisfaction_count":5299,"comprehension_count":4033,"contact_count":1151,"contactReachability_count":1216,"contactSatisfaction_count":555,"autonomy_count":3467}}
