{"data":{"satisfaction":5.840874811463046,"comprehension":5.217914701257862,"contact":2.7946859903381642,"contact_reachability":0.47486894850447114,"contact_satisfaction":6.189372325249644,"autonomy":4.159487776484284},"metadata":{"satisfaction_count":13260,"comprehension_count":10176,"contact_count":3105,"contactReachability_count":3243,"contactSatisfaction_count":1402,"autonomy_count":8590}}
