{"data":{"satisfaction":6.491609081934847,"comprehension":5.883916990920882,"contact":3.4472743521000893,"contact_reachability":0.5282700421940928,"contact_satisfaction":6.888392857142857,"autonomy":4.325301204819277},"metadata":{"satisfaction_count":5065,"comprehension_count":3855,"contact_count":1119,"contactReachability_count":1185,"contactSatisfaction_count":560,"autonomy_count":3320}}
