{"data":{"satisfaction":5.494640464493077,"comprehension":5.111940298507463,"contact":3.642433234421365,"contact_reachability":0.5640074211502782,"contact_satisfaction":6.806839186691312,"autonomy":4.271878242822552},"metadata":{"satisfaction_count":4478,"comprehension_count":3551,"contact_count":1011,"contactReachability_count":1078,"contactSatisfaction_count":541,"autonomy_count":2891}}
