{"data":{"satisfaction":6.370767170461067,"comprehension":5.801483530299221,"contact":3.13102541630149,"contact_reachability":0.49544324772162385,"contact_satisfaction":6.715225563909774,"autonomy":4.290728283123721},"metadata":{"satisfaction_count":5227,"comprehension_count":3977,"contact_count":1141,"contactReachability_count":1207,"contactSatisfaction_count":532,"autonomy_count":3419}}
