{"data":{"satisfaction":5.864081717740254,"comprehension":5.258083453757226,"contact":2.881601857225769,"contact_reachability":0.48399666017255777,"contact_satisfaction":6.2374371859296485,"autonomy":4.14446227929374},"metadata":{"satisfaction_count":14391,"comprehension_count":11072,"contact_count":3446,"contactReachability_count":3593,"contactSatisfaction_count":1592,"autonomy_count":9345}}
