{"data":{"satisfaction":6.495451099317665,"comprehension":5.8693210184722915,"contact":3.3895705521472395,"contact_reachability":0.5198675496688742,"contact_satisfaction":6.893939393939394,"autonomy":4.337979094076655},"metadata":{"satisfaction_count":5276,"comprehension_count":4006,"contact_count":1141,"contactReachability_count":1208,"contactSatisfaction_count":561,"autonomy_count":3444}}
