{"data":{"satisfaction":6.467443192667558,"comprehension":5.874310085298545,"contact":3.297069271758437,"contact_reachability":0.5079899074852817,"contact_satisfaction":6.8622920517560075,"autonomy":4.352906806894537},"metadata":{"satisfaction_count":5237,"comprehension_count":3986,"contact_count":1126,"contactReachability_count":1189,"contactSatisfaction_count":541,"autonomy_count":3423}}
