{"data":{"satisfaction":6.498815165876778,"comprehension":5.908271064158722,"contact":3.5303442028985508,"contact_reachability":0.5390557939914163,"contact_satisfaction":6.87389770723104,"autonomy":4.373508353221957},"metadata":{"satisfaction_count":5064,"comprehension_count":3881,"contact_count":1104,"contactReachability_count":1165,"contactSatisfaction_count":567,"autonomy_count":3352}}
