{"data":{"satisfaction":5.467431291928154,"comprehension":5.10331702011963,"contact":3.488538681948424,"contact_reachability":0.5423423423423424,"contact_satisfaction":6.776437847866419,"autonomy":4.306715669896425},"metadata":{"satisfaction_count":4621,"comprehension_count":3678,"contact_count":1047,"contactReachability_count":1110,"contactSatisfaction_count":539,"autonomy_count":2993}}
