{"data":{"satisfaction":5.891382790043423,"comprehension":5.306396773938483,"contact":3.1850556850556853,"contact_reachability":0.5122131754256106,"contact_satisfaction":6.527335456475583,"autonomy":4.125473528596507},"metadata":{"satisfaction_count":16351,"comprehension_count":12647,"contact_count":3861,"contactReachability_count":4053,"contactSatisfaction_count":1884,"autonomy_count":10823}}
