{"data":{"satisfaction":5.861756294901304,"comprehension":5.255282488437472,"contact":2.882935352358765,"contact_reachability":0.4842222842781346,"contact_satisfaction":6.238185255198488,"autonomy":4.139819587628866},"metadata":{"satisfaction_count":14337,"comprehension_count":11027,"contact_count":3434,"contactReachability_count":3581,"contactSatisfaction_count":1587,"autonomy_count":9312}}
