{"data":{"satisfaction":5.778325123152709,"comprehension":5.148748791751691,"contact":2.691628399858707,"contact_reachability":0.4649746192893401,"contact_satisfaction":6.096,"autonomy":4.134860050890585},"metadata":{"satisfaction_count":12180,"comprehension_count":9311,"contact_count":2831,"contactReachability_count":2955,"contactSatisfaction_count":1250,"autonomy_count":7860}}
