{"data":{"satisfaction":8.087457698815566,"comprehension":7.26581674393237,"contact":6.260611205432937,"contact_reachability":0.8051197357555739,"contact_satisfaction":7.829087048832272,"autonomy":6.449976947902259},"metadata":{"satisfaction_count":9456,"comprehension_count":7334,"contact_count":1178,"contactReachability_count":1211,"contactSatisfaction_count":942,"autonomy_count":6507}}
