{"data":{"satisfaction":8.221,"comprehension":7.4035087719298245,"contact":6.029082774049217,"contact_reachability":0.7847826086956522,"contact_satisfaction":7.744252873563219,"autonomy":6.881780250347705},"metadata":{"satisfaction_count":5000,"comprehension_count":3990,"contact_count":447,"contactReachability_count":460,"contactSatisfaction_count":348,"autonomy_count":3595}}
