{"data":{"satisfaction":7.912835601324016,"comprehension":7.1328015016424215,"contact":5.804761904761905,"contact_reachability":0.7595628415300546,"contact_satisfaction":7.754452926208652,"autonomy":6.642531509788147},"metadata":{"satisfaction_count":5438,"comprehension_count":4262,"contact_count":525,"contactReachability_count":549,"contactSatisfaction_count":393,"autonomy_count":3729}}
