{"data":{"satisfaction":8.181944444444444,"comprehension":7.287300177619893,"contact":6.3029599535693555,"contact_reachability":0.8030646992054483,"contact_satisfaction":7.892441860465116,"autonomy":6.5595014343654166},"metadata":{"satisfaction_count":14400,"comprehension_count":11260,"contact_count":1723,"contactReachability_count":1762,"contactSatisfaction_count":1376,"autonomy_count":10109}}
