{"data":{"satisfaction":8.0163421418637,"comprehension":7.150557620817844,"contact":5.947653429602888,"contact_reachability":0.7636152954808807,"contact_satisfaction":7.882775119617225,"autonomy":6.656596173212487},"metadata":{"satisfaction_count":8628,"comprehension_count":6725,"contact_count":831,"contactReachability_count":863,"contactSatisfaction_count":627,"autonomy_count":5958}}
