{"data":{"satisfaction":8.172570316932804,"comprehension":7.2987551867219915,"contact":6.293969849246231,"contact_reachability":0.8001397624039134,"contact_satisfaction":7.920054200542006,"autonomy":6.636553161917998},"metadata":{"satisfaction_count":12337,"comprehension_count":9640,"contact_count":1393,"contactReachability_count":1431,"contactSatisfaction_count":1107,"autonomy_count":8634}}
