{"data":{"satisfaction":8.24468085106383,"comprehension":7.347591952855111,"contact":6.315055762081784,"contact_reachability":0.7904085257548845,"contact_satisfaction":8.089285714285714,"autonomy":6.902356902356902},"metadata":{"satisfaction_count":6204,"comprehension_count":4921,"contact_count":538,"contactReachability_count":563,"contactSatisfaction_count":420,"autonomy_count":4455}}
