{"data":{"satisfaction":8.27420424403183,"comprehension":7.367104440275172,"contact":6.162570888468809,"contact_reachability":0.7882136279926335,"contact_satisfaction":7.874396135265701,"autonomy":6.9383057090239415},"metadata":{"satisfaction_count":6032,"comprehension_count":4797,"contact_count":529,"contactReachability_count":543,"contactSatisfaction_count":414,"autonomy_count":4344}}
