{"data":{"satisfaction":8.137759630747382,"comprehension":7.251165965191674,"contact":6.211615487316422,"contact_reachability":0.7998687664041995,"contact_satisfaction":7.799664710813076,"autonomy":6.415647298674822},"metadata":{"satisfaction_count":11266,"comprehension_count":8791,"contact_count":1498,"contactReachability_count":1524,"contactSatisfaction_count":1193,"autonomy_count":7848}}
