{"data":{"satisfaction":7.846385542168675,"comprehension":6.872469635627531,"contact":5.409836065573771,"contact_reachability":0.7377049180327869,"contact_satisfaction":7.333333333333333,"autonomy":5.534883720930233},"metadata":{"satisfaction_count":332,"comprehension_count":247,"contact_count":61,"contactReachability_count":61,"contactSatisfaction_count":45,"autonomy_count":215}}
