{"data":{"satisfaction":7.87321063394683,"comprehension":6.806864064602961,"contact":6.197604790419161,"contact_reachability":0.8224852071005917,"contact_satisfaction":7.554744525547445,"autonomy":5.870870870870871},"metadata":{"satisfaction_count":978,"comprehension_count":743,"contact_count":167,"contactReachability_count":169,"contactSatisfaction_count":137,"autonomy_count":666}}
