{"data":{"satisfaction":8.181215083798882,"comprehension":7.286626194089814,"contact":6.312939110070258,"contact_reachability":0.8042358328563252,"contact_satisfaction":7.893484626647145,"autonomy":6.5599840970082495},"metadata":{"satisfaction_count":14320,"comprehension_count":11201,"contact_count":1708,"contactReachability_count":1747,"contactSatisfaction_count":1366,"autonomy_count":10061}}
