{"data":{"satisfaction":7.824295368386353,"comprehension":7.050064047822374,"contact":5.777080062794348,"contact_reachability":0.7620481927710844,"contact_satisfaction":7.682672233820459,"autonomy":6.428922774225283},"metadata":{"satisfaction_count":6067,"comprehension_count":4684,"contact_count":637,"contactReachability_count":664,"contactSatisfaction_count":479,"autonomy_count":4066}}
