{"data":{"satisfaction":8.103162260238465,"comprehension":7.21373022257978,"contact":6.232262882748319,"contact_reachability":0.8022058823529412,"contact_satisfaction":7.799065420560748,"autonomy":6.331468319975805},"metadata":{"satisfaction_count":9645,"comprehension_count":7458,"contact_count":1339,"contactReachability_count":1360,"contactSatisfaction_count":1070,"autonomy_count":6613}}
