{"data":{"satisfaction":8.24656426839127,"comprehension":7.3466163880962085,"contact":6.308411214953271,"contact_reachability":0.7892857142857143,"contact_satisfaction":8.093525179856115,"autonomy":6.9015987390227425},"metadata":{"satisfaction_count":6185,"comprehension_count":4906,"contact_count":535,"contactReachability_count":560,"contactSatisfaction_count":417,"autonomy_count":4441}}
