{"data":{"satisfaction":8.04269687397887,"comprehension":7.188284518828452,"contact":6.0058386411889595,"contact_reachability":0.764102564102564,"contact_satisfaction":7.945926966292135,"autonomy":6.628418736246464},"metadata":{"satisfaction_count":9181,"comprehension_count":7170,"contact_count":942,"contactReachability_count":975,"contactSatisfaction_count":712,"autonomy_count":6362}}
