{"data":{"satisfaction":8.182370820668693,"comprehension":7.3639369277721265,"contact":6.0852272727272725,"contact_reachability":0.7813852813852814,"contact_satisfaction":7.898230088495575,"autonomy":6.844343634817125},"metadata":{"satisfaction_count":4935,"comprehension_count":3932,"contact_count":440,"contactReachability_count":462,"contactSatisfaction_count":339,"autonomy_count":3527}}
