{"data":{"satisfaction":8.101422387136672,"comprehension":7.27891382286549,"contact":6.348979591836735,"contact_reachability":0.8144904458598726,"contact_satisfaction":7.840221774193548,"autonomy":6.433576859997018},"metadata":{"satisfaction_count":9702,"comprehension_count":7531,"contact_count":1225,"contactReachability_count":1256,"contactSatisfaction_count":992,"autonomy_count":6707}}
