{"data":{"satisfaction":8.183396464646465,"comprehension":7.308740411788453,"contact":6.3562543192812715,"contact_reachability":0.8074074074074075,"contact_satisfaction":7.9220499569336775,"autonomy":6.616093504158238},"metadata":{"satisfaction_count":12672,"comprehension_count":9908,"contact_count":1447,"contactReachability_count":1485,"contactSatisfaction_count":1161,"autonomy_count":8898}}
