{"data":{"satisfaction":7.88030303030303,"comprehension":7.110643709645862,"contact":5.876840696117805,"contact_reachability":0.7625806451612903,"contact_satisfaction":7.797513321492007,"autonomy":6.409162362452279},"metadata":{"satisfaction_count":6600,"comprehension_count":5111,"contact_count":747,"contactReachability_count":775,"contactSatisfaction_count":563,"autonomy_count":4453}}
