{"data":{"satisfaction":8.408425980105324,"comprehension":7.5124289772727275,"contact":6.258064516129032,"contact_reachability":0.78125,"contact_satisfaction":8.083333333333334,"autonomy":6.959564541213064},"metadata":{"satisfaction_count":1709,"comprehension_count":1408,"contact_count":155,"contactReachability_count":160,"contactSatisfaction_count":120,"autonomy_count":1286}}
