{"data":{"satisfaction":8.168347396583659,"comprehension":7.359073359073359,"contact":6.099537037037037,"contact_reachability":0.7841409691629956,"contact_satisfaction":7.889221556886228,"autonomy":6.865113603681334},"metadata":{"satisfaction_count":4859,"comprehension_count":3885,"contact_count":432,"contactReachability_count":454,"contactSatisfaction_count":334,"autonomy_count":3477}}
