{"data":{"satisfaction":9.419934640522875,"comprehension":9.249539594843462,"contact":5.975609756097561,"contact_reachability":0.7619047619047619,"contact_satisfaction":7.903225806451613,"autonomy":7.883895131086143},"metadata":{"satisfaction_count":612,"comprehension_count":543,"contact_count":41,"contactReachability_count":42,"contactSatisfaction_count":31,"autonomy_count":534}}
