{"data":{"satisfaction":9.365634365634365,"comprehension":9.20608108108108,"contact":5.762195121951219,"contact_reachability":0.6968503937007874,"contact_satisfaction":8.387573964497042,"autonomy":7.792158355538637},"metadata":{"satisfaction_count":3003,"comprehension_count":2664,"contact_count":246,"contactReachability_count":254,"contactSatisfaction_count":169,"autonomy_count":2627}}
