{"data":{"satisfaction":9.424964936886395,"comprehension":9.27133655394525,"contact":6.226415094339623,"contact_reachability":0.7407407407407407,"contact_satisfaction":8.461538461538462,"autonomy":7.721311475409836},"metadata":{"satisfaction_count":713,"comprehension_count":621,"contact_count":53,"contactReachability_count":54,"contactSatisfaction_count":39,"autonomy_count":610}}
