{"data":{"satisfaction":9.193083573487032,"comprehension":9.039403838301347,"contact":4.861660079051384,"contact_reachability":0.6091954022988506,"contact_satisfaction":8.14569536423841,"autonomy":7.721145745577085},"metadata":{"satisfaction_count":2776,"comprehension_count":2449,"contact_count":253,"contactReachability_count":261,"contactSatisfaction_count":151,"autonomy_count":2374}}
