{"data":{"satisfaction":9.474053295932679,"comprehension":9.338235294117647,"contact":5.615384615384615,"contact_reachability":0.6865671641791045,"contact_satisfaction":8.295454545454545,"autonomy":7.629513343799058},"metadata":{"satisfaction_count":713,"comprehension_count":646,"contact_count":65,"contactReachability_count":67,"contactSatisfaction_count":44,"autonomy_count":637}}
