{"data":{"satisfaction":9.236812570145904,"comprehension":9.194651741293532,"contact":5.230263157894737,"contact_reachability":0.6329113924050633,"contact_satisfaction":8.457446808510639,"autonomy":7.915601023017903},"metadata":{"satisfaction_count":891,"comprehension_count":804,"contact_count":76,"contactReachability_count":79,"contactSatisfaction_count":47,"autonomy_count":782}}
