{"data":{"satisfaction":9.403927068723704,"comprehension":9.243264659270999,"contact":6.020408163265306,"contact_reachability":0.76,"contact_satisfaction":7.972972972972973,"autonomy":7.851373182552504},"metadata":{"satisfaction_count":713,"comprehension_count":631,"contact_count":49,"contactReachability_count":50,"contactSatisfaction_count":37,"autonomy_count":619}}
