{"data":{"satisfaction":9.452054794520548,"comprehension":9.322289156626505,"contact":5.344827586206897,"contact_reachability":0.6833333333333333,"contact_satisfaction":7.948717948717949,"autonomy":7.71822358346095},"metadata":{"satisfaction_count":730,"comprehension_count":664,"contact_count":58,"contactReachability_count":60,"contactSatisfaction_count":39,"autonomy_count":653}}
