{"data":{"satisfaction":9.235630454408668,"comprehension":9.074897400820793,"contact":5.320945945945946,"contact_reachability":0.6449511400651465,"contact_satisfaction":8.422459893048128,"autonomy":7.734128376008418},"metadata":{"satisfaction_count":3323,"comprehension_count":2924,"contact_count":296,"contactReachability_count":307,"contactSatisfaction_count":187,"autonomy_count":2851}}
