{"data":{"satisfaction":9.367396593673966,"comprehension":9.252754820936639,"contact":7.230769230769231,"contact_reachability":0.8235294117647058,"contact_satisfaction":8.867924528301886,"autonomy":7.866108786610878},"metadata":{"satisfaction_count":822,"comprehension_count":726,"contact_count":65,"contactReachability_count":68,"contactSatisfaction_count":53,"autonomy_count":717}}
