{"data":{"satisfaction":9.341776110068793,"comprehension":9.128448584736654,"contact":5.639097744360902,"contact_reachability":0.6872727272727273,"contact_satisfaction":8.333333333333334,"autonomy":7.765342960288809},"metadata":{"satisfaction_count":3198,"comprehension_count":2791,"contact_count":266,"contactReachability_count":275,"contactSatisfaction_count":180,"autonomy_count":2770}}
