{"data":{"satisfaction":9.234923492349235,"comprehension":9.074326628025911,"contact":5.328282828282828,"contact_reachability":0.6461038961038961,"contact_satisfaction":8.417553191489361,"autonomy":7.730769230769231},"metadata":{"satisfaction_count":3333,"comprehension_count":2933,"contact_count":297,"contactReachability_count":308,"contactSatisfaction_count":188,"autonomy_count":2860}}
