{"data":{"satisfaction":9.237875288683602,"comprehension":9.221153846153847,"contact":6.0576923076923075,"contact_reachability":0.7037037037037037,"contact_satisfaction":8.75,"autonomy":7.7822045152722445},"metadata":{"satisfaction_count":866,"comprehension_count":780,"contact_count":78,"contactReachability_count":81,"contactSatisfaction_count":54,"autonomy_count":753}}
