{"data":{"satisfaction":9.372131147540983,"comprehension":9.21008869179601,"contact":5.807086614173229,"contact_reachability":0.6984732824427481,"contact_satisfaction":8.428571428571429,"autonomy":7.7836016473231},"metadata":{"satisfaction_count":3050,"comprehension_count":2706,"contact_count":254,"contactReachability_count":262,"contactSatisfaction_count":175,"autonomy_count":2671}}
