{"data":{"satisfaction":9.33506325008109,"comprehension":9.119455833022736,"contact":5.629770992366412,"contact_reachability":0.6826568265682657,"contact_satisfaction":8.380681818181818,"autonomy":7.742299023290759},"metadata":{"satisfaction_count":3083,"comprehension_count":2683,"contact_count":262,"contactReachability_count":271,"contactSatisfaction_count":176,"autonomy_count":2662}}
