{"data":{"satisfaction":6.335113484646195,"comprehension":5.7195845697329375,"contact":3.7756849315068495,"contact_reachability":0.5902192242833052,"contact_satisfaction":6.4662756598240465,"autonomy":4.755145493257629},"metadata":{"satisfaction_count":2247,"comprehension_count":1685,"contact_count":584,"contactReachability_count":593,"contactSatisfaction_count":341,"autonomy_count":1409}}
