{"data":{"satisfaction":6.33289124668435,"comprehension":5.722287735849057,"contact":3.8217905405405403,"contact_reachability":0.5956738768718802,"contact_satisfaction":6.482808022922636,"autonomy":4.763918252290345},"metadata":{"satisfaction_count":2262,"comprehension_count":1696,"contact_count":592,"contactReachability_count":601,"contactSatisfaction_count":349,"autonomy_count":1419}}
