{"data":{"satisfaction":6.96361273554256,"comprehension":6.232342614517841,"contact":4.690476190476191,"contact_reachability":0.6821503131524008,"contact_satisfaction":6.9203747072599535,"autonomy":6.187312874251497},"metadata":{"satisfaction_count":15390,"comprehension_count":12247,"contact_count":1890,"contactReachability_count":1916,"contactSatisfaction_count":1281,"autonomy_count":10688}}
