{"data":{"satisfaction":8.102803738317757,"comprehension":7.176220806794055,"contact":5.232558139534884,"contact_reachability":0.6744186046511628,"contact_satisfaction":7.758620689655173,"autonomy":7.623318385650224},"metadata":{"satisfaction_count":535,"comprehension_count":471,"contact_count":43,"contactReachability_count":43,"contactSatisfaction_count":29,"autonomy_count":446}}
