{"data":{"satisfaction":6.514115898959881,"comprehension":5.844130349430703,"contact":3.7064343163538873,"contact_reachability":0.5846560846560847,"contact_satisfaction":6.400462962962963,"autonomy":5.06155303030303},"metadata":{"satisfaction_count":3365,"comprehension_count":2547,"contact_count":746,"contactReachability_count":756,"contactSatisfaction_count":432,"autonomy_count":2112}}
