{"data":{"satisfaction":7.5349095525230085,"comprehension":6.5150111193476645,"contact":5.55019305019305,"contact_reachability":0.7300380228136882,"contact_satisfaction":7.6462765957446805,"autonomy":6.5377751338489},"metadata":{"satisfaction_count":6302,"comprehension_count":5396,"contact_count":518,"contactReachability_count":526,"contactSatisfaction_count":376,"autonomy_count":5043}}
