{"data":{"satisfaction":6.898954703832753,"comprehension":6.247716705413484,"contact":4.580771380659586,"contact_reachability":0.6879120879120879,"contact_satisfaction":6.711711711711712,"autonomy":6.179295624332978},"metadata":{"satisfaction_count":15211,"comprehension_count":12044,"contact_count":1789,"contactReachability_count":1820,"contactSatisfaction_count":1221,"autonomy_count":10307}}
