{"data":{"satisfaction":6.551457810388106,"comprehension":5.904622063329929,"contact":3.845573440643863,"contact_reachability":0.6031746031746031,"contact_satisfaction":6.435185185185185,"autonomy":5.373134328358209},"metadata":{"satisfaction_count":5179,"comprehension_count":3916,"contact_count":994,"contactReachability_count":1008,"contactSatisfaction_count":594,"autonomy_count":3216}}
