{"data":{"satisfaction":6.876570447999019,"comprehension":6.218242560795587,"contact":4.555719194894452,"contact_reachability":0.6845151953690304,"contact_satisfaction":6.7100506146059296,"autonomy":6.1463860933211345},"metadata":{"satisfaction_count":16317,"comprehension_count":12871,"contact_count":2037,"contactReachability_count":2073,"contactSatisfaction_count":1383,"autonomy_count":10930}}
