{"data":{"satisfaction":7.298189202910814,"comprehension":6.515259409969481,"contact":4.8161764705882355,"contact_reachability":0.7272727272727273,"contact_satisfaction":6.70076726342711,"autonomy":6.597744360902255},"metadata":{"satisfaction_count":5909,"comprehension_count":4915,"contact_count":544,"contactReachability_count":561,"contactSatisfaction_count":391,"autonomy_count":4256}}
