{"data":{"satisfaction":7.264803541781959,"comprehension":6.455391261006811,"contact":4.947368421052632,"contact_reachability":0.726207906295754,"contact_satisfaction":6.882845188284519,"autonomy":6.437630134393337},"metadata":{"satisfaction_count":7228,"comprehension_count":6019,"contact_count":665,"contactReachability_count":683,"contactSatisfaction_count":478,"autonomy_count":5283}}
