{"data":{"satisfaction":7.645996387718242,"comprehension":6.598904939422181,"contact":5.554156171284634,"contact_reachability":0.7326732673267327,"contact_satisfaction":7.629757785467128,"autonomy":6.7381011711936205},"metadata":{"satisfaction_count":4983,"comprehension_count":4292,"contact_count":397,"contactReachability_count":404,"contactSatisfaction_count":289,"autonomy_count":4013}}
