{"data":{"satisfaction":6.406570841889117,"comprehension":6.471663619744058,"contact":3.3684210526315788,"contact_reachability":0.705,"contact_satisfaction":4.885496183206107,"autonomy":6.201117318435754},"metadata":{"satisfaction_count":1461,"comprehension_count":1094,"contact_count":190,"contactReachability_count":200,"contactSatisfaction_count":131,"autonomy_count":716}}
