{"data":{"satisfaction":8.392294733758149,"comprehension":7.985504789353225,"contact":6.9822343149807935,"contact_reachability":0.8145339652448658,"contact_satisfaction":8.59775325187229,"autonomy":6.128014028934678},"metadata":{"satisfaction_count":13653,"comprehension_count":11797,"contact_count":3124,"contactReachability_count":3165,"contactSatisfaction_count":2537,"autonomy_count":11405}}
