{"data":{"satisfaction":8.291198903076527,"comprehension":7.918080223508282,"contact":7.383159521050598,"contact_reachability":0.8470319634703196,"contact_satisfaction":8.740283493369914,"autonomy":5.8189122373300375},"metadata":{"satisfaction_count":11669,"comprehension_count":10022,"contact_count":2589,"contactReachability_count":2628,"contactSatisfaction_count":2187,"autonomy_count":9708}}
