{"data":{"satisfaction":8.364790845340684,"comprehension":7.8684610486968305,"contact":7.1338743173602035,"contact_reachability":0.8313143549364022,"contact_satisfaction":8.609254618026547,"autonomy":5.964544018621664},"metadata":{"satisfaction_count":57326,"comprehension_count":48689,"contact_count":13001,"contactReachability_count":13208,"contactSatisfaction_count":10773,"autonomy_count":48116}}
