{"data":{"satisfaction":8.45633276281416,"comprehension":7.982948569625578,"contact":7.2562154696132595,"contact_reachability":0.8479985410777788,"contact_satisfaction":8.57201131295551,"autonomy":5.945083014048532},"metadata":{"satisfaction_count":44404,"comprehension_count":38032,"contact_count":10860,"contactReachability_count":10967,"contactSatisfaction_count":9193,"autonomy_count":37584}}
