{"data":{"satisfaction":8.326556834583025,"comprehension":7.884103519583956,"contact":7.17717543043276,"contact_reachability":0.8348371310597951,"contact_satisfaction":8.621436556735606,"autonomy":5.9868602310056165},"metadata":{"satisfaction_count":56814,"comprehension_count":48841,"contact_count":12894,"contactReachability_count":13078,"contactSatisfaction_count":10734,"autonomy_count":47185}}
