{"data":{"satisfaction":8.261128100577642,"comprehension":7.8979743083003955,"contact":7.33564988730278,"contact_reachability":0.8487895716945997,"contact_satisfaction":8.655806737588652,"autonomy":5.798490719967367},"metadata":{"satisfaction_count":11772,"comprehension_count":10120,"contact_count":2662,"contactReachability_count":2685,"contactSatisfaction_count":2256,"autonomy_count":9806}}
