{"data":{"satisfaction":8.152099956701925,"comprehension":7.651087832393231,"contact":6.571146245059288,"contact_reachability":0.7881027807110172,"contact_satisfaction":8.38491517652453,"autonomy":6.179025752404592},"metadata":{"satisfaction_count":16167,"comprehension_count":13651,"contact_count":2783,"contactReachability_count":2841,"contactSatisfaction_count":2181,"autonomy_count":12892}}
