{"data":{"satisfaction":8.460014573276254,"comprehension":7.989007629529202,"contact":7.258280903034789,"contact_reachability":0.8482821804855704,"contact_satisfaction":8.571623688811188,"autonomy":5.943132296766557},"metadata":{"satisfaction_count":43916,"comprehension_count":37617,"contact_count":10808,"contactReachability_count":10915,"contactSatisfaction_count":9152,"autonomy_count":37174}}
