{"data":{"satisfaction":8.323940528716028,"comprehension":7.906164868401295,"contact":7.1302022396790905,"contact_reachability":0.8290091425747467,"contact_satisfaction":8.626895854398382,"autonomy":6.030582133595637},"metadata":{"satisfaction_count":53942,"comprehension_count":46619,"contact_count":11966,"contactReachability_count":12141,"contactSatisfaction_count":9890,"autonomy_count":44732}}
