{"data":{"satisfaction":8.28889931462141,"comprehension":7.836050096799637,"contact":7.043746520690295,"contact_reachability":0.8241426611796983,"contact_satisfaction":8.573404856013552,"autonomy":6.018807225934174},"metadata":{"satisfaction_count":49024,"comprehension_count":41839,"contact_count":10778,"contactReachability_count":10935,"contactSatisfaction_count":8855,"autonomy_count":40410}}
