{"data":{"satisfaction":8.354734862186211,"comprehension":7.853121201134594,"contact":7.144636924537257,"contact_reachability":0.8325679146882541,"contact_satisfaction":8.609522447812411,"autonomy":5.900500935222411},"metadata":{"satisfaction_count":55292,"comprehension_count":46889,"contact_count":12642,"contactReachability_count":12847,"contactSatisfaction_count":10491,"autonomy_count":46513}}
