{"data":{"satisfaction":8.269199935866602,"comprehension":7.8594511052828775,"contact":7.2674192292720905,"contact_reachability":0.8359524722115753,"contact_satisfaction":8.720224194301728,"autonomy":5.9877324505890375},"metadata":{"satisfaction_count":12474,"comprehension_count":10676,"contact_count":2569,"contactReachability_count":2609,"contactSatisfaction_count":2141,"autonomy_count":10271}}
