{"data":{"satisfaction":8.153066301778829,"comprehension":7.664649798313165,"contact":6.818260568260568,"contact_reachability":0.8046875,"contact_satisfaction":8.514712245781046,"autonomy":6.135093167701863},"metadata":{"satisfaction_count":16078,"comprehension_count":13635,"contact_count":2886,"contactReachability_count":2944,"contactSatisfaction_count":2311,"autonomy_count":12880}}
