{"data":{"satisfaction":8.375742472221702,"comprehension":7.884737905883386,"contact":7.18772856562373,"contact_reachability":0.8369868473495417,"contact_satisfaction":8.62037037037037,"autonomy":5.9416974997197},"metadata":{"satisfaction_count":53369,"comprehension_count":45518,"contact_count":12305,"contactReachability_count":12545,"contactSatisfaction_count":10260,"autonomy_count":44595}}
