{"data":{"satisfaction":8.261130651110921,"comprehension":7.892215568862276,"contact":7.337467117624953,"contact_reachability":0.8508575689783744,"contact_satisfaction":8.635559486952676,"autonomy":5.787632472476592},"metadata":{"satisfaction_count":11657,"comprehension_count":10020,"contact_count":2661,"contactReachability_count":2682,"contactSatisfaction_count":2261,"autonomy_count":9719}}
