{"data":{"satisfaction":8.394318822545836,"comprehension":7.904812882946496,"contact":7.223129080863887,"contact_reachability":0.8401346580178997,"contact_satisfaction":8.629612961296129,"autonomy":5.949499165275459},"metadata":{"satisfaction_count":51433,"comprehension_count":43903,"contact_count":11946,"contactReachability_count":12179,"contactSatisfaction_count":9999,"autonomy_count":43128}}
