{"data":{"satisfaction":8.258737940850862,"comprehension":7.8306071527585255,"contact":7.208399681528663,"contact_reachability":0.8317683881064163,"contact_satisfaction":8.69716618635927,"autonomy":6.069118640795444},"metadata":{"satisfaction_count":12646,"comprehension_count":10821,"contact_count":2512,"contactReachability_count":2556,"contactSatisfaction_count":2082,"autonomy_count":10359}}
