{"data":{"satisfaction":8.415160584781859,"comprehension":8.035678824386046,"contact":6.8809776833156215,"contact_reachability":0.811186974789916,"contact_satisfaction":8.505747126436782,"autonomy":6.469981431813493},"metadata":{"satisfaction_count":17374,"comprehension_count":15107,"contact_count":3764,"contactReachability_count":3808,"contactSatisfaction_count":3045,"autonomy_count":14541}}
