{"data":{"satisfaction":8.170963721052287,"comprehension":7.684705245242148,"contact":6.911018484958318,"contact_reachability":0.8127886323268206,"contact_satisfaction":8.542786738351255,"autonomy":6.3152146517684615},"metadata":{"satisfaction_count":15243,"comprehension_count":12926,"contact_count":2759,"contactReachability_count":2815,"contactSatisfaction_count":2232,"autonomy_count":11903}}
