{"data":{"satisfaction":8.3840372226199,"comprehension":8.018536057367069,"contact":7.717589428115744,"contact_reachability":0.8746630727762803,"contact_satisfaction":8.841686243800574,"autonomy":5.543878804422},"metadata":{"satisfaction_count":16764,"comprehension_count":14782,"contact_count":4389,"contactReachability_count":4452,"contactSatisfaction_count":3831,"autonomy_count":14654}}
