{"data":{"satisfaction":8.45622989015866,"comprehension":7.983191643771707,"contact":7.319776495374187,"contact_reachability":0.847267170082704,"contact_satisfaction":8.668908656975482,"autonomy":5.919210946288883},"metadata":{"satisfaction_count":45065,"comprehension_count":38582,"contact_count":10917,"contactReachability_count":11124,"contactSatisfaction_count":9218,"autonomy_count":38223}}
