{"data":{"satisfaction":8.327709138409622,"comprehension":7.883355869179414,"contact":7.165750545630911,"contact_reachability":0.833612240019125,"contact_satisfaction":8.620781872994263,"autonomy":6.002618372245254},"metadata":{"satisfaction_count":55119,"comprehension_count":47332,"contact_count":12371,"contactReachability_count":12549,"contactSatisfaction_count":10283,"autonomy_count":45830}}
