{"data":{"satisfaction":8.380962367026347,"comprehension":7.891312603315016,"contact":7.199471598414795,"contact_reachability":0.838179314813315,"contact_satisfaction":8.62171247775361,"autonomy":5.943707479123529},"metadata":{"satisfaction_count":52454,"comprehension_count":44766,"contact_count":12112,"contactReachability_count":12347,"contactSatisfaction_count":10114,"autonomy_count":43949}}
