{"data":{"satisfaction":8.506232023010547,"comprehension":8.115851335909017,"contact":7.206577815993121,"contact_reachability":0.8349968146103207,"contact_satisfaction":8.651612903225807,"autonomy":6.375992840362457},"metadata":{"satisfaction_count":20860,"comprehension_count":18377,"contact_count":4652,"contactReachability_count":4709,"contactSatisfaction_count":3875,"autonomy_count":17878}}
