{"data":{"satisfaction":8.34609391531847,"comprehension":7.8363679759956355,"contact":7.1823676531888285,"contact_reachability":0.8357265939115451,"contact_satisfaction":8.6212848994296,"autonomy":5.841899223918866},"metadata":{"satisfaction_count":51983,"comprehension_count":43992,"contact_count":11995,"contactReachability_count":12187,"contactSatisfaction_count":9993,"autonomy_count":43681}}
