{"data":{"satisfaction":8.344947068170072,"comprehension":7.83471289323111,"contact":7.179306339196814,"contact_reachability":0.8355247039608004,"contact_satisfaction":8.619744969117354,"autonomy":5.838264748725419},"metadata":{"satisfaction_count":52237,"comprehension_count":44217,"contact_count":12052,"contactReachability_count":12245,"contactSatisfaction_count":10038,"autonomy_count":43936}}
