{"data":{"satisfaction":8.377909219493377,"comprehension":7.886550186354137,"contact":7.190781100859052,"contact_reachability":0.8376121732344909,"contact_satisfaction":8.617148031646172,"autonomy":5.928131868131868},"metadata":{"satisfaction_count":54439,"comprehension_count":46417,"contact_count":12572,"contactReachability_count":12815,"contactSatisfaction_count":10491,"autonomy_count":45500}}
