{"data":{"satisfaction":8.455646877029539,"comprehension":7.983590481171548,"contact":7.254946866984243,"contact_reachability":0.8477097505668935,"contact_satisfaction":8.573671105337231,"autonomy":5.939368287392202},"metadata":{"satisfaction_count":44653,"comprehension_count":38240,"contact_count":10916,"contactReachability_count":11025,"contactSatisfaction_count":9237,"autonomy_count":37802}}
