{"data":{"satisfaction":8.265288242509198,"comprehension":7.909364173629509,"contact":7.3388305847076465,"contact_reachability":0.8527881040892193,"contact_satisfaction":8.617957746478874,"autonomy":5.767012687427912},"metadata":{"satisfaction_count":11414,"comprehension_count":9814,"contact_count":2668,"contactReachability_count":2690,"contactSatisfaction_count":2272,"autonomy_count":9537}}
