{"data":{"satisfaction":8.456147778421498,"comprehension":7.984089194182083,"contact":7.318867230599485,"contact_reachability":0.8472435261210863,"contact_satisfaction":8.668191222911902,"autonomy":5.934465061192262},"metadata":{"satisfaction_count":44878,"comprehension_count":38433,"contact_count":10876,"contactReachability_count":11083,"contactSatisfaction_count":9183,"autonomy_count":37995}}
