{"data":{"satisfaction":8.53679831544348,"comprehension":8.14729424047329,"contact":7.369291859695566,"contact_reachability":0.8499454743729553,"contact_satisfaction":8.687906371911573,"autonomy":6.143752562825845},"metadata":{"satisfaction_count":19471,"comprehension_count":17241,"contact_count":4533,"contactReachability_count":4585,"contactSatisfaction_count":3845,"autonomy_count":17071}}
