{"data":{"satisfaction":8.389860658167803,"comprehension":8.02616533261586,"contact":7.6758166969147,"contact_reachability":0.8706066711439445,"contact_satisfaction":8.83420365535248,"autonomy":5.624700486068323},"metadata":{"satisfaction_count":16865,"comprehension_count":14867,"contact_count":4408,"contactReachability_count":4467,"contactSatisfaction_count":3830,"autonomy_count":14607}}
