{"data":{"satisfaction":8.367356279751007,"comprehension":7.9512519978689395,"contact":7.139588100686499,"contact_reachability":0.8284960422163589,"contact_satisfaction":8.638670973696355,"autonomy":5.873015873015873},"metadata":{"satisfaction_count":10924,"comprehension_count":9385,"contact_count":2622,"contactReachability_count":2653,"contactSatisfaction_count":2167,"autonomy_count":9072}}
