{"data":{"satisfaction":8.511245384357167,"comprehension":8.122754979862849,"contact":7.228657228657228,"contact_reachability":0.8363713437897414,"contact_satisfaction":8.663239074550129,"autonomy":6.363280594845419},"metadata":{"satisfaction_count":20853,"comprehension_count":18374,"contact_count":4662,"contactReachability_count":4718,"contactSatisfaction_count":3890,"autonomy_count":17887}}
