{"data":{"satisfaction":8.364133847672019,"comprehension":7.943186560934891,"contact":7.12457975345536,"contact_reachability":0.8276116648209672,"contact_satisfaction":8.630090497737557,"autonomy":5.881971465629054},"metadata":{"satisfaction_count":11147,"comprehension_count":9584,"contact_count":2677,"contactReachability_count":2709,"contactSatisfaction_count":2210,"autonomy_count":9252}}
