{"data":{"satisfaction":8.426802385892117,"comprehension":8.027408016751421,"contact":6.9627737226277375,"contact_reachability":0.81199538638985,"contact_satisfaction":8.599891813919943,"autonomy":6.317714819427148},"metadata":{"satisfaction_count":15424,"comprehension_count":13372,"contact_count":3425,"contactReachability_count":3468,"contactSatisfaction_count":2773,"autonomy_count":12848}}
