{"data":{"satisfaction":8.143904674610448,"comprehension":7.64762214512865,"contact":6.706772086627707,"contact_reachability":0.795822102425876,"contact_satisfaction":8.471558836300478,"autonomy":6.0669297313704655},"metadata":{"satisfaction_count":16365,"comprehension_count":13836,"contact_count":2909,"contactReachability_count":2968,"contactSatisfaction_count":2303,"autonomy_count":13178}}
