{"data":{"satisfaction":8.271411645226811,"comprehension":7.9057179411475245,"contact":7.380817253121453,"contact_reachability":0.8468132687290346,"contact_satisfaction":8.73991935483871,"autonomy":5.8102605863192185},"metadata":{"satisfaction_count":11816,"comprehension_count":10161,"contact_count":2643,"contactReachability_count":2683,"contactSatisfaction_count":2232,"autonomy_count":9824}}
