{"data":{"satisfaction":8.377642507471444,"comprehension":7.887224754859797,"contact":7.190502660208052,"contact_reachability":0.8375662200062325,"contact_satisfaction":8.617244004567949,"autonomy":5.9288598262090755},"metadata":{"satisfaction_count":54541,"comprehension_count":46504,"contact_count":12593,"contactReachability_count":12836,"contactSatisfaction_count":10508,"autonomy_count":45572}}
