{"data":{"satisfaction":8.321958757197255,"comprehension":7.903152002724216,"contact":7.135645121244724,"contact_reachability":0.829487074940879,"contact_satisfaction":8.628903122497999,"autonomy":6.0250061071753755},"metadata":{"satisfaction_count":54361,"comprehension_count":46986,"contact_count":12083,"contactReachability_count":12263,"contactSatisfaction_count":9992,"autonomy_count":45029}}
