{"data":{"satisfaction":8.327941442255558,"comprehension":7.883551122614313,"contact":7.16907921190189,"contact_reachability":0.8337429636089748,"contact_satisfaction":8.623283033468756,"autonomy":5.993136552203471},"metadata":{"satisfaction_count":55330,"comprehension_count":47523,"contact_count":12435,"contactReachability_count":12613,"contactSatisfaction_count":10338,"autonomy_count":46041}}
