{"data":{"satisfaction":6.348314606741573,"comprehension":6.533333333333333,"contact":4.214285714285714,"contact_reachability":0.5142857142857142,"contact_satisfaction":8.194444444444445,"autonomy":4.285714285714286},"metadata":{"satisfaction_count":89,"comprehension_count":75,"contact_count":35,"contactReachability_count":35,"contactSatisfaction_count":18,"autonomy_count":70}}
