{"data":{"satisfaction":5.686274509803922,"comprehension":6.303191489361702,"contact":3.7142857142857144,"contact_reachability":0.7567567567567568,"contact_satisfaction":5,"autonomy":4.938271604938271},"metadata":{"satisfaction_count":102,"comprehension_count":94,"contact_count":35,"contactReachability_count":37,"contactSatisfaction_count":26,"autonomy_count":81}}
