{"data":{"satisfaction":4.964080459770115,"comprehension":5.676724137931035,"contact":3.369565217391304,"contact_reachability":0.6914893617021277,"contact_satisfaction":4.920634920634921,"autonomy":5},"metadata":{"satisfaction_count":696,"comprehension_count":580,"contact_count":184,"contactReachability_count":188,"contactSatisfaction_count":126,"autonomy_count":442}}
