{"data":{"satisfaction":5.656934306569343,"comprehension":5.178571428571429,"contact":3.189655172413793,"contact_reachability":0.7575757575757576,"contact_satisfaction":4.404761904761905,"autonomy":4.367816091954023},"metadata":{"satisfaction_count":137,"comprehension_count":112,"contact_count":29,"contactReachability_count":33,"contactSatisfaction_count":21,"autonomy_count":87}}
