{"data":{"satisfaction":5.492957746478873,"comprehension":5.770833333333333,"contact":3.6258278145695364,"contact_reachability":0.7421383647798742,"contact_satisfaction":4.9772727272727275,"autonomy":4.987146529562982},"metadata":{"satisfaction_count":568,"comprehension_count":480,"contact_count":151,"contactReachability_count":159,"contactSatisfaction_count":110,"autonomy_count":389}}
