{"data":{"satisfaction":4.956958393113343,"comprehension":5.666953528399311,"contact":3.3513513513513513,"contact_reachability":0.6931216931216931,"contact_satisfaction":4.881889763779528,"autonomy":4.988713318284424},"metadata":{"satisfaction_count":697,"comprehension_count":581,"contact_count":185,"contactReachability_count":189,"contactSatisfaction_count":127,"autonomy_count":443}}
