{"data":{"satisfaction":5.566037735849057,"comprehension":5.084269662921348,"contact":3.0555555555555554,"contact_reachability":0.7333333333333333,"contact_satisfaction":4.342105263157895,"autonomy":4.411764705882353},"metadata":{"satisfaction_count":106,"comprehension_count":89,"contact_count":27,"contactReachability_count":30,"contactSatisfaction_count":19,"autonomy_count":68}}
