{"data":{"satisfaction":5.363128491620111,"comprehension":5.6923076923076925,"contact":3.732394366197183,"contact_reachability":0.7516778523489933,"contact_satisfaction":5.0476190476190474,"autonomy":4.876712328767123},"metadata":{"satisfaction_count":537,"comprehension_count":455,"contact_count":142,"contactReachability_count":149,"contactSatisfaction_count":105,"autonomy_count":365}}
