{"data":{"satisfaction":5.735294117647059,"comprehension":6.037234042553192,"contact":4.779411764705882,"contact_reachability":0.7428571428571429,"contact_satisfaction":6.5,"autonomy":4.871794871794871},"metadata":{"satisfaction_count":102,"comprehension_count":94,"contact_count":34,"contactReachability_count":35,"contactSatisfaction_count":25,"autonomy_count":78}}
