{"data":{"satisfaction":5.163934426229508,"comprehension":5.049019607843137,"contact":3.5714285714285716,"contact_reachability":0.8333333333333334,"contact_satisfaction":4.411764705882353,"autonomy":4.266666666666667},"metadata":{"satisfaction_count":122,"comprehension_count":102,"contact_count":21,"contactReachability_count":24,"contactSatisfaction_count":17,"autonomy_count":75}}
