{"data":{"satisfaction":6.186440677966102,"comprehension":6.365131578947368,"contact":3.5652173913043477,"contact_reachability":0.5462184873949579,"contact_satisfaction":6.721311475409836,"autonomy":5.386533665835412},"metadata":{"satisfaction_count":590,"comprehension_count":456,"contact_count":115,"contactReachability_count":119,"contactSatisfaction_count":61,"autonomy_count":401}}
