{"data":{"satisfaction":6.964464743232706,"comprehension":7.202607278652906,"contact":3.725296442687747,"contact_reachability":0.5844529750479847,"contact_satisfaction":6.511226252158894,"autonomy":6.963944076526858},"metadata":{"satisfaction_count":8977,"comprehension_count":7364,"contact_count":1012,"contactReachability_count":1042,"contactSatisfaction_count":579,"autonomy_count":6795}}
