{"data":{"satisfaction":6.54321992511802,"comprehension":6.8537074148296595,"contact":3.4124386252045826,"contact_reachability":0.5394524959742351,"contact_satisfaction":6.415384615384616,"autonomy":7.106791778373548},"metadata":{"satisfaction_count":6143,"comprehension_count":4990,"contact_count":611,"contactReachability_count":621,"contactSatisfaction_count":325,"autonomy_count":4476}}
