{"data":{"satisfaction":6.091666666666667,"comprehension":6.291390728476821,"contact":3.5,"contact_reachability":0.5338983050847458,"contact_satisfaction":6.708333333333333,"autonomy":5.2631578947368425},"metadata":{"satisfaction_count":600,"comprehension_count":453,"contact_count":115,"contactReachability_count":118,"contactSatisfaction_count":60,"autonomy_count":399}}
