{"data":{"satisfaction":6.830339711050371,"comprehension":7.088080105528241,"contact":3.63597972972973,"contact_reachability":0.5669421487603306,"contact_satisfaction":6.5227272727272725,"autonomy":6.9402692458502155},"metadata":{"satisfaction_count":10244,"comprehension_count":8339,"contact_count":1184,"contactReachability_count":1210,"contactSatisfaction_count":660,"autonomy_count":7651}}
