{"data":{"satisfaction":7.085142781944993,"comprehension":7.283232387631495,"contact":3.748587570621469,"contact_reachability":0.594535519125683,"contact_satisfaction":6.4542801556420235,"autonomy":6.977225672877847},"metadata":{"satisfaction_count":7599,"comprehension_count":6274,"contact_count":885,"contactReachability_count":915,"contactSatisfaction_count":514,"autonomy_count":5796}}
