{"data":{"satisfaction":6.826894502228826,"comprehension":7.137490948587979,"contact":3.732980332829047,"contact_reachability":0.5692995529061102,"contact_satisfaction":6.633064516129032,"autonomy":7.207599445873738},"metadata":{"satisfaction_count":6730,"comprehension_count":5524,"contact_count":661,"contactReachability_count":671,"contactSatisfaction_count":372,"autonomy_count":5053}}
