{"data":{"satisfaction":6.960584170854271,"comprehension":7.26269735590641,"contact":3.9303482587064678,"contact_reachability":0.5853658536585366,"contact_satisfaction":6.810344827586207,"autonomy":7.204879057266901},"metadata":{"satisfaction_count":6368,"comprehension_count":5257,"contact_count":603,"contactReachability_count":615,"contactSatisfaction_count":348,"autonomy_count":4837}}
