{"data":{"satisfaction":6.891069526852275,"comprehension":7.209313090168488,"contact":3.8458528951486697,"contact_reachability":0.5707692307692308,"contact_satisfaction":6.826388888888889,"autonomy":7.198467123840258},"metadata":{"satisfaction_count":6573,"comprehension_count":5401,"contact_count":639,"contactReachability_count":650,"contactSatisfaction_count":360,"autonomy_count":4958}}
