{"data":{"satisfaction":6.876706096451319,"comprehension":7.193500738552437,"contact":3.8157894736842106,"contact_reachability":0.5692541856925418,"contact_satisfaction":6.790633608815427,"autonomy":7.175311620426216},"metadata":{"satisfaction_count":6594,"comprehension_count":5416,"contact_count":646,"contactReachability_count":657,"contactSatisfaction_count":363,"autonomy_count":4974}}
