{"data":{"satisfaction":6.901968998743192,"comprehension":7.14527674805062,"contact":3.666361136571952,"contact_reachability":0.5821428571428572,"contact_satisfaction":6.420545746388443,"autonomy":6.97176241480039},"metadata":{"satisfaction_count":9548,"comprehension_count":7823,"contact_count":1091,"contactReachability_count":1120,"contactSatisfaction_count":623,"autonomy_count":7189}}
