{"data":{"satisfaction":6.920143212951432,"comprehension":7.232142857142857,"contact":3.8470873786407767,"contact_reachability":0.573015873015873,"contact_satisfaction":6.812320916905444,"autonomy":7.19917864476386},"metadata":{"satisfaction_count":6424,"comprehension_count":5292,"contact_count":618,"contactReachability_count":630,"contactSatisfaction_count":349,"autonomy_count":4870}}
