{"data":{"satisfaction":6.98502722323049,"comprehension":7.216121011189391,"contact":3.7714429868819375,"contact_reachability":0.5915768854064642,"contact_satisfaction":6.5113240418118465,"autonomy":6.9700149925037485},"metadata":{"satisfaction_count":8816,"comprehension_count":7239,"contact_count":991,"contactReachability_count":1021,"contactSatisfaction_count":574,"autonomy_count":6670}}
