{"data":{"satisfaction":7.227406255400035,"comprehension":7.4876109849266985,"contact":3.8859180035650622,"contact_reachability":0.5836236933797909,"contact_satisfaction":6.770186335403727,"autonomy":7.325322652425456},"metadata":{"satisfaction_count":5787,"comprehension_count":4843,"contact_count":561,"contactReachability_count":574,"contactSatisfaction_count":322,"autonomy_count":4494}}
