{"data":{"satisfaction":7.440521872601688,"comprehension":7.692659501486394,"contact":3.94392523364486,"contact_reachability":0.601113172541744,"contact_satisfaction":6.59375,"autonomy":7.391411042944785},"metadata":{"satisfaction_count":5212,"comprehension_count":4373,"contact_count":535,"contactReachability_count":539,"contactSatisfaction_count":320,"autonomy_count":4075}}
