{"data":{"satisfaction":7.192417203656526,"comprehension":7.390259386903682,"contact":3.725669099756691,"contact_reachability":0.6023952095808384,"contact_satisfaction":6.25,"autonomy":6.95821944552909},"metadata":{"satisfaction_count":6673,"comprehension_count":5513,"contact_count":822,"contactReachability_count":835,"contactSatisfaction_count":490,"autonomy_count":5122}}
