{"data":{"satisfaction":5.980810234541578,"comprehension":6.278409090909091,"contact":3.691860465116279,"contact_reachability":0.5681818181818182,"contact_satisfaction":6.614583333333333,"autonomy":5.04885993485342},"metadata":{"satisfaction_count":469,"comprehension_count":352,"contact_count":86,"contactReachability_count":88,"contactSatisfaction_count":48,"autonomy_count":307}}
