{"data":{"satisfaction":6.945255869306502,"comprehension":7.185684099313259,"contact":3.730952380952381,"contact_reachability":0.5857275254865616,"contact_satisfaction":6.496683250414594,"autonomy":6.973570812984774},"metadata":{"satisfaction_count":9243,"comprehension_count":7572,"contact_count":1050,"contactReachability_count":1079,"contactSatisfaction_count":603,"autonomy_count":6962}}
