{"data":{"satisfaction":6.8215703359473325,"comprehension":7.081200142874152,"contact":3.6196830692243536,"contact_reachability":0.5657142857142857,"contact_satisfaction":6.506746626686657,"autonomy":6.911307053941909},"metadata":{"satisfaction_count":10329,"comprehension_count":8399,"contact_count":1199,"contactReachability_count":1225,"contactSatisfaction_count":667,"autonomy_count":7712}}
