{"data":{"satisfaction":6.827623022420654,"comprehension":7.078238157426095,"contact":3.603433835845896,"contact_reachability":0.5779591836734694,"contact_satisfaction":6.355243722304284,"autonomy":6.926975051975052},"metadata":{"satisfaction_count":10303,"comprehension_count":8423,"contact_count":1194,"contactReachability_count":1225,"contactSatisfaction_count":677,"autonomy_count":7696}}
