{"data":{"satisfaction":6.382847763643825,"comprehension":6.0630707762557075,"contact":4.467213114754099,"contact_reachability":0.6934306569343066,"contact_satisfaction":6.8125,"autonomy":4.4780039395929085},"metadata":{"satisfaction_count":2437,"comprehension_count":1752,"contact_count":366,"contactReachability_count":411,"contactSatisfaction_count":240,"autonomy_count":1523}}
