{"data":{"satisfaction":6.326848249027237,"comprehension":6.034436008676789,"contact":4.38287153652393,"contact_reachability":0.6764705882352942,"contact_satisfaction":6.850393700787402,"autonomy":4.411764705882353},"metadata":{"satisfaction_count":2570,"comprehension_count":1844,"contact_count":397,"contactReachability_count":442,"contactSatisfaction_count":254,"autonomy_count":1598}}
