{"data":{"satisfaction":7.0747016583148215,"comprehension":7.031659318893362,"contact":3.408858494183817,"contact_reachability":0.5671364985163204,"contact_satisfaction":6.170175844516428,"autonomy":3.721698437822586},"metadata":{"satisfaction_count":19357,"comprehension_count":15651,"contact_count":7823,"contactReachability_count":8088,"contactSatisfaction_count":4322,"autonomy_count":14531}}
