{"data":{"satisfaction":7.014705882352941,"comprehension":7.037408149632599,"contact":3.3799126637554586,"contact_reachability":0.5621848739495798,"contact_satisfaction":6.201923076923077,"autonomy":3.6590688651794374},"metadata":{"satisfaction_count":5440,"comprehension_count":4491,"contact_count":2290,"contactReachability_count":2380,"contactSatisfaction_count":1248,"autonomy_count":4124}}
