{"data":{"satisfaction":7.092511013215859,"comprehension":7.205109837631327,"contact":3.3724747474747474,"contact_reachability":0.5465288035450517,"contact_satisfaction":6.30547686496695,"autonomy":3.7305831423478484},"metadata":{"satisfaction_count":4994,"comprehension_count":4188,"contact_count":1980,"contactReachability_count":2031,"contactSatisfaction_count":1059,"autonomy_count":3927}}
