{"data":{"satisfaction":7.079763406254077,"comprehension":7.015732678027672,"contact":3.3884498809266077,"contact_reachability":0.5626965820926819,"contact_satisfaction":6.177718571146635,"autonomy":3.7770055024616274},"metadata":{"satisfaction_count":22993,"comprehension_count":18719,"contact_count":9238,"contactReachability_count":9538,"contactSatisfaction_count":5067,"autonomy_count":17265}}
