{"data":{"satisfaction":7.0701039617870185,"comprehension":7.028734637355028,"contact":3.4117065798651476,"contact_reachability":0.5668316831683168,"contact_satisfaction":6.175820707070707,"autonomy":3.7048286121614082},"metadata":{"satisfaction_count":21354,"comprehension_count":17331,"contact_count":8602,"contactReachability_count":8888,"contactSatisfaction_count":4752,"autonomy_count":16133}}
