{"data":{"satisfaction":7.11187316291084,"comprehension":7.108866412008393,"contact":3.408001783127159,"contact_reachability":0.5623241722570872,"contact_satisfaction":6.205357142857143,"autonomy":3.838740009402915},"metadata":{"satisfaction_count":22454,"comprehension_count":18587,"contact_count":8973,"contactReachability_count":9242,"contactSatisfaction_count":4928,"autonomy_count":17016}}
