{"data":{"satisfaction":7.0962320891562,"comprehension":7.067894624116513,"contact":3.480370036101083,"contact_reachability":0.5673202614379085,"contact_satisfaction":6.306214227309893,"autonomy":3.823943661971831},"metadata":{"satisfaction_count":5653,"comprehension_count":4669,"contact_count":2216,"contactReachability_count":2295,"contactSatisfaction_count":1223,"autonomy_count":4260}}
