{"data":{"satisfaction":7.250254323499491,"comprehension":7.288732394366197,"contact":3.639206090266449,"contact_reachability":0.5932560590094836,"contact_satisfaction":6.272258669165885,"autonomy":3.878724516466283},"metadata":{"satisfaction_count":4915,"comprehension_count":4118,"contact_count":1839,"contactReachability_count":1898,"contactSatisfaction_count":1067,"autonomy_count":3826}}
