{"data":{"satisfaction":7.0764436202544685,"comprehension":7.032235459004905,"contact":3.4090619017230375,"contact_reachability":0.5670904826564621,"contact_satisfaction":6.171441774491682,"autonomy":3.7371649093790915},"metadata":{"satisfaction_count":19413,"comprehension_count":15697,"contact_count":7835,"contactReachability_count":8101,"contactSatisfaction_count":4328,"autonomy_count":14511}}
