{"data":{"satisfaction":7.069613457408733,"comprehension":7.071921500970455,"contact":3.4317180616740086,"contact_reachability":0.5596602972399151,"contact_satisfaction":6.3179237631792375,"autonomy":3.7476503759398496},"metadata":{"satisfaction_count":5588,"comprehension_count":4637,"contact_count":2270,"contactReachability_count":2355,"contactSatisfaction_count":1233,"autonomy_count":4256}}
