{"data":{"satisfaction":7.103706908986009,"comprehension":7.10427683189029,"contact":3.3900555153270577,"contact_reachability":0.5612986404125645,"contact_satisfaction":6.183138895003302,"autonomy":3.7851053159478436},"metadata":{"satisfaction_count":20799,"comprehension_count":17209,"contact_count":8286,"contactReachability_count":8532,"contactSatisfaction_count":4543,"autonomy_count":15952}}
