{"data":{"satisfaction":7.031390943532383,"comprehension":7.056028833551769,"contact":3.3709817549956558,"contact_reachability":0.5607515657620041,"contact_satisfaction":6.208,"autonomy":3.659645763523217},"metadata":{"satisfaction_count":5543,"comprehension_count":4578,"contact_count":2302,"contactReachability_count":2395,"contactSatisfaction_count":1250,"autonomy_count":4178}}
