{"data":{"satisfaction":7.08336991834226,"comprehension":7.044004757271057,"contact":3.4260377772896993,"contact_reachability":0.5676911623949803,"contact_satisfaction":6.188752231700059,"autonomy":3.7699605208885747},"metadata":{"satisfaction_count":22778,"comprehension_count":18498,"contact_count":9106,"contactReachability_count":9403,"contactSatisfaction_count":5041,"autonomy_count":16971}}
