{"data":{"satisfaction":7.129677088672476,"comprehension":7.113833746898263,"contact":3.520362992474546,"contact_reachability":0.5671385671385671,"contact_satisfaction":6.362,"autonomy":3.826853526220615},"metadata":{"satisfaction_count":5853,"comprehension_count":4836,"contact_count":2259,"contactReachability_count":2331,"contactSatisfaction_count":1250,"autonomy_count":4424}}
