{"data":{"satisfaction":7.248042219952333,"comprehension":7.282850779510023,"contact":3.5806308307418924,"contact_reachability":0.5822183858437635,"contact_satisfaction":6.282151208106002,"autonomy":3.875409836065574},"metadata":{"satisfaction_count":5874,"comprehension_count":4939,"contact_count":2251,"contactReachability_count":2317,"contactSatisfaction_count":1283,"autonomy_count":4575}}
