{"data":{"satisfaction":7.2542914843487045,"comprehension":7.291541089009444,"contact":3.5638297872340425,"contact_reachability":0.5802841153680586,"contact_satisfaction":6.2763466042154565,"autonomy":3.882149046793761},"metadata":{"satisfaction_count":5942,"comprehension_count":4977,"contact_count":2256,"contactReachability_count":2323,"contactSatisfaction_count":1281,"autonomy_count":4616}}
