{"data":{"satisfaction":7.0703628660895195,"comprehension":7.077849654249387,"contact":3.437358661239258,"contact_reachability":0.5588874402433724,"contact_satisfaction":6.354515050167224,"autonomy":3.733203029562668},"metadata":{"satisfaction_count":5429,"comprehension_count":4483,"contact_count":2211,"contactReachability_count":2301,"contactSatisfaction_count":1196,"autonomy_count":4093}}
