{"data":{"satisfaction":7.074228081040432,"comprehension":7.00475156122726,"contact":3.390058094924915,"contact_reachability":0.5627985985773437,"contact_satisfaction":6.179320679320679,"autonomy":3.776153710143219},"metadata":{"satisfaction_count":22606,"comprehension_count":18415,"contact_count":9123,"contactReachability_count":9419,"contactSatisfaction_count":5005,"autonomy_count":16967}}
