{"data":{"satisfaction":6.961524631427544,"comprehension":7.033464137780684,"contact":3.3055672711935893,"contact_reachability":0.5612371134020618,"contact_satisfaction":5.996557000765111,"autonomy":3.6695278969957084},"metadata":{"satisfaction_count":5562,"comprehension_count":4587,"contact_count":2371,"contactReachability_count":2425,"contactSatisfaction_count":1307,"autonomy_count":4194}}
