{"data":{"satisfaction":7.07292455210699,"comprehension":7.0303238285393395,"contact":3.39631480324797,"contact_reachability":0.5651280811986467,"contact_satisfaction":6.170562868815252,"autonomy":3.7390892482576628},"metadata":{"satisfaction_count":19815,"comprehension_count":16027,"contact_count":8005,"contactReachability_count":8276,"contactSatisfaction_count":4406,"autonomy_count":14779}}
