{"data":{"satisfaction":7.132015531238969,"comprehension":7.2115181029006985,"contact":3.3366800535475236,"contact_reachability":0.5625817706061927,"contact_satisfaction":6.039983844911147,"autonomy":3.858695652173913},"metadata":{"satisfaction_count":5666,"comprehension_count":4723,"contact_count":2241,"contactReachability_count":2293,"contactSatisfaction_count":1238,"autonomy_count":4416}}
