{"data":{"satisfaction":7.241261722080137,"comprehension":7.282189277010561,"contact":3.573667711598746,"contact_reachability":0.5808695652173913,"contact_satisfaction":6.288416075650118,"autonomy":3.8821719059133875},"metadata":{"satisfaction_count":5865,"comprehension_count":4924,"contact_count":2233,"contactReachability_count":2300,"contactSatisfaction_count":1269,"autonomy_count":4549}}
