{"data":{"satisfaction":7.070124099062483,"comprehension":7.0262840284296635,"contact":3.3593027862141818,"contact_reachability":0.5676306575022695,"contact_satisfaction":6.001415428167021,"autonomy":3.6744186046511627},"metadata":{"satisfaction_count":18453,"comprehension_count":14914,"contact_count":7573,"contactReachability_count":7711,"contactSatisfaction_count":4239,"autonomy_count":13975}}
