{"data":{"satisfaction":7.08386556842708,"comprehension":7.041115209372966,"contact":3.425650352733686,"contact_reachability":0.5681502828476892,"contact_satisfaction":6.183346597692002,"autonomy":3.753163439467954},"metadata":{"satisfaction_count":22703,"comprehension_count":18436,"contact_count":9072,"contactReachability_count":9369,"contactSatisfaction_count":5026,"autonomy_count":16991}}
