{"data":{"satisfaction":7.073069327512733,"comprehension":7.029432555748345,"contact":3.407893045378583,"contact_reachability":0.5672718229296195,"contact_satisfaction":6.166550360548965,"autonomy":3.6861263736263736},"metadata":{"satisfaction_count":19242,"comprehension_count":15561,"contact_count":7779,"contactReachability_count":8042,"contactSatisfaction_count":4299,"autonomy_count":14560}}
