{"data":{"satisfaction":7.172480227134455,"comprehension":7.214138474596823,"contact":3.4667056074766354,"contact_reachability":0.5664097055478327,"contact_satisfaction":6.250292534519073,"autonomy":3.8475714097670135},"metadata":{"satisfaction_count":19724,"comprehension_count":16494,"contact_count":7704,"contactReachability_count":7913,"contactSatisfaction_count":4273,"autonomy_count":15194}}
