{"data":{"satisfaction":7.01734957548911,"comprehension":7.041797049620027,"contact":3.377812086457874,"contact_reachability":0.5611205432937182,"contact_satisfaction":6.2104622871046224,"autonomy":3.6603221083455346},"metadata":{"satisfaction_count":5418,"comprehension_count":4474,"contact_count":2267,"contactReachability_count":2356,"contactSatisfaction_count":1233,"autonomy_count":4098}}
