{"data":{"satisfaction":7.31386121897687,"comprehension":7.34164488236477,"contact":3.708815672306322,"contact_reachability":0.5887201735357918,"contact_satisfaction":6.417565485362095,"autonomy":3.884548611111111},"metadata":{"satisfaction_count":5923,"comprehension_count":4973,"contact_count":2246,"contactReachability_count":2305,"contactSatisfaction_count":1298,"autonomy_count":4608}}
