{"data":{"satisfaction":7.19225449515906,"comprehension":7.250051535765821,"contact":3.4131010145566827,"contact_reachability":0.5741297808336915,"contact_satisfaction":6.063871473354232,"autonomy":3.8959894226531513},"metadata":{"satisfaction_count":5784,"comprehension_count":4851,"contact_count":2267,"contactReachability_count":2327,"contactSatisfaction_count":1276,"autonomy_count":4538}}
