{"data":{"satisfaction":7.105033966207977,"comprehension":7.077271768922623,"contact":3.494432071269488,"contact_reachability":0.5690916917778734,"contact_satisfaction":6.306270096463023,"autonomy":3.8346038346038345},"metadata":{"satisfaction_count":5741,"comprehension_count":4743,"contact_count":2245,"contactReachability_count":2323,"contactSatisfaction_count":1244,"autonomy_count":4329}}
