{"data":{"satisfaction":7.076978612038625,"comprehension":7.031015507753877,"contact":3.422474946515032,"contact_reachability":0.5675970344526821,"contact_satisfaction":6.1841302136317395,"autonomy":3.7216266395160806},"metadata":{"satisfaction_count":22162,"comprehension_count":17991,"contact_count":8881,"contactReachability_count":9172,"contactSatisfaction_count":4915,"autonomy_count":16697}}
