{"data":{"satisfaction":6.934046345811051,"comprehension":7.013379369874838,"contact":3.274677217825906,"contact_reachability":0.5590872045639772,"contact_satisfaction":5.96095526914329,"autonomy":3.663833805476865},"metadata":{"satisfaction_count":5610,"comprehension_count":4634,"contact_count":2401,"contactReachability_count":2454,"contactSatisfaction_count":1319,"autonomy_count":4236}}
