{"data":{"satisfaction":7.070817403968688,"comprehension":7.076728313518274,"contact":3.4449866903283053,"contact_reachability":0.5583972719522592,"contact_satisfaction":6.375205254515599,"autonomy":3.6778846153846154},"metadata":{"satisfaction_count":5493,"comprehension_count":4542,"contact_count":2254,"contactReachability_count":2346,"contactSatisfaction_count":1218,"autonomy_count":4160}}
