{"data":{"satisfaction":7.047891350964975,"comprehension":7.0562257647565705,"contact":3.414554195804196,"contact_reachability":0.5570526315789474,"contact_satisfaction":6.3207928802588995,"autonomy":3.7473435655253837},"metadata":{"satisfaction_count":5596,"comprehension_count":4642,"contact_count":2288,"contactReachability_count":2375,"contactSatisfaction_count":1236,"autonomy_count":4235}}
