{"data":{"satisfaction":7.187323146576118,"comprehension":7.221597300337458,"contact":3.443526170798898,"contact_reachability":0.5691823899371069,"contact_satisfaction":6.152584085315833,"autonomy":3.8350217076700432},"metadata":{"satisfaction_count":5301,"comprehension_count":4445,"contact_count":2178,"contactReachability_count":2226,"contactSatisfaction_count":1219,"autonomy_count":4146}}
