{"data":{"satisfaction":7.081050278350063,"comprehension":7.015638458225667,"contact":3.394550408719346,"contact_reachability":0.5630739997888736,"contact_satisfaction":6.184471803018268,"autonomy":3.800375984020679},"metadata":{"satisfaction_count":22813,"comprehension_count":18576,"contact_count":9175,"contactReachability_count":9473,"contactSatisfaction_count":5036,"autonomy_count":17022}}
