{"data":{"satisfaction":7.083998722452891,"comprehension":7.013923908780187,"contact":3.410581053583541,"contact_reachability":0.5634173055859802,"contact_satisfaction":6.207818930041152,"autonomy":3.712592769930572},"metadata":{"satisfaction_count":21917,"comprehension_count":17847,"contact_count":8846,"contactReachability_count":9130,"contactSatisfaction_count":4860,"autonomy_count":16708}}
