{"data":{"satisfaction":7.071478513419029,"comprehension":7.027580011976845,"contact":3.3583508127949657,"contact_reachability":0.5672717909102614,"contact_satisfaction":6.003632528708694,"autonomy":3.6508496086864555},"metadata":{"satisfaction_count":18593,"comprehension_count":15029,"contact_count":7628,"contactReachability_count":7767,"contactSatisfaction_count":4267,"autonomy_count":14183}}
