{"data":{"satisfaction":7.257405515832482,"comprehension":7.292554270643133,"contact":3.587589605734767,"contact_reachability":0.5813751087902524,"contact_satisfaction":6.30511811023622,"autonomy":3.8807279105459327},"metadata":{"satisfaction_count":5874,"comprehension_count":4929,"contact_count":2232,"contactReachability_count":2298,"contactSatisfaction_count":1270,"autonomy_count":4561}}
