{"data":{"satisfaction":7.076439687760813,"comprehension":7.032955372301722,"contact":3.40972729486243,"contact_reachability":0.5656422936535971,"contact_satisfaction":6.189502762430939,"autonomy":3.738182773109244},"metadata":{"satisfaction_count":20369,"comprehension_count":16492,"contact_count":8214,"contactReachability_count":8493,"contactSatisfaction_count":4525,"autonomy_count":15232}}
