{"data":{"satisfaction":7.098083111795159,"comprehension":7.1003214346134325,"contact":3.3912077633578863,"contact_reachability":0.5608177172061328,"contact_satisfaction":6.189714041826718,"autonomy":3.7463890226287915},"metadata":{"satisfaction_count":21441,"comprehension_count":17733,"contact_count":8553,"contactReachability_count":8805,"contactSatisfaction_count":4686,"autonomy_count":16616}}
