{"data":{"satisfaction":6.995055850576818,"comprehension":7.022702104097453,"contact":3.3747837370242215,"contact_reachability":0.5618492294877134,"contact_satisfaction":6.192460317460317,"autonomy":3.6343982704780204},"metadata":{"satisfaction_count":5461,"comprehension_count":4515,"contact_count":2312,"contactReachability_count":2401,"contactSatisfaction_count":1260,"autonomy_count":4163}}
