{"data":{"satisfaction":7.07947107147564,"comprehension":7.014806623873995,"contact":3.391180964854835,"contact_reachability":0.5628501955809282,"contact_satisfaction":6.180624627014124,"autonomy":3.827328750888836},"metadata":{"satisfaction_count":22763,"comprehension_count":18539,"contact_count":9162,"contactReachability_count":9459,"contactSatisfaction_count":5027,"autonomy_count":16876}}
