{"data":{"satisfaction":7.255734919286321,"comprehension":7.300343712090578,"contact":3.5786065207682003,"contact_reachability":0.5813449023861171,"contact_satisfaction":6.289246467817897,"autonomy":3.8831765478013565},"metadata":{"satisfaction_count":5885,"comprehension_count":4946,"contact_count":2239,"contactReachability_count":2305,"contactSatisfaction_count":1274,"autonomy_count":4571}}
