{"data":{"satisfaction":7.405304750658552,"comprehension":6.24826366965526,"contact":4.858686616791355,"contact_reachability":0.7442748091603053,"contact_satisfaction":6.733870967741935,"autonomy":5.768928065480875},"metadata":{"satisfaction_count":11009,"comprehension_count":7919,"contact_count":1203,"contactReachability_count":1310,"contactSatisfaction_count":868,"autonomy_count":6353}}
