{"data":{"satisfaction":7.451616930952678,"comprehension":6.386927367671493,"contact":4.865,"contact_reachability":0.7294117647058823,"contact_satisfaction":6.89484126984127,"autonomy":6.255069524913094},"metadata":{"satisfaction_count":24027,"comprehension_count":16852,"contact_count":2500,"contactReachability_count":2720,"contactSatisfaction_count":1764,"autonomy_count":13808}}
