{"data":{"satisfaction":7.371064704951748,"comprehension":6.331894643647631,"contact":4.8282638414217365,"contact_reachability":0.7279341980385954,"contact_satisfaction":6.838092933204259,"autonomy":6.117327907765344},"metadata":{"satisfaction_count":25284,"comprehension_count":18072,"contact_count":2926,"contactReachability_count":3161,"contactSatisfaction_count":2066,"autonomy_count":14745}}
