{"data":{"satisfaction":7.404574005475922,"comprehension":6.253134260314566,"contact":4.770161290322581,"contact_reachability":0.7376093294460642,"contact_satisfaction":6.721590909090909,"autonomy":5.790838375108038},"metadata":{"satisfaction_count":6209,"comprehension_count":4387,"contact_count":620,"contactReachability_count":686,"contactSatisfaction_count":440,"autonomy_count":3471}}
