{"data":{"satisfaction":7.155118275068034,"comprehension":6.365065751858205,"contact":4.582689335394127,"contact_reachability":0.6925329428989752,"contact_satisfaction":6.784897025171625,"autonomy":6.11715187653455},"metadata":{"satisfaction_count":4777,"comprehension_count":3498,"contact_count":647,"contactReachability_count":683,"contactSatisfaction_count":437,"autonomy_count":2851}}
