{"data":{"satisfaction":7.255667038275734,"comprehension":6.3287953795379535,"contact":4.9576271186440675,"contact_reachability":0.7393767705382436,"contact_satisfaction":6.839752407152682,"autonomy":6.121274409044193},"metadata":{"satisfaction_count":8073,"comprehension_count":6060,"contact_count":1003,"contactReachability_count":1059,"contactSatisfaction_count":727,"autonomy_count":4865}}
