{"data":{"satisfaction":7.508111296824304,"comprehension":6.38560192730107,"contact":4.699097291875627,"contact_reachability":0.7324602432179607,"contact_satisfaction":6.589310829817159,"autonomy":6.202316076294278},"metadata":{"satisfaction_count":20342,"comprehension_count":14113,"contact_count":1994,"contactReachability_count":2138,"contactSatisfaction_count":1422,"autonomy_count":11744}}
