{"data":{"satisfaction":7.37444734157125,"comprehension":6.338465073529412,"contact":4.886692381870781,"contact_reachability":0.7412398921832885,"contact_satisfaction":6.765687583444593,"autonomy":5.991617450943036},"metadata":{"satisfaction_count":8821,"comprehension_count":6528,"contact_count":1037,"contactReachability_count":1113,"contactSatisfaction_count":749,"autonomy_count":5249}}
