{"data":{"satisfaction":7.32818124073682,"comprehension":6.389501800023226,"contact":4.9538352272727275,"contact_reachability":0.7370689655172413,"contact_satisfaction":6.895699456253089,"autonomy":5.999577345731192},"metadata":{"satisfaction_count":23615,"comprehension_count":17222,"contact_count":2816,"contactReachability_count":3016,"contactSatisfaction_count":2023,"autonomy_count":14196}}
