{"data":{"satisfaction":7.102935974531305,"comprehension":6.412295276525041,"contact":4.721212121212122,"contact_reachability":0.7116279069767442,"contact_satisfaction":6.750433275563259,"autonomy":6.1335676625659055},"metadata":{"satisfaction_count":5654,"comprehension_count":4213,"contact_count":825,"contactReachability_count":860,"contactSatisfaction_count":577,"autonomy_count":3414}}
