{"data":{"satisfaction":7.420162679809272,"comprehension":6.381459139540177,"contact":4.85377358490566,"contact_reachability":0.7280640668523677,"contact_satisfaction":6.882022471910112,"autonomy":6.160916386583442},"metadata":{"satisfaction_count":24957,"comprehension_count":17572,"contact_count":2650,"contactReachability_count":2872,"contactSatisfaction_count":1869,"autonomy_count":14579}}
