{"data":{"satisfaction":7.326689430636067,"comprehension":6.382856831078132,"contact":4.923417290673928,"contact_reachability":0.7371754274857505,"contact_satisfaction":6.861954459203036,"autonomy":6.117607299763433},"metadata":{"satisfaction_count":25186,"comprehension_count":18328,"contact_count":2938,"contactReachability_count":3158,"contactSatisfaction_count":2108,"autonomy_count":14795}}
