{"data":{"satisfaction":7.1759639048400325,"comprehension":6.408077994428969,"contact":4.712686567164179,"contact_reachability":0.7086280056577087,"contact_satisfaction":6.804956896551724,"autonomy":6.130687649674991},"metadata":{"satisfaction_count":4876,"comprehension_count":3590,"contact_count":670,"contactReachability_count":707,"contactSatisfaction_count":464,"autonomy_count":2923}}
