{"data":{"satisfaction":7.172523961661342,"comprehension":6.407432432432432,"contact":4.6700143472022955,"contact_reachability":0.7053206002728513,"contact_satisfaction":6.767151767151767,"autonomy":6.138022561380225},"metadata":{"satisfaction_count":5008,"comprehension_count":3700,"contact_count":697,"contactReachability_count":733,"contactSatisfaction_count":481,"autonomy_count":3014}}
