{"data":{"satisfaction":7.474596262021412,"comprehension":6.384941329856584,"contact":4.789741219963031,"contact_reachability":0.7281921618204804,"contact_satisfaction":6.8235681369321926,"autonomy":6.403558431055398},"metadata":{"satisfaction_count":22044,"comprehension_count":15340,"contact_count":2164,"contactReachability_count":2373,"contactSatisfaction_count":1519,"autonomy_count":12365}}
