{"data":{"satisfaction":7.358129509062115,"comprehension":6.3374491932504,"contact":4.813575525812619,"contact_reachability":0.7242477876106195,"contact_satisfaction":6.855936819172113,"autonomy":6.1423865848180865},"metadata":{"satisfaction_count":22732,"comprehension_count":16238,"contact_count":2615,"contactReachability_count":2825,"contactSatisfaction_count":1836,"autonomy_count":13358}}
