{"data":{"satisfaction":7.39422084623323,"comprehension":6.267636684303351,"contact":4.797605473204105,"contact_reachability":0.7397691500524659,"contact_satisfaction":6.6891891891891895,"autonomy":5.924619792814635},"metadata":{"satisfaction_count":7752,"comprehension_count":5670,"contact_count":877,"contactReachability_count":953,"contactSatisfaction_count":629,"autonomy_count":4537}}
