{"data":{"satisfaction":7.3831362581500715,"comprehension":6.30561797752809,"contact":4.931603773584905,"contact_reachability":0.7467018469656992,"contact_satisfaction":6.771373056994818,"autonomy":5.995141095122407},"metadata":{"satisfaction_count":9049,"comprehension_count":6675,"contact_count":1060,"contactReachability_count":1137,"contactSatisfaction_count":772,"autonomy_count":5351}}
