{"data":{"satisfaction":7.39143486091655,"comprehension":6.710562041813739,"contact":5.133928571428571,"contact_reachability":0.7591362126245847,"contact_satisfaction":6.927710843373494,"autonomy":6.516129032258065},"metadata":{"satisfaction_count":4997,"comprehension_count":3683,"contact_count":560,"contactReachability_count":602,"contactSatisfaction_count":415,"autonomy_count":3100}}
