{"data":{"satisfaction":7.4210107441305215,"comprehension":6.385656177617084,"contact":4.861059306229019,"contact_reachability":0.728901136755081,"contact_satisfaction":6.880939809926082,"autonomy":6.202644378981983},"metadata":{"satisfaction_count":25130,"comprehension_count":17701,"contact_count":2681,"contactReachability_count":2903,"contactSatisfaction_count":1894,"autonomy_count":14597}}
