{"data":{"satisfaction":6.618773946360153,"comprehension":6.0278113663845225,"contact":4.1310975609756095,"contact_reachability":0.656441717791411,"contact_satisfaction":6.273148148148148,"autonomy":6.141618497109826},"metadata":{"satisfaction_count":1044,"comprehension_count":827,"contact_count":164,"contactReachability_count":163,"contactSatisfaction_count":108,"autonomy_count":692}}
