{"data":{"satisfaction":7.214285714285714,"comprehension":6.6982323232323235,"contact":5.454545454545454,"contact_reachability":0.7763157894736842,"contact_satisfaction":7,"autonomy":6.492753623188406},"metadata":{"satisfaction_count":490,"comprehension_count":396,"contact_count":77,"contactReachability_count":76,"contactSatisfaction_count":60,"autonomy_count":345}}
