{"data":{"satisfaction":6.785714285714286,"comprehension":6.166020671834626,"contact":4.420529801324503,"contact_reachability":0.6887417218543046,"contact_satisfaction":6.418269230769231,"autonomy":6.261398176291793},"metadata":{"satisfaction_count":980,"comprehension_count":774,"contact_count":151,"contactReachability_count":151,"contactSatisfaction_count":104,"autonomy_count":658}}
