{"data":{"satisfaction":6.297348484848484,"comprehension":5.681265206812652,"contact":3.644578313253012,"contact_reachability":0.6506024096385542,"contact_satisfaction":5.601851851851852,"autonomy":5.845697329376854},"metadata":{"satisfaction_count":528,"comprehension_count":411,"contact_count":83,"contactReachability_count":83,"contactSatisfaction_count":54,"autonomy_count":337}}
