{"data":{"satisfaction":6.804393305439331,"comprehension":6.181938911022576,"contact":4.401408450704225,"contact_reachability":0.6690140845070423,"contact_satisfaction":6.578947368421052,"autonomy":6.322378716744914},"metadata":{"satisfaction_count":956,"comprehension_count":753,"contact_count":142,"contactReachability_count":142,"contactSatisfaction_count":95,"autonomy_count":639}}
