{"data":{"satisfaction":7.006802721088436,"comprehension":6.424914675767918,"contact":4.85042735042735,"contact_reachability":0.7327586206896551,"contact_satisfaction":6.598837209302325,"autonomy":6.326129666011788},"metadata":{"satisfaction_count":735,"comprehension_count":586,"contact_count":117,"contactReachability_count":116,"contactSatisfaction_count":86,"autonomy_count":509}}
