{"data":{"satisfaction":6.855388813096862,"comprehension":6.262886597938144,"contact":4.684684684684685,"contact_reachability":0.7027027027027027,"contact_satisfaction":6.666666666666667,"autonomy":6.3562753036437245},"metadata":{"satisfaction_count":733,"comprehension_count":582,"contact_count":111,"contactReachability_count":111,"contactSatisfaction_count":78,"autonomy_count":494}}
