{"data":{"satisfaction":6.6571699905033235,"comprehension":6.095641646489105,"contact":4.552469135802469,"contact_reachability":0.7055214723926381,"contact_satisfaction":6.469298245614035,"autonomy":6.110304789550073},"metadata":{"satisfaction_count":1053,"comprehension_count":826,"contact_count":162,"contactReachability_count":163,"contactSatisfaction_count":114,"autonomy_count":689}}
