{"data":{"satisfaction":8.262322472848789,"comprehension":7.949167397020158,"contact":7.044663573085847,"contact_reachability":0.8739977090492554,"contact_satisfaction":8.075132978723405,"autonomy":6.025123373710184},"metadata":{"satisfaction_count":2394,"comprehension_count":2282,"contact_count":862,"contactReachability_count":873,"contactSatisfaction_count":752,"autonomy_count":2229}}
