{"data":{"satisfaction":8.297491039426523,"comprehension":8.027146464646465,"contact":6.829470198675497,"contact_reachability":0.8612903225806452,"contact_satisfaction":7.963320463320463,"autonomy":5.875486381322958},"metadata":{"satisfaction_count":837,"comprehension_count":792,"contact_count":302,"contactReachability_count":310,"contactSatisfaction_count":259,"autonomy_count":771}}
