{"data":{"satisfaction":8.09887459807074,"comprehension":7.835598980458793,"contact":6.832298136645963,"contact_reachability":0.8516260162601627,"contact_satisfaction":8.048780487804878,"autonomy":5.800865800865801},"metadata":{"satisfaction_count":1244,"comprehension_count":1177,"contact_count":483,"contactReachability_count":492,"contactSatisfaction_count":410,"autonomy_count":1155}}
