{"data":{"satisfaction":8.224590163934426,"comprehension":7.943989071038251,"contact":6.884090909090909,"contact_reachability":0.86983842010772,"contact_satisfaction":7.929319371727749,"autonomy":6.069792033838562},"metadata":{"satisfaction_count":3050,"comprehension_count":2928,"contact_count":1100,"contactReachability_count":1114,"contactSatisfaction_count":955,"autonomy_count":2837}}
