{"data":{"satisfaction":8.222954230235784,"comprehension":7.952983725135624,"contact":6.880975143403441,"contact_reachability":0.8688679245283019,"contact_satisfaction":7.935501653803748,"autonomy":6.051454138702461},"metadata":{"satisfaction_count":2884,"comprehension_count":2765,"contact_count":1046,"contactReachability_count":1060,"contactSatisfaction_count":907,"autonomy_count":2682}}
