{"data":{"satisfaction":8.433441558441558,"comprehension":8.014767932489452,"contact":7.255501222493888,"contact_reachability":0.8953771289537713,"contact_satisfaction":8.107923497267759,"autonomy":6.231505657093124},"metadata":{"satisfaction_count":1232,"comprehension_count":1185,"contact_count":409,"contactReachability_count":411,"contactSatisfaction_count":366,"autonomy_count":1149}}
