{"data":{"satisfaction":8.01980198019802,"comprehension":7.893700787401575,"contact":6.8898809523809526,"contact_reachability":0.8333333333333334,"contact_satisfaction":8.267857142857142,"autonomy":5.775401069518717},"metadata":{"satisfaction_count":404,"comprehension_count":381,"contact_count":168,"contactReachability_count":168,"contactSatisfaction_count":140,"autonomy_count":374}}
