{"data":{"satisfaction":8.396039603960396,"comprehension":7.961538461538462,"contact":7.0845921450151055,"contact_reachability":0.891566265060241,"contact_satisfaction":7.9491525423728815,"autonomy":6.218220338983051},"metadata":{"satisfaction_count":1010,"comprehension_count":975,"contact_count":331,"contactReachability_count":332,"contactSatisfaction_count":295,"autonomy_count":944}}
