{"data":{"satisfaction":8.216795502459592,"comprehension":7.946297653958944,"contact":6.86531007751938,"contact_reachability":0.8690248565965584,"contact_satisfaction":7.916201117318436,"autonomy":6.055912353607858},"metadata":{"satisfaction_count":2846,"comprehension_count":2728,"contact_count":1032,"contactReachability_count":1046,"contactSatisfaction_count":895,"autonomy_count":2647}}
