{"data":{"satisfaction":8.249374217772216,"comprehension":7.973589827192696,"contact":6.783575705731394,"contact_reachability":0.8672865595942519,"contact_satisfaction":7.835968379446641,"autonomy":5.989196488858879},"metadata":{"satisfaction_count":3196,"comprehension_count":3067,"contact_count":1169,"contactReachability_count":1183,"contactSatisfaction_count":1012,"autonomy_count":2962}}
