{"data":{"satisfaction":7.9636591478696745,"comprehension":7.759067357512953,"contact":6.1769480519480515,"contact_reachability":0.8466453674121406,"contact_satisfaction":7.3173076923076925,"autonomy":5.953678474114441},"metadata":{"satisfaction_count":798,"comprehension_count":772,"contact_count":308,"contactReachability_count":313,"contactSatisfaction_count":260,"autonomy_count":734}}
