{"data":{"satisfaction":7.9961832061068705,"comprehension":7.7867746288798925,"contact":6.844879518072289,"contact_reachability":0.8431952662721893,"contact_satisfaction":8.14516129032258,"autonomy":5.622435020519836},"metadata":{"satisfaction_count":786,"comprehension_count":741,"contact_count":332,"contactReachability_count":338,"contactSatisfaction_count":279,"autonomy_count":731}}
