{"data":{"satisfaction":8.024242424242424,"comprehension":7.845579078455791,"contact":6.349206349206349,"contact_reachability":0.8526645768025078,"contact_satisfaction":7.462686567164179,"autonomy":6.057441253263708},"metadata":{"satisfaction_count":825,"comprehension_count":803,"contact_count":315,"contactReachability_count":319,"contactSatisfaction_count":268,"autonomy_count":766}}
