{"data":{"satisfaction":8.404170008019246,"comprehension":8.009181969949916,"contact":7.231503579952268,"contact_reachability":0.9026128266033254,"contact_satisfaction":8.015873015873016,"autonomy":6.179001721170396},"metadata":{"satisfaction_count":1247,"comprehension_count":1198,"contact_count":419,"contactReachability_count":421,"contactSatisfaction_count":378,"autonomy_count":1162}}
