{"data":{"satisfaction":8.251706142111601,"comprehension":7.923157894736842,"contact":7.017738359201774,"contact_reachability":0.8751369112814896,"contact_satisfaction":8.032994923857869,"autonomy":5.990504963314631},"metadata":{"satisfaction_count":2491,"comprehension_count":2375,"contact_count":902,"contactReachability_count":913,"contactSatisfaction_count":788,"autonomy_count":2317}}
