{"data":{"satisfaction":8.221070811744386,"comprehension":7.931034482758621,"contact":6.961206896551724,"contact_reachability":0.8523206751054853,"contact_satisfaction":8.197969543147208,"autonomy":5.772811918063315},"metadata":{"satisfaction_count":579,"comprehension_count":551,"contact_count":232,"contactReachability_count":237,"contactSatisfaction_count":197,"autonomy_count":537}}
