{"data":{"satisfaction":8.03370786516854,"comprehension":7.770190023752969,"contact":6.841032608695652,"contact_reachability":0.848,"contact_satisfaction":8.094855305466238,"autonomy":5.677966101694915},"metadata":{"satisfaction_count":890,"comprehension_count":842,"contact_count":368,"contactReachability_count":375,"contactSatisfaction_count":311,"autonomy_count":826}}
