{"data":{"satisfaction":8.131212723658052,"comprehension":7.955974842767295,"contact":7.011904761904762,"contact_reachability":0.8457943925233645,"contact_satisfaction":8.319209039548022,"autonomy":5.705128205128205},"metadata":{"satisfaction_count":503,"comprehension_count":477,"contact_count":210,"contactReachability_count":214,"contactSatisfaction_count":177,"autonomy_count":468}}
