{"data":{"satisfaction":8.427323272438443,"comprehension":8.078512396694215,"contact":7.215496368038741,"contact_reachability":0.891566265060241,"contact_satisfaction":8.097826086956522,"autonomy":6.284013605442177},"metadata":{"satisfaction_count":1259,"comprehension_count":1210,"contact_count":413,"contactReachability_count":415,"contactSatisfaction_count":368,"autonomy_count":1176}}
