{"data":{"satisfaction":7.90785498489426,"comprehension":7.692926045016077,"contact":6.654676258992806,"contact_reachability":0.8279569892473119,"contact_satisfaction":8.043478260869565,"autonomy":5.67699836867863},"metadata":{"satisfaction_count":662,"comprehension_count":622,"contact_count":278,"contactReachability_count":279,"contactSatisfaction_count":230,"autonomy_count":613}}
