{"data":{"satisfaction":8.105849582172702,"comprehension":7.964697406340058,"contact":6.620689655172414,"contact_reachability":0.8458904109589042,"contact_satisfaction":7.836734693877551,"autonomy":5.686274509803922},"metadata":{"satisfaction_count":718,"comprehension_count":694,"contact_count":290,"contactReachability_count":292,"contactSatisfaction_count":245,"autonomy_count":663}}
