{"data":{"satisfaction":8.035714285714286,"comprehension":7.759822560202788,"contact":6.534267912772585,"contact_reachability":0.8707692307692307,"contact_satisfaction":7.517921146953405,"autonomy":5.901856763925729},"metadata":{"satisfaction_count":812,"comprehension_count":789,"contact_count":321,"contactReachability_count":325,"contactSatisfaction_count":279,"autonomy_count":754}}
