{"data":{"satisfaction":8.27469266638406,"comprehension":7.957981325033348,"contact":7.056924882629108,"contact_reachability":0.8736964078794901,"contact_satisfaction":8.092193808882907,"autonomy":6.030951297223487},"metadata":{"satisfaction_count":2359,"comprehension_count":2249,"contact_count":852,"contactReachability_count":863,"contactSatisfaction_count":743,"autonomy_count":2197}}
