{"data":{"satisfaction":8.10702875399361,"comprehension":7.837552742616034,"contact":6.83641975308642,"contact_reachability":0.8528225806451613,"contact_satisfaction":8.044794188861985,"autonomy":5.786758383490971},"metadata":{"satisfaction_count":1252,"comprehension_count":1185,"contact_count":486,"contactReachability_count":496,"contactSatisfaction_count":413,"autonomy_count":1163}}
