{"data":{"satisfaction":8.44488188976378,"comprehension":8.08149058149058,"contact":7.2188995215311005,"contact_reachability":0.888095238095238,"contact_satisfaction":8.133423180592992,"autonomy":6.298482293423271},"metadata":{"satisfaction_count":1270,"comprehension_count":1221,"contact_count":418,"contactReachability_count":420,"contactSatisfaction_count":371,"autonomy_count":1186}}
