{"data":{"satisfaction":7.938931297709924,"comprehension":7.743101182654402,"contact":6.141666666666667,"contact_reachability":0.8491803278688524,"contact_satisfaction":7.253937007874016,"autonomy":6.011080332409972},"metadata":{"satisfaction_count":786,"comprehension_count":761,"contact_count":300,"contactReachability_count":305,"contactSatisfaction_count":254,"autonomy_count":722}}
