{"data":{"satisfaction":8.244402985074627,"comprehension":7.939228671601091,"contact":6.869877049180328,"contact_reachability":0.8695652173913043,"contact_satisfaction":7.916174734356552,"autonomy":6.038492381716119},"metadata":{"satisfaction_count":2680,"comprehension_count":2567,"contact_count":976,"contactReachability_count":989,"contactSatisfaction_count":847,"autonomy_count":2494}}
