{"data":{"satisfaction":8.414731785428343,"comprehension":8.017886855241265,"contact":7.2439024390243905,"contact_reachability":0.8956310679611651,"contact_satisfaction":8.092643051771118,"autonomy":6.2134251290877796},"metadata":{"satisfaction_count":1249,"comprehension_count":1202,"contact_count":410,"contactReachability_count":412,"contactSatisfaction_count":367,"autonomy_count":1162}}
