{"data":{"satisfaction":6.666666666666667,"comprehension":5.967741935483871,"contact":5.1923076923076925,"contact_reachability":0.6923076923076923,"contact_satisfaction":7.5,"autonomy":4.642857142857143},"metadata":{"satisfaction_count":33,"comprehension_count":31,"contact_count":13,"contactReachability_count":13,"contactSatisfaction_count":9,"autonomy_count":28}}
