{"data":{"satisfaction":5.025906735751295,"comprehension":4.680232558139535,"contact":3.9615384615384617,"contact_reachability":0.7121212121212122,"contact_satisfaction":5.5978260869565215,"autonomy":5.180722891566265},"metadata":{"satisfaction_count":193,"comprehension_count":172,"contact_count":65,"contactReachability_count":66,"contactSatisfaction_count":46,"autonomy_count":166}}
