{"data":{"satisfaction":4.973404255319149,"comprehension":4.625748502994012,"contact":4.0476190476190474,"contact_reachability":0.71875,"contact_satisfaction":5.666666666666667,"autonomy":5.093167701863354},"metadata":{"satisfaction_count":188,"comprehension_count":167,"contact_count":63,"contactReachability_count":64,"contactSatisfaction_count":45,"autonomy_count":161}}
