{"data":{"satisfaction":5.32258064516129,"comprehension":4.925595238095238,"contact":4.538461538461538,"contact_reachability":0.7230769230769231,"contact_satisfaction":6.276595744680851,"autonomy":5.185185185185185},"metadata":{"satisfaction_count":186,"comprehension_count":168,"contact_count":65,"contactReachability_count":65,"contactSatisfaction_count":47,"autonomy_count":162}}
