{"data":{"satisfaction":4.859813084112149,"comprehension":4.548969072164948,"contact":4.050632911392405,"contact_reachability":0.6790123456790124,"contact_satisfaction":6.037735849056604,"autonomy":4.644808743169399},"metadata":{"satisfaction_count":214,"comprehension_count":194,"contact_count":79,"contactReachability_count":81,"contactSatisfaction_count":53,"autonomy_count":183}}
