{"data":{"satisfaction":4.81042654028436,"comprehension":4.533678756476684,"contact":4.050632911392405,"contact_reachability":0.6790123456790124,"contact_satisfaction":6.037735849056604,"autonomy":4.585635359116022},"metadata":{"satisfaction_count":211,"comprehension_count":193,"contact_count":79,"contactReachability_count":81,"contactSatisfaction_count":53,"autonomy_count":181}}
