{"data":{"satisfaction":4.791666666666667,"comprehension":4.75,"contact":3.8461538461538463,"contact_reachability":0.6923076923076923,"contact_satisfaction":5.555555555555555,"autonomy":3.1578947368421053},"metadata":{"satisfaction_count":24,"comprehension_count":20,"contact_count":13,"contactReachability_count":13,"contactSatisfaction_count":9,"autonomy_count":19}}
