{"data":{"satisfaction":5.29874213836478,"comprehension":4.954519613416714,"contact":2.6064382139148496,"contact_reachability":0.7663265306122449,"contact_satisfaction":3.4196185286103544,"autonomy":3.389830508474576},"metadata":{"satisfaction_count":2544,"comprehension_count":1759,"contact_count":963,"contactReachability_count":980,"contactSatisfaction_count":734,"autonomy_count":1475}}
