{"data":{"satisfaction":5.785070785070785,"comprehension":5.359848484848484,"contact":2.9195804195804196,"contact_reachability":0.7708333333333334,"contact_satisfaction":3.7954545454545454,"autonomy":3.7694013303769403},"metadata":{"satisfaction_count":777,"comprehension_count":528,"contact_count":286,"contactReachability_count":288,"contactSatisfaction_count":220,"autonomy_count":451}}
