{"data":{"satisfaction":5.403340440653873,"comprehension":5.027286902286902,"contact":2.655945419103314,"contact_reachability":0.7561436672967864,"contact_satisfaction":3.5481770833333335,"autonomy":3.4801488833746896},"metadata":{"satisfaction_count":2814,"comprehension_count":1924,"contact_count":1026,"contactReachability_count":1058,"contactSatisfaction_count":768,"autonomy_count":1612}}
