{"data":{"satisfaction":5.633896060906984,"comprehension":5.181141439205955,"contact":2.8635907723169507,"contact_reachability":0.7538910505836576,"contact_satisfaction":3.8373655913978495,"autonomy":3.718712753277712},"metadata":{"satisfaction_count":3021,"comprehension_count":2015,"contact_count":997,"contactReachability_count":1028,"contactSatisfaction_count":744,"autonomy_count":1678}}
