{"data":{"satisfaction":5.638888888888889,"comprehension":5.182598039215686,"contact":2.8735059760956174,"contact_reachability":0.7545893719806763,"contact_satisfaction":3.8466666666666667,"autonomy":3.733098177542622},"metadata":{"satisfaction_count":3060,"comprehension_count":2040,"contact_count":1004,"contactReachability_count":1035,"contactSatisfaction_count":750,"autonomy_count":1701}}
