{"data":{"satisfaction":5.674454828660436,"comprehension":5.205511443250817,"contact":2.9589371980676327,"contact_reachability":0.7551594746716698,"contact_satisfaction":3.95671834625323,"autonomy":3.7886453063518832},"metadata":{"satisfaction_count":3210,"comprehension_count":2141,"contact_count":1035,"contactReachability_count":1066,"contactSatisfaction_count":774,"autonomy_count":1779}}
