{"data":{"satisfaction":5.498725302740599,"comprehension":5.109353187529083,"contact":2.722172351885099,"contact_reachability":0.7576285963382737,"contact_satisfaction":3.6273923444976077,"autonomy":3.5857461024498885},"metadata":{"satisfaction_count":3138,"comprehension_count":2149,"contact_count":1114,"contactReachability_count":1147,"contactSatisfaction_count":836,"autonomy_count":1796}}
