{"data":{"satisfaction":6.1496913580246915,"comprehension":5.491606714628297,"contact":3.6728395061728394,"contact_reachability":0.703030303030303,"contact_satisfaction":5.265486725663717,"autonomy":4.518072289156627},"metadata":{"satisfaction_count":648,"comprehension_count":417,"contact_count":162,"contactReachability_count":165,"contactSatisfaction_count":113,"autonomy_count":332}}
