{"data":{"satisfaction":6.2974683544303796,"comprehension":5.770321361058601,"contact":3.2916666666666665,"contact_reachability":0.7520661157024794,"contact_satisfaction":4.388888888888889,"autonomy":4.208144796380091},"metadata":{"satisfaction_count":790,"comprehension_count":529,"contact_count":240,"contactReachability_count":242,"contactSatisfaction_count":180,"autonomy_count":442}}
