{"data":{"satisfaction":6.524122807017544,"comprehension":5.955631399317406,"contact":3.5773480662983426,"contact_reachability":0.6858638743455497,"contact_satisfaction":5.351239669421488,"autonomy":4.595185995623632},"metadata":{"satisfaction_count":912,"comprehension_count":586,"contact_count":181,"contactReachability_count":191,"contactSatisfaction_count":121,"autonomy_count":457}}
