{"data":{"satisfaction":5.49823774431272,"comprehension":5.1120448179271705,"contact":2.7178796046720577,"contact_reachability":0.7574171029668412,"contact_satisfaction":3.622754491017964,"autonomy":3.5810055865921786},"metadata":{"satisfaction_count":3121,"comprehension_count":2142,"contact_count":1113,"contactReachability_count":1146,"contactSatisfaction_count":835,"autonomy_count":1790}}
