{"data":{"satisfaction":6.116816431322208,"comprehension":5.497987927565393,"contact":3.743523316062176,"contact_reachability":0.7091836734693877,"contact_satisfaction":5.3125,"autonomy":4.52020202020202},"metadata":{"satisfaction_count":779,"comprehension_count":497,"contact_count":193,"contactReachability_count":196,"contactSatisfaction_count":136,"autonomy_count":396}}
