{"data":{"satisfaction":6.079234972677596,"comprehension":5.488322717622081,"contact":3.2754010695187166,"contact_reachability":0.7052631578947368,"contact_satisfaction":4.675572519083969,"autonomy":4.45910290237467},"metadata":{"satisfaction_count":732,"comprehension_count":471,"contact_count":187,"contactReachability_count":190,"contactSatisfaction_count":131,"autonomy_count":379}}
