{"data":{"satisfaction":5.592185592185592,"comprehension":5.401396160558464,"contact":3.0660377358490565,"contact_reachability":0.8167701863354038,"contact_satisfaction":3.7644787644787643,"autonomy":3.5355648535564854},"metadata":{"satisfaction_count":819,"comprehension_count":573,"contact_count":318,"contactReachability_count":322,"contactSatisfaction_count":259,"autonomy_count":478}}
