{"data":{"satisfaction":6.057571964956195,"comprehension":5.578561287269285,"contact":3.182314410480349,"contact_reachability":0.7454931071049841,"contact_satisfaction":4.312130177514793,"autonomy":4.130308318789994},"metadata":{"satisfaction_count":3196,"comprehension_count":2113,"contact_count":916,"contactReachability_count":943,"contactSatisfaction_count":676,"autonomy_count":1719}}
