{"data":{"satisfaction":6.076388888888889,"comprehension":5.509761388286334,"contact":3.187830687830688,"contact_reachability":0.6927083333333334,"contact_satisfaction":4.634615384615385,"autonomy":4.417344173441735},"metadata":{"satisfaction_count":720,"comprehension_count":461,"contact_count":189,"contactReachability_count":192,"contactSatisfaction_count":130,"autonomy_count":369}}
