{"data":{"satisfaction":7.511520737327189,"comprehension":7.068965517241379,"contact":4.973684210526316,"contact_reachability":0.6770833333333334,"contact_satisfaction":7.3828125,"autonomy":4.7317073170731705},"metadata":{"satisfaction_count":217,"comprehension_count":203,"contact_count":95,"contactReachability_count":96,"contactSatisfaction_count":64,"autonomy_count":205}}
