{"data":{"satisfaction":7.758620689655173,"comprehension":7.292626728110599,"contact":4.814814814814815,"contact_reachability":0.6727272727272727,"contact_satisfaction":7.222222222222222,"autonomy":4.909090909090909},"metadata":{"satisfaction_count":232,"comprehension_count":217,"contact_count":108,"contactReachability_count":110,"contactSatisfaction_count":72,"autonomy_count":220}}
