{"data":{"satisfaction":7.037037037037037,"comprehension":7.259615384615385,"contact":5.833333333333333,"contact_reachability":0.8333333333333334,"contact_satisfaction":7,"autonomy":4.705882352941177},"metadata":{"satisfaction_count":54,"comprehension_count":52,"contact_count":18,"contactReachability_count":18,"contactSatisfaction_count":15,"autonomy_count":51}}
