{"data":{"satisfaction":7.222222222222222,"comprehension":7.325581395348837,"contact":5.576923076923077,"contact_reachability":0.7692307692307693,"contact_satisfaction":7.25,"autonomy":4.761904761904762},"metadata":{"satisfaction_count":45,"comprehension_count":43,"contact_count":13,"contactReachability_count":13,"contactSatisfaction_count":10,"autonomy_count":42}}
