{"data":{"satisfaction":7.6415094339622645,"comprehension":6.938775510204081,"contact":4.166666666666667,"contact_reachability":0.5,"contact_satisfaction":8.333333333333334,"autonomy":6.078431372549019},"metadata":{"satisfaction_count":53,"comprehension_count":49,"contact_count":24,"contactReachability_count":24,"contactSatisfaction_count":12,"autonomy_count":51}}
