{"data":{"satisfaction":9.163118680149015,"comprehension":9.018224171005755,"contact":4.298245614035087,"contact_reachability":0.5851528384279476,"contact_satisfaction":7.368421052631579,"autonomy":8.30204081632653},"metadata":{"satisfaction_count":3758,"comprehension_count":3649,"contact_count":228,"contactReachability_count":229,"contactSatisfaction_count":133,"autonomy_count":3675}}
