{"data":{"satisfaction":9.148291737339472,"comprehension":8.935294117647059,"contact":4.327153110047847,"contact_reachability":0.580952380952381,"contact_satisfaction":7.474173553719008,"autonomy":8.023369831671841},"metadata":{"satisfaction_count":12381,"comprehension_count":11900,"contact_count":836,"contactReachability_count":840,"contactSatisfaction_count":484,"autonomy_count":12238}}
