{"data":{"satisfaction":9.134479018937181,"comprehension":8.910697188615197,"contact":4.4573170731707314,"contact_reachability":0.6043425814234017,"contact_satisfaction":7.428861788617886,"autonomy":8.181103050432654},"metadata":{"satisfaction_count":11987,"comprehension_count":11489,"contact_count":820,"contactReachability_count":829,"contactSatisfaction_count":492,"autonomy_count":11441}}
