{"data":{"satisfaction":9.152795888624684,"comprehension":8.93941809485851,"contact":4.38496583143508,"contact_reachability":0.5861678004535147,"contact_satisfaction":7.504873294346979,"autonomy":8.354981847519161},"metadata":{"satisfaction_count":13037,"comprehension_count":12545,"contact_count":878,"contactReachability_count":882,"contactSatisfaction_count":513,"autonomy_count":12395}}
