{"data":{"satisfaction":9.204545454545455,"comprehension":8.99164133738602,"contact":4.742152466367713,"contact_reachability":0.5765765765765766,"contact_satisfaction":8.19767441860465,"autonomy":8.211579266444376},"metadata":{"satisfaction_count":3388,"comprehension_count":3290,"contact_count":223,"contactReachability_count":222,"contactSatisfaction_count":129,"autonomy_count":3299}}
