{"data":{"satisfaction":9.130827227354784,"comprehension":8.88932103567063,"contact":4.394618834080718,"contact_reachability":0.6047548291233283,"contact_satisfaction":7.295285359801489,"autonomy":8.148189664835781},"metadata":{"satisfaction_count":9417,"comprehension_count":8999,"contact_count":669,"contactReachability_count":673,"contactSatisfaction_count":403,"autonomy_count":8921}}
