{"data":{"satisfaction":9.178277956413005,"comprehension":8.967991169977925,"contact":4.756756756756757,"contact_reachability":0.5815217391304348,"contact_satisfaction":8.148148148148149,"autonomy":8.201544685546157},"metadata":{"satisfaction_count":2799,"comprehension_count":2718,"contact_count":185,"contactReachability_count":184,"contactSatisfaction_count":108,"autonomy_count":2719}}
