{"data":{"satisfaction":9.135766544728966,"comprehension":8.912402428447528,"contact":4.4518879415347135,"contact_reachability":0.6036144578313253,"contact_satisfaction":7.428861788617886,"autonomy":8.185382001916544},"metadata":{"satisfaction_count":12028,"comprehension_count":11530,"contact_count":821,"contactReachability_count":830,"contactSatisfaction_count":492,"autonomy_count":11479}}
