{"data":{"satisfaction":9.145228215767634,"comprehension":8.993876388493307,"contact":4.126637554585153,"contact_reachability":0.5757575757575758,"contact_satisfaction":7.213740458015267,"autonomy":8.312839576780098},"metadata":{"satisfaction_count":3615,"comprehension_count":3511,"contact_count":229,"contactReachability_count":231,"contactSatisfaction_count":131,"autonomy_count":3497}}
