{"data":{"satisfaction":9.143206854345165,"comprehension":8.977917981072554,"contact":4.340277777777778,"contact_reachability":0.5395348837209303,"contact_satisfaction":8.012820512820513,"autonomy":8.18639798488665},"metadata":{"satisfaction_count":3268,"comprehension_count":3170,"contact_count":216,"contactReachability_count":215,"contactSatisfaction_count":117,"autonomy_count":3176}}
