{"data":{"satisfaction":7.529989094874591,"comprehension":7.59009009009009,"contact":3.3900523560209423,"contact_reachability":0.5,"contact_satisfaction":6.815789473684211,"autonomy":5.436781609195402},"metadata":{"satisfaction_count":917,"comprehension_count":888,"contact_count":191,"contactReachability_count":192,"contactSatisfaction_count":95,"autonomy_count":870}}
