{"data":{"satisfaction":7.228670922809054,"comprehension":7.455410225921522,"contact":3.60105580693816,"contact_reachability":0.5334323922734027,"contact_satisfaction":6.840974212034384,"autonomy":5.2631578947368425},"metadata":{"satisfaction_count":3446,"comprehension_count":3364,"contact_count":663,"contactReachability_count":673,"contactSatisfaction_count":349,"autonomy_count":3287}}
