{"data":{"satisfaction":7.556179775280899,"comprehension":7.720756880733945,"contact":2.5828729281767955,"contact_reachability":0.43169398907103823,"contact_satisfaction":6.071428571428571,"autonomy":5.464037122969837},"metadata":{"satisfaction_count":890,"comprehension_count":872,"contact_count":181,"contactReachability_count":183,"contactSatisfaction_count":77,"autonomy_count":862}}
