{"data":{"satisfaction":7.2202115812917596,"comprehension":7.437910362546389,"contact":3.389830508474576,"contact_reachability":0.5,"contact_satisfaction":6.857142857142857,"autonomy":5.2356020942408374},"metadata":{"satisfaction_count":3592,"comprehension_count":3503,"contact_count":708,"contactReachability_count":716,"contactSatisfaction_count":350,"autonomy_count":3438}}
