{"data":{"satisfaction":7.223607647547797,"comprehension":7.441051136363637,"contact":3.380084151472651,"contact_reachability":0.49791955617198336,"contact_satisfaction":6.866096866096866,"autonomy":5.2387843704775685},"metadata":{"satisfaction_count":3609,"comprehension_count":3520,"contact_count":713,"contactReachability_count":721,"contactSatisfaction_count":351,"autonomy_count":3455}}
