{"data":{"satisfaction":7.34260391198044,"comprehension":7.522741530740276,"contact":3.1925925925925926,"contact_reachability":0.4823529411764706,"contact_satisfaction":6.671826625386997,"autonomy":5.3126001923693495},"metadata":{"satisfaction_count":3272,"comprehension_count":3188,"contact_count":675,"contactReachability_count":680,"contactSatisfaction_count":323,"autonomy_count":3119}}
