{"data":{"satisfaction":7.132042253521127,"comprehension":7.418194893923049,"contact":3.7316849816849818,"contact_reachability":0.5500910746812386,"contact_satisfaction":6.81438127090301,"autonomy":5.214022140221402},"metadata":{"satisfaction_count":2840,"comprehension_count":2781,"contact_count":546,"contactReachability_count":549,"contactSatisfaction_count":299,"autonomy_count":2710}}
