{"data":{"satisfaction":7.265469061876248,"comprehension":7.466529351184346,"contact":3.8780487804878048,"contact_reachability":0.5339805825242718,"contact_satisfaction":7.293577981651376,"autonomy":5.2521008403361344},"metadata":{"satisfaction_count":1002,"comprehension_count":971,"contact_count":205,"contactReachability_count":206,"contactSatisfaction_count":109,"autonomy_count":952}}
