{"data":{"satisfaction":7.218645016797312,"comprehension":7.436836060867068,"contact":3.3852691218130313,"contact_reachability":0.5,"contact_satisfaction":6.848137535816619,"autonomy":5.231264637002342},"metadata":{"satisfaction_count":3572,"comprehension_count":3483,"contact_count":706,"contactReachability_count":714,"contactSatisfaction_count":349,"autonomy_count":3416}}
