{"data":{"satisfaction":7.472101673899566,"comprehension":7.641359593392631,"contact":3.002354788069074,"contact_reachability":0.46957878315132606,"contact_satisfaction":6.4393939393939394,"autonomy":5.44242029928432},"metadata":{"satisfaction_count":3226,"comprehension_count":3148,"contact_count":637,"contactReachability_count":641,"contactSatisfaction_count":297,"autonomy_count":3074}}
