{"data":{"satisfaction":7.473745624270712,"comprehension":7.627976190476191,"contact":3.3333333333333335,"contact_reachability":0.483695652173913,"contact_satisfaction":6.931818181818182,"autonomy":5.301204819277109},"metadata":{"satisfaction_count":857,"comprehension_count":840,"contact_count":183,"contactReachability_count":184,"contactSatisfaction_count":88,"autonomy_count":830}}
