{"data":{"satisfaction":7.193066157760814,"comprehension":7.43896484375,"contact":3.7437395659432386,"contact_reachability":0.5467980295566502,"contact_satisfaction":6.942724458204334,"autonomy":5.241908575241909},"metadata":{"satisfaction_count":3144,"comprehension_count":3072,"contact_count":599,"contactReachability_count":609,"contactSatisfaction_count":323,"autonomy_count":2997}}
