{"data":{"satisfaction":7.217555040556199,"comprehension":7.439839572192513,"contact":3.4183673469387754,"contact_reachability":0.5043227665706052,"contact_satisfaction":6.856725146198831,"autonomy":5.236077481840193},"metadata":{"satisfaction_count":3452,"comprehension_count":3366,"contact_count":686,"contactReachability_count":694,"contactSatisfaction_count":342,"autonomy_count":3304}}
