{"data":{"satisfaction":7.169241101410343,"comprehension":7.434819897084048,"contact":3.75,"contact_reachability":0.5448154657293497,"contact_satisfaction":6.976744186046512,"autonomy":5.22887323943662},"metadata":{"satisfaction_count":2978,"comprehension_count":2915,"contact_count":560,"contactReachability_count":569,"contactSatisfaction_count":301,"autonomy_count":2840}}
