{"data":{"satisfaction":7.136585365853659,"comprehension":7.347652347652348,"contact":3.7864077669902914,"contact_reachability":0.5194174757281553,"contact_satisfaction":7.289719626168225,"autonomy":5.158974358974359},"metadata":{"satisfaction_count":1025,"comprehension_count":1001,"contact_count":206,"contactReachability_count":206,"contactSatisfaction_count":107,"autonomy_count":975}}
