{"data":{"satisfaction":7.232349537037037,"comprehension":7.460729104919976,"contact":3.617339312406577,"contact_reachability":0.5346097201767305,"contact_satisfaction":6.855524079320113,"autonomy":5.260922330097087},"metadata":{"satisfaction_count":3456,"comprehension_count":3374,"contact_count":669,"contactReachability_count":679,"contactSatisfaction_count":353,"autonomy_count":3296}}
