{"data":{"satisfaction":7.076848249027237,"comprehension":7.358349900596422,"contact":3.918269230769231,"contact_reachability":0.5358851674641149,"contact_satisfaction":7.342342342342342,"autonomy":5.096642929806714},"metadata":{"satisfaction_count":1028,"comprehension_count":1006,"contact_count":208,"contactReachability_count":209,"contactSatisfaction_count":111,"autonomy_count":983}}
