{"data":{"satisfaction":7.2220638540478905,"comprehension":7.437865497076023,"contact":3.411383285302594,"contact_reachability":0.5028490028490028,"contact_satisfaction":6.86231884057971,"autonomy":5.236959761549925},"metadata":{"satisfaction_count":3508,"comprehension_count":3420,"contact_count":694,"contactReachability_count":702,"contactSatisfaction_count":345,"autonomy_count":3355}}
