{"data":{"satisfaction":7.385752688172043,"comprehension":7.5480109739369,"contact":3.183333333333333,"contact_reachability":0.48344370860927155,"contact_satisfaction":6.631944444444445,"autonomy":5.2908587257617725},"metadata":{"satisfaction_count":744,"comprehension_count":729,"contact_count":150,"contactReachability_count":151,"contactSatisfaction_count":72,"autonomy_count":722}}
