{"data":{"satisfaction":7.1715145436308925,"comprehension":7.4342554644808745,"contact":3.7433155080213902,"contact_reachability":0.543859649122807,"contact_satisfaction":6.976744186046512,"autonomy":5.233087977567473},"metadata":{"satisfaction_count":2991,"comprehension_count":2928,"contact_count":561,"contactReachability_count":570,"contactSatisfaction_count":301,"autonomy_count":2853}}
