{"data":{"satisfaction":7.435465768799102,"comprehension":7.597142857142857,"contact":3.1793478260869565,"contact_reachability":0.4702702702702703,"contact_satisfaction":6.8023255813953485,"autonomy":5.282583621683968},"metadata":{"satisfaction_count":891,"comprehension_count":875,"contact_count":184,"contactReachability_count":185,"contactSatisfaction_count":86,"autonomy_count":867}}
