{"data":{"satisfaction":7.272267206477733,"comprehension":7.572614107883817,"contact":2.7761627906976742,"contact_reachability":0.45930232558139533,"contact_satisfaction":6.044303797468355,"autonomy":5.273109243697479},"metadata":{"satisfaction_count":988,"comprehension_count":964,"contact_count":172,"contactReachability_count":172,"contactSatisfaction_count":79,"autonomy_count":952}}
