{"data":{"satisfaction":7.46311010215664,"comprehension":7.621668597914253,"contact":3.19672131147541,"contact_reachability":0.47282608695652173,"contact_satisfaction":6.8023255813953485,"autonomy":5.2748538011695905},"metadata":{"satisfaction_count":881,"comprehension_count":863,"contact_count":183,"contactReachability_count":184,"contactSatisfaction_count":86,"autonomy_count":855}}
