{"data":{"satisfaction":7.1379980563654035,"comprehension":7.365805168986084,"contact":3.883495145631068,"contact_reachability":0.529126213592233,"contact_satisfaction":7.339449541284404,"autonomy":5.15274949083503},"metadata":{"satisfaction_count":1029,"comprehension_count":1006,"contact_count":206,"contactReachability_count":206,"contactSatisfaction_count":109,"autonomy_count":982}}
