{"data":{"satisfaction":7.094918504314477,"comprehension":7.340686274509804,"contact":3.8262910798122065,"contact_reachability":0.5233644859813084,"contact_satisfaction":7.342342342342342,"autonomy":5.120481927710843},"metadata":{"satisfaction_count":1043,"comprehension_count":1020,"contact_count":213,"contactReachability_count":214,"contactSatisfaction_count":111,"autonomy_count":996}}
