{"data":{"satisfaction":7.167553191489362,"comprehension":7.431216032608695,"contact":3.741166077738516,"contact_reachability":0.542608695652174,"contact_satisfaction":6.988448844884489,"autonomy":5.228461806766655},"metadata":{"satisfaction_count":3008,"comprehension_count":2944,"contact_count":566,"contactReachability_count":575,"contactSatisfaction_count":303,"autonomy_count":2867}}
