{"data":{"satisfaction":7.434435575826682,"comprehension":7.59581881533101,"contact":3.212290502793296,"contact_reachability":0.4777777777777778,"contact_satisfaction":6.764705882352941,"autonomy":5.287221570926143},"metadata":{"satisfaction_count":877,"comprehension_count":861,"contact_count":179,"contactReachability_count":180,"contactSatisfaction_count":85,"autonomy_count":853}}
