{"data":{"satisfaction":6.906370656370656,"comprehension":7.280788177339901,"contact":3.8181818181818183,"contact_reachability":0.5272727272727272,"contact_satisfaction":7.241379310344827,"autonomy":5.040241448692153},"metadata":{"satisfaction_count":1036,"comprehension_count":1015,"contact_count":220,"contactReachability_count":220,"contactSatisfaction_count":116,"autonomy_count":994}}
