{"data":{"satisfaction":6.276379354182557,"comprehension":6.370822853036292,"contact":2.5076219512195124,"contact_reachability":0.4730878186968839,"contact_satisfaction":5.792253521126761,"autonomy":7.108927108927109},"metadata":{"satisfaction_count":7866,"comprehension_count":5566,"contact_count":328,"contactReachability_count":353,"contactSatisfaction_count":142,"autonomy_count":4884}}
