{"data":{"satisfaction":5.596479791395046,"comprehension":5.698493683187561,"contact":3.0916030534351147,"contact_reachability":0.5547945205479452,"contact_satisfaction":6.136363636363637,"autonomy":6.839348079161816},"metadata":{"satisfaction_count":3068,"comprehension_count":2058,"contact_count":131,"contactReachability_count":146,"contactSatisfaction_count":66,"autonomy_count":1718}}
