{"data":{"satisfaction":5.901088348271447,"comprehension":5.972877358490566,"contact":3.0698529411764706,"contact_reachability":0.5266666666666666,"contact_satisfaction":6.423076923076923,"autonomy":6.914539400665927},"metadata":{"satisfaction_count":3124,"comprehension_count":2120,"contact_count":136,"contactReachability_count":150,"contactSatisfaction_count":65,"autonomy_count":1802}}
