{"data":{"satisfaction":6.9964051868019,"comprehension":7.036987282822855,"contact":2.5798722044728435,"contact_reachability":0.47005988023952094,"contact_satisfaction":5.9375,"autonomy":7.306138933764136},"metadata":{"satisfaction_count":7789,"comprehension_count":5583,"contact_count":313,"contactReachability_count":334,"contactSatisfaction_count":136,"autonomy_count":4952}}
