{"data":{"satisfaction":5.450980392156863,"comprehension":5.514383227693808,"contact":2.9198473282442747,"contact_reachability":0.5342465753424658,"contact_satisfaction":6.071428571428571,"autonomy":6.786344908769864},"metadata":{"satisfaction_count":3060,"comprehension_count":2051,"contact_count":131,"contactReachability_count":146,"contactSatisfaction_count":63,"autonomy_count":1699}}
