{"data":{"satisfaction":7.1956101601325235,"comprehension":7.198035060681949,"contact":2.6132404181184667,"contact_reachability":0.46905537459283386,"contact_satisfaction":6.048387096774194,"autonomy":7.372168284789644},"metadata":{"satisfaction_count":7244,"comprehension_count":5191,"contact_count":287,"contactReachability_count":307,"contactSatisfaction_count":124,"autonomy_count":4635}}
