{"data":{"satisfaction":4.541875447387258,"comprehension":4.969325153374233,"contact":1.7916666666666667,"contact_reachability":0.47761194029850745,"contact_satisfaction":4.3,"autonomy":6.395631067961165},"metadata":{"satisfaction_count":1397,"comprehension_count":978,"contact_count":60,"contactReachability_count":67,"contactSatisfaction_count":25,"autonomy_count":824}}
