{"data":{"satisfaction":6.535552193645991,"comprehension":6.7299349240780915,"contact":2.22972972972973,"contact_reachability":0.3739130434782609,"contact_satisfaction":6.346153846153846,"autonomy":7.0985740855548665},"metadata":{"satisfaction_count":2644,"comprehension_count":1844,"contact_count":111,"contactReachability_count":115,"contactSatisfaction_count":39,"autonomy_count":1613}}
