{"data":{"satisfaction":4.508086253369272,"comprehension":4.8536468330134355,"contact":1.9366197183098592,"contact_reachability":0.4875,"contact_satisfaction":4.583333333333333,"autonomy":6.43507972665148},"metadata":{"satisfaction_count":1484,"comprehension_count":1042,"contact_count":71,"contactReachability_count":80,"contactSatisfaction_count":30,"autonomy_count":878}}
