{"data":{"satisfaction":6.295687134502924,"comprehension":6.440565031982943,"contact":2.217741935483871,"contact_reachability":0.3769230769230769,"contact_satisfaction":6.395348837209302,"autonomy":7.009864364981504},"metadata":{"satisfaction_count":2736,"comprehension_count":1876,"contact_count":124,"contactReachability_count":130,"contactSatisfaction_count":43,"autonomy_count":1622}}
