{"data":{"satisfaction":5.808210391276459,"comprehension":5.89057318806253,"contact":2.969924812030075,"contact_reachability":0.5170068027210885,"contact_satisfaction":6.370967741935484,"autonomy":6.903297931805478},"metadata":{"satisfaction_count":3118,"comprehension_count":2111,"contact_count":133,"contactReachability_count":147,"contactSatisfaction_count":62,"autonomy_count":1789}}
