{"data":{"satisfaction":5.78125,"comprehension":5.868249534450651,"contact":3.014705882352941,"contact_reachability":0.5298013245033113,"contact_satisfaction":6.3076923076923075,"autonomy":6.87603305785124},"metadata":{"satisfaction_count":3168,"comprehension_count":2148,"contact_count":136,"contactReachability_count":151,"contactSatisfaction_count":65,"autonomy_count":1815}}
