{"data":{"satisfaction":5.8319948602634115,"comprehension":5.913735741444867,"contact":2.969924812030075,"contact_reachability":0.5170068027210885,"contact_satisfaction":6.370967741935484,"autonomy":6.920492721164614},"metadata":{"satisfaction_count":3113,"comprehension_count":2104,"contact_count":133,"contactReachability_count":147,"contactSatisfaction_count":62,"autonomy_count":1786}}
