{"data":{"satisfaction":6.323413738856843,"comprehension":6.406568936722954,"contact":2.5,"contact_reachability":0.47093023255813954,"contact_satisfaction":5.821167883211679,"autonomy":7.130471558469021},"metadata":{"satisfaction_count":7628,"comprehension_count":5389,"contact_count":319,"contactReachability_count":344,"contactSatisfaction_count":137,"autonomy_count":4729}}
