{"data":{"satisfaction":6.987959523504547,"comprehension":7.030189353340479,"contact":2.571656050955414,"contact_reachability":0.46865671641791046,"contact_satisfaction":5.9375,"autonomy":7.297079556898288},"metadata":{"satisfaction_count":7807,"comprehension_count":5598,"contact_count":314,"contactReachability_count":335,"contactSatisfaction_count":136,"autonomy_count":4965}}
