{"data":{"satisfaction":7.461538461538462,"comprehension":7.469115376130598,"contact":2.355371900826446,"contact_reachability":0.4251968503937008,"contact_satisfaction":5.9375,"autonomy":7.451028403525955},"metadata":{"satisfaction_count":6305,"comprehension_count":4533,"contact_count":242,"contactReachability_count":254,"contactSatisfaction_count":96,"autonomy_count":4084}}
