{"data":{"satisfaction":5.2780674313521025,"comprehension":5.371900826446281,"contact":2.7419354838709675,"contact_reachability":0.5289855072463768,"contact_satisfaction":5.762711864406779,"autonomy":6.765634870499053},"metadata":{"satisfaction_count":2877,"comprehension_count":1936,"contact_count":124,"contactReachability_count":138,"contactSatisfaction_count":59,"autonomy_count":1583}}
