{"data":{"satisfaction":7.55248250583139,"comprehension":7.558219967719622,"contact":2.3444444444444446,"contact_reachability":0.4248927038626609,"contact_satisfaction":5.7967032967032965,"autonomy":7.490416560184002},"metadata":{"satisfaction_count":6002,"comprehension_count":4337,"contact_count":225,"contactReachability_count":233,"contactSatisfaction_count":91,"autonomy_count":3913}}
