{"data":{"satisfaction":9.240157951417974,"comprehension":9.174629425456327,"contact":3.99548532731377,"contact_reachability":0.5711111111111111,"contact_satisfaction":7.08,"autonomy":8.454622767585956},"metadata":{"satisfaction_count":8357,"comprehension_count":8163,"contact_count":443,"contactReachability_count":450,"contactSatisfaction_count":250,"autonomy_count":8231}}
