{"data":{"satisfaction":9.219382321618744,"comprehension":9.112534562211982,"contact":4.386856368563685,"contact_reachability":0.5951903807615231,"contact_satisfaction":7.442528735632184,"autonomy":8.409300268985593},"metadata":{"satisfaction_count":28170,"comprehension_count":27125,"contact_count":1476,"contactReachability_count":1497,"contactSatisfaction_count":870,"autonomy_count":27139}}
