{"data":{"satisfaction":9.221001309853005,"comprehension":9.113805617510302,"contact":4.371980676328502,"contact_reachability":0.5945578231292517,"contact_satisfaction":7.42672919109027,"autonomy":8.364586073428281},"metadata":{"satisfaction_count":27484,"comprehension_count":26453,"contact_count":1449,"contactReachability_count":1470,"contactSatisfaction_count":853,"autonomy_count":26611}}
