{"data":{"satisfaction":9.211386871364153,"comprehension":9.110690295841074,"contact":4.358595800524935,"contact_reachability":0.5935275080906149,"contact_satisfaction":7.413504464285714,"autonomy":8.374293132268734},"metadata":{"satisfaction_count":29051,"comprehension_count":27988,"contact_count":1524,"contactReachability_count":1545,"contactSatisfaction_count":896,"autonomy_count":28117}}
