{"data":{"satisfaction":9.220068659705335,"comprehension":9.11373597801055,"contact":4.377974167233175,"contact_reachability":0.5945040214477212,"contact_satisfaction":7.436489607390301,"autonomy":8.444394752534288},"metadata":{"satisfaction_count":27964,"comprehension_count":26922,"contact_count":1471,"contactReachability_count":1492,"contactSatisfaction_count":866,"autonomy_count":26832}}
