{"data":{"satisfaction":9.211554563215183,"comprehension":9.11941151264105,"contact":4.125,"contact_reachability":0.5660847880299252,"contact_satisfaction":7.300884955752212,"autonomy":8.480813287514318},"metadata":{"satisfaction_count":7166,"comprehension_count":7001,"contact_count":400,"contactReachability_count":401,"contactSatisfaction_count":226,"autonomy_count":6984}}
