{"data":{"satisfaction":9.189050344928813,"comprehension":9.121936550894603,"contact":4.073333333333333,"contact_reachability":0.568,"contact_satisfaction":7.171361502347418,"autonomy":8.471068137180843},"metadata":{"satisfaction_count":6813,"comprehension_count":6651,"contact_count":375,"contactReachability_count":375,"contactSatisfaction_count":213,"autonomy_count":6619}}
