{"data":{"satisfaction":9.19218372280419,"comprehension":9.141698735568994,"contact":4.0932642487046635,"contact_reachability":0.5907928388746803,"contact_satisfaction":6.991150442477876,"autonomy":8.525224602626123},"metadata":{"satisfaction_count":7446,"comprehension_count":7276,"contact_count":386,"contactReachability_count":391,"contactSatisfaction_count":226,"autonomy_count":7235}}
