{"data":{"satisfaction":9.205627421367128,"comprehension":9.110065883311824,"contact":4.195924764890282,"contact_reachability":0.5796652200867948,"contact_satisfaction":7.29825517993457,"autonomy":8.3963721867652},"metadata":{"satisfaction_count":30458,"comprehension_count":29446,"contact_count":1595,"contactReachability_count":1613,"contactSatisfaction_count":917,"autonomy_count":29770}}
