{"data":{"satisfaction":9.221835796795428,"comprehension":9.155439755973564,"contact":4.024532710280374,"contact_reachability":0.5770114942528736,"contact_satisfaction":7.059426229508197,"autonomy":8.459107571735558},"metadata":{"satisfaction_count":8051,"comprehension_count":7868,"contact_count":428,"contactReachability_count":435,"contactSatisfaction_count":244,"autonomy_count":7911}}
