{"data":{"satisfaction":9.232252621429433,"comprehension":9.165432555843514,"contact":3.992027334851936,"contact_reachability":0.5717488789237668,"contact_satisfaction":7.066532258064516,"autonomy":8.449773644928422},"metadata":{"satisfaction_count":8297,"comprehension_count":8103,"contact_count":439,"contactReachability_count":446,"contactSatisfaction_count":248,"autonomy_count":8173}}
