{"data":{"satisfaction":9.207576276996914,"comprehension":9.11296046561147,"contact":4.198360655737705,"contact_reachability":0.5804150453955902,"contact_satisfaction":7.292141230068337,"autonomy":8.335540992749582},"metadata":{"satisfaction_count":29170,"comprehension_count":28178,"contact_count":1525,"contactReachability_count":1542,"contactSatisfaction_count":878,"autonomy_count":28688}}
