{"data":{"satisfaction":9.11891216872485,"comprehension":9.07808022922636,"contact":4.054054054054054,"contact_reachability":0.5863095238095238,"contact_satisfaction":6.958762886597938,"autonomy":8.384987205004265},"metadata":{"satisfaction_count":7207,"comprehension_count":6980,"contact_count":333,"contactReachability_count":336,"contactSatisfaction_count":194,"autonomy_count":7034}}
