{"data":{"satisfaction":9.221985192621409,"comprehension":9.155431432973806,"contact":4.052132701421801,"contact_reachability":0.5804195804195804,"contact_satisfaction":7.066115702479339,"autonomy":8.448760541783798},"metadata":{"satisfaction_count":7969,"comprehension_count":7788,"contact_count":422,"contactReachability_count":429,"contactSatisfaction_count":242,"autonomy_count":7826}}
