{"data":{"satisfaction":9.169921875,"comprehension":9.105296268627374,"contact":4.150700073691968,"contact_reachability":0.5928362573099415,"contact_satisfaction":7.040625,"autonomy":8.438553838914595},"metadata":{"satisfaction_count":26112,"comprehension_count":25433,"contact_count":1357,"contactReachability_count":1368,"contactSatisfaction_count":800,"autonomy_count":25502}}
