{"data":{"satisfaction":9.211452832142488,"comprehension":9.11006018916595,"contact":4.357707509881423,"contact_reachability":0.5938921377517868,"contact_satisfaction":7.407614781634939,"autonomy":8.372797945938235},"metadata":{"satisfaction_count":28971,"comprehension_count":27912,"contact_count":1518,"contactReachability_count":1539,"contactSatisfaction_count":893,"autonomy_count":28042}}
