{"data":{"satisfaction":9.218520333170014,"comprehension":9.116663880996155,"contact":4.206948640483383,"contact_reachability":0.5783132530120482,"contact_satisfaction":7.290575916230367,"autonomy":8.466042154566745},"metadata":{"satisfaction_count":6123,"comprehension_count":5983,"contact_count":331,"contactReachability_count":332,"contactSatisfaction_count":191,"autonomy_count":5978}}
