{"data":{"satisfaction":9.215849056603773,"comprehension":9.013838078574837,"contact":4.219745222929936,"contact_reachability":0.5705394190871369,"contact_satisfaction":7.528409090909091,"autonomy":8.355747678514248},"metadata":{"satisfaction_count":6625,"comprehension_count":6287,"contact_count":471,"contactReachability_count":482,"contactSatisfaction_count":264,"autonomy_count":6246}}
