{"data":{"satisfaction":9.1477196286829,"comprehension":9.024139883902025,"contact":4.033687943262412,"contact_reachability":0.5528169014084507,"contact_satisfaction":7.338709677419355,"autonomy":8.321737895783047},"metadata":{"satisfaction_count":7433,"comprehension_count":7063,"contact_count":564,"contactReachability_count":568,"contactSatisfaction_count":310,"autonomy_count":7043}}
