{"data":{"satisfaction":9.222552967956576,"comprehension":9.027343030749401,"contact":4.168734491315137,"contact_reachability":0.5617433414043583,"contact_satisfaction":7.5675675675675675,"autonomy":8.295015633621482},"metadata":{"satisfaction_count":5711,"comprehension_count":5431,"contact_count":403,"contactReachability_count":413,"contactSatisfaction_count":222,"autonomy_count":5437}}
