{"data":{"satisfaction":9.129455838946493,"comprehension":8.99867347348957,"contact":4.074781659388647,"contact_reachability":0.5579284570208222,"contact_satisfaction":7.435258964143427,"autonomy":8.361336073169749},"metadata":{"satisfaction_count":26426,"comprehension_count":24877,"contact_count":1832,"contactReachability_count":1873,"contactSatisfaction_count":1004,"autonomy_count":24819}}
