{"data":{"satisfaction":9.175152749490834,"comprehension":9.014625681705503,"contact":4.357476635514018,"contact_reachability":0.592255125284738,"contact_satisfaction":7.48995983935743,"autonomy":8.36873547958845},"metadata":{"satisfaction_count":6383,"comprehension_count":6051,"contact_count":428,"contactReachability_count":439,"contactSatisfaction_count":249,"autonomy_count":6026}}
