{"data":{"satisfaction":9.216136195410806,"comprehension":9.015151515151516,"contact":4.1928721174004195,"contact_reachability":0.5655737704918032,"contact_satisfaction":7.547169811320755,"autonomy":8.353754319824064},"metadata":{"satisfaction_count":6755,"comprehension_count":6402,"contact_count":477,"contactReachability_count":488,"contactSatisfaction_count":265,"autonomy_count":6366}}
