{"data":{"satisfaction":9.135286198033535,"comprehension":9.001231580312,"contact":4.253521126760563,"contact_reachability":0.5802124091671325,"contact_satisfaction":7.373046875,"autonomy":8.289853803729319},"metadata":{"satisfaction_count":24511,"comprehension_count":23141,"contact_count":1775,"contactReachability_count":1789,"contactSatisfaction_count":1024,"autonomy_count":22846}}
