{"data":{"satisfaction":9.151874950027985,"comprehension":9.025877768836558,"contact":3.9895421141888074,"contact_reachability":0.5435385468663338,"contact_satisfaction":7.460359408033827,"autonomy":8.319495043632974},"metadata":{"satisfaction_count":25014,"comprehension_count":23611,"contact_count":1769,"contactReachability_count":1803,"contactSatisfaction_count":946,"autonomy_count":23606}}
