{"data":{"satisfaction":9.141875632127785,"comprehension":9.016608230300793,"contact":4.246660069272638,"contact_reachability":0.5763451284537082,"contact_satisfaction":7.48256320836966,"autonomy":8.28641735953171},"metadata":{"satisfaction_count":28673,"comprehension_count":27095,"contact_count":2021,"contactReachability_count":2063,"contactSatisfaction_count":1147,"autonomy_count":26821}}
