{"data":{"satisfaction":9.17910447761194,"comprehension":9.019262295081967,"contact":4.317660550458716,"contact_reachability":0.5906040268456376,"contact_satisfaction":7.440711462450593,"autonomy":8.359092403814534},"metadata":{"satisfaction_count":6432,"comprehension_count":6100,"contact_count":436,"contactReachability_count":447,"contactSatisfaction_count":253,"autonomy_count":6082}}
