{"data":{"satisfaction":9.173828441705854,"comprehension":9.08151059466849,"contact":4.139150943396227,"contact_reachability":0.5796766743648961,"contact_satisfaction":7.25206611570248,"autonomy":8.299331390365163},"metadata":{"satisfaction_count":6167,"comprehension_count":5852,"contact_count":424,"contactReachability_count":433,"contactSatisfaction_count":242,"autonomy_count":5833}}
