{"data":{"satisfaction":9.134570093119317,"comprehension":8.999249798022545,"contact":4.0124416796267495,"contact_reachability":0.5487309644670051,"contact_satisfaction":7.4423076923076925,"autonomy":8.289705319556067},"metadata":{"satisfaction_count":27599,"comprehension_count":25993,"contact_count":1929,"contactReachability_count":1970,"contactSatisfaction_count":1040,"autonomy_count":26130}}
