{"data":{"satisfaction":9.130073939942658,"comprehension":8.999679448651682,"contact":4.064367191743617,"contact_reachability":0.5573857598299681,"contact_satisfaction":7.423115079365079,"autonomy":8.330265685019207},"metadata":{"satisfaction_count":26508,"comprehension_count":24957,"contact_count":1841,"contactReachability_count":1882,"contactSatisfaction_count":1008,"autonomy_count":24992}}
