{"data":{"satisfaction":9.14264726458654,"comprehension":9.01708373435996,"contact":4.250992063492063,"contact_reachability":0.576773566569485,"contact_satisfaction":7.4847161572052405,"autonomy":8.26408056695263},"metadata":{"satisfaction_count":28588,"comprehension_count":27014,"contact_count":2016,"contactReachability_count":2058,"contactSatisfaction_count":1145,"autonomy_count":26810}}
