{"data":{"satisfaction":9.264853256979242,"comprehension":9.106442365721183,"contact":3.9240506329113924,"contact_reachability":0.524008350730689,"contact_satisfaction":7.560975609756097,"autonomy":8.305597579425113},"metadata":{"satisfaction_count":6985,"comprehension_count":6628,"contact_count":474,"contactReachability_count":479,"contactSatisfaction_count":246,"autonomy_count":6610}}
