{"data":{"satisfaction":5.613825983313468,"comprehension":4.376138433515482,"contact":2.517857142857143,"contact_reachability":0.5398773006134969,"contact_satisfaction":5.423076923076923,"autonomy":4.052287581699346},"metadata":{"satisfaction_count":839,"comprehension_count":549,"contact_count":140,"contactReachability_count":163,"contactSatisfaction_count":65,"autonomy_count":459}}
