{"data":{"satisfaction":5.7894736842105265,"comprehension":5.2734375,"contact":3.6607142857142856,"contact_reachability":0.6333333333333333,"contact_satisfaction":6.029411764705882,"autonomy":5.188679245283019},"metadata":{"satisfaction_count":171,"comprehension_count":128,"contact_count":28,"contactReachability_count":30,"contactSatisfaction_count":17,"autonomy_count":106}}
