{"data":{"satisfaction":5.635838150289017,"comprehension":5.09469696969697,"contact":3.2758620689655173,"contact_reachability":0.5806451612903226,"contact_satisfaction":5.9375,"autonomy":4.954128440366972},"metadata":{"satisfaction_count":173,"comprehension_count":132,"contact_count":29,"contactReachability_count":31,"contactSatisfaction_count":16,"autonomy_count":109}}
