{"data":{"satisfaction":5.861244019138756,"comprehension":4.619565217391305,"contact":3.2051282051282053,"contact_reachability":0.6304347826086957,"contact_satisfaction":5.681818181818182,"autonomy":3.983739837398374},"metadata":{"satisfaction_count":209,"comprehension_count":138,"contact_count":39,"contactReachability_count":46,"contactSatisfaction_count":22,"autonomy_count":123}}
