{"data":{"satisfaction":5.174418604651163,"comprehension":4.662698412698413,"contact":2.5657894736842106,"contact_reachability":0.5227272727272727,"contact_satisfaction":5.735294117647059,"autonomy":3.823529411764706},"metadata":{"satisfaction_count":172,"comprehension_count":126,"contact_count":38,"contactReachability_count":44,"contactSatisfaction_count":17,"autonomy_count":102}}
