{"data":{"satisfaction":5.684150513112884,"comprehension":4.484265734265734,"contact":2.6215277777777777,"contact_reachability":0.5508982035928144,"contact_satisfaction":5.471014492753623,"autonomy":4.170124481327801},"metadata":{"satisfaction_count":877,"comprehension_count":572,"contact_count":144,"contactReachability_count":167,"contactSatisfaction_count":69,"autonomy_count":482}}
