{"data":{"satisfaction":5.83420776495278,"comprehension":4.416390728476821,"contact":2.891156462585034,"contact_reachability":0.6195652173913043,"contact_satisfaction":5.51948051948052,"autonomy":4.01980198019802},"metadata":{"satisfaction_count":953,"comprehension_count":604,"contact_count":147,"contactReachability_count":184,"contactSatisfaction_count":77,"autonomy_count":505}}
