{"data":{"satisfaction":5.832460732984293,"comprehension":4.434818481848184,"contact":2.891156462585034,"contact_reachability":0.6195652173913043,"contact_satisfaction":5.51948051948052,"autonomy":4.031620553359684},"metadata":{"satisfaction_count":955,"comprehension_count":606,"contact_count":147,"contactReachability_count":184,"contactSatisfaction_count":77,"autonomy_count":506}}
