{"data":{"satisfaction":6.275862068965517,"comprehension":5.8254716981132075,"contact":3.9285714285714284,"contact_reachability":0.6956521739130435,"contact_satisfaction":5.892857142857143,"autonomy":5.531914893617022},"metadata":{"satisfaction_count":145,"comprehension_count":106,"contact_count":21,"contactReachability_count":23,"contactSatisfaction_count":14,"autonomy_count":94}}
