{"data":{"satisfaction":6.9784172661870505,"comprehension":6.4855072463768115,"contact":4.423076923076923,"contact_reachability":0.6538461538461539,"contact_satisfaction":6.764705882352941,"autonomy":5.190839694656488},"metadata":{"satisfaction_count":139,"comprehension_count":138,"contact_count":26,"contactReachability_count":26,"contactSatisfaction_count":17,"autonomy_count":131}}
