{"data":{"satisfaction":7.124573378839591,"comprehension":6.803633217993079,"contact":4.364035087719298,"contact_reachability":0.6410256410256411,"contact_satisfaction":6.909722222222222,"autonomy":5.571428571428571},"metadata":{"satisfaction_count":586,"comprehension_count":578,"contact_count":114,"contactReachability_count":117,"contactSatisfaction_count":72,"autonomy_count":560}}
