{"data":{"satisfaction":6.901840490797546,"comprehension":6.496913580246914,"contact":4.285714285714286,"contact_reachability":0.6,"contact_satisfaction":7.142857142857143,"autonomy":5.096774193548387},"metadata":{"satisfaction_count":163,"comprehension_count":162,"contact_count":35,"contactReachability_count":35,"contactSatisfaction_count":21,"autonomy_count":155}}
