{"data":{"satisfaction":7.290502793296089,"comprehension":6.671348314606742,"contact":4.53125,"contact_reachability":0.59375,"contact_satisfaction":7.631578947368421,"autonomy":5.502958579881657},"metadata":{"satisfaction_count":179,"comprehension_count":178,"contact_count":32,"contactReachability_count":32,"contactSatisfaction_count":19,"autonomy_count":169}}
