{"data":{"satisfaction":7.152209492635024,"comprehension":6.820066334991708,"contact":4.258474576271187,"contact_reachability":0.628099173553719,"contact_satisfaction":6.883561643835616,"autonomy":5.5479452054794525},"metadata":{"satisfaction_count":611,"comprehension_count":603,"contact_count":118,"contactReachability_count":121,"contactSatisfaction_count":73,"autonomy_count":584}}
