{"data":{"satisfaction":7.355679702048417,"comprehension":7.153041825095057,"contact":4.034090909090909,"contact_reachability":0.6263736263736264,"contact_satisfaction":6.574074074074074,"autonomy":6.086105675146771},"metadata":{"satisfaction_count":537,"comprehension_count":526,"contact_count":88,"contactReachability_count":91,"contactSatisfaction_count":54,"autonomy_count":511}}
