{"data":{"satisfaction":7.3478260869565215,"comprehension":7.092198581560283,"contact":4.201030927835052,"contact_reachability":0.63,"contact_satisfaction":6.791666666666667,"autonomy":6.018348623853211},"metadata":{"satisfaction_count":575,"comprehension_count":564,"contact_count":97,"contactReachability_count":100,"contactSatisfaction_count":60,"autonomy_count":545}}
