{"data":{"satisfaction":6.900826446280992,"comprehension":6.567796610169491,"contact":4.431818181818182,"contact_reachability":0.6363636363636364,"contact_satisfaction":6.964285714285714,"autonomy":4.521739130434782},"metadata":{"satisfaction_count":121,"comprehension_count":118,"contact_count":22,"contactReachability_count":22,"contactSatisfaction_count":14,"autonomy_count":115}}
