{"data":{"satisfaction":7.352430555555555,"comprehension":7.092920353982301,"contact":4.201030927835052,"contact_reachability":0.63,"contact_satisfaction":6.791666666666667,"autonomy":6.0256410256410255},"metadata":{"satisfaction_count":576,"comprehension_count":565,"contact_count":97,"contactReachability_count":100,"contactSatisfaction_count":60,"autonomy_count":546}}
