{"data":{"satisfaction":8.85803076196845,"comprehension":8.651317226615404,"contact":4.044885177453027,"contact_reachability":0.5685071574642127,"contact_satisfaction":7.229477611940299,"autonomy":7.874813988095238},"metadata":{"satisfaction_count":25421,"comprehension_count":22889,"contact_count":479,"contactReachability_count":489,"contactSatisfaction_count":268,"autonomy_count":21504}}
