{"data":{"satisfaction":8.74925432491549,"comprehension":8.552733403349732,"contact":3.7905236907730675,"contact_reachability":0.5233415233415234,"contact_satisfaction":7.342995169082125,"autonomy":7.623286868923509},"metadata":{"satisfaction_count":20116,"comprehension_count":18091,"contact_count":401,"contactReachability_count":407,"contactSatisfaction_count":207,"autonomy_count":17074}}
