{"data":{"satisfaction":8.781225585448427,"comprehension":8.675940696779376,"contact":3.561692969870875,"contact_reachability":0.5126050420168067,"contact_satisfaction":7.113180515759312,"autonomy":8.288279990789777},"metadata":{"satisfaction_count":99838,"comprehension_count":89641,"contact_count":2091,"contactReachability_count":2142,"contactSatisfaction_count":1047,"autonomy_count":86860}}
