{"data":{"satisfaction":9.01992991677617,"comprehension":8.945555821753713,"contact":4.619289340101523,"contact_reachability":0.628140703517588,"contact_satisfaction":7.3983739837398375,"autonomy":8.324860193187595},"metadata":{"satisfaction_count":9132,"comprehension_count":8348,"contact_count":197,"contactReachability_count":199,"contactSatisfaction_count":123,"autonomy_count":7868}}
