{"data":{"satisfaction":8.751606913298101,"comprehension":8.544694960212201,"contact":3.6966824644549763,"contact_reachability":0.5174825174825175,"contact_satisfaction":7.255813953488372,"autonomy":7.7925746569814365},"metadata":{"satisfaction_count":21003,"comprehension_count":18850,"contact_count":422,"contactReachability_count":429,"contactSatisfaction_count":215,"autonomy_count":17346}}
