{"data":{"satisfaction":8.77665353796007,"comprehension":8.621850319669049,"contact":3.669491525423729,"contact_reachability":0.5249169435215947,"contact_satisfaction":7.121710526315789,"autonomy":7.940403874569037},"metadata":{"satisfaction_count":14726,"comprehension_count":13295,"contact_count":295,"contactReachability_count":301,"contactSatisfaction_count":152,"autonomy_count":12182}}
