{"data":{"satisfaction":8.745022745924478,"comprehension":8.696260247649152,"contact":3.4047502448579823,"contact_reachability":0.5074626865671642,"contact_satisfaction":6.822865554465162,"autonomy":8.44268675167693},"metadata":{"satisfaction_count":98699,"comprehension_count":87947,"contact_count":2042,"contactReachability_count":2077,"contactSatisfaction_count":1019,"autonomy_count":87362}}
