{"data":{"satisfaction":8.749203529570774,"comprehension":8.692711209276643,"contact":3.4895088221268478,"contact_reachability":0.5118000925497455,"contact_satisfaction":7.022552783109405,"autonomy":8.405420740223464},"metadata":{"satisfaction_count":103582,"comprehension_count":92361,"contact_count":2097,"contactReachability_count":2161,"contactSatisfaction_count":1042,"autonomy_count":91648}}
