{"data":{"satisfaction":8.879652850178928,"comprehension":8.863343063450607,"contact":3.6455525606469004,"contact_reachability":0.5380507343124166,"contact_satisfaction":6.83080808080808,"autonomy":8.453183876381368},"metadata":{"satisfaction_count":35489,"comprehension_count":32545,"contact_count":742,"contactReachability_count":749,"contactSatisfaction_count":396,"autonomy_count":31581}}
