{"data":{"satisfaction":8.77959460281328,"comprehension":8.674595544679446,"contact":3.4773706896551726,"contact_reachability":0.503569928601428,"contact_satisfaction":7.089191564147628,"autonomy":8.349162561576355},"metadata":{"satisfaction_count":115097,"comprehension_count":102978,"contact_count":2320,"contactReachability_count":2381,"contactSatisfaction_count":1138,"autonomy_count":101500}}
