{"data":{"satisfaction":8.782442486371584,"comprehension":8.678173303453427,"contact":3.5095541401273884,"contact_reachability":0.5076541166735623,"contact_satisfaction":7.094420600858369,"autonomy":8.338626805365347},"metadata":{"satisfaction_count":116668,"comprehension_count":104418,"contact_count":2355,"contactReachability_count":2417,"contactSatisfaction_count":1165,"autonomy_count":102957}}
