{"data":{"satisfaction":9.053515868077163,"comprehension":9.016621438263229,"contact":4.801829268292683,"contact_reachability":0.6547619047619048,"contact_satisfaction":7.429245283018868,"autonomy":8.414911781445646},"metadata":{"satisfaction_count":8035,"comprehension_count":7370,"contact_count":164,"contactReachability_count":168,"contactSatisfaction_count":106,"autonomy_count":7028}}
