{"data":{"satisfaction":8.92728718622502,"comprehension":8.818939393939393,"contact":4.053697183098592,"contact_reachability":0.5743944636678201,"contact_satisfaction":7.150621118012422,"autonomy":8.290465983964436},"metadata":{"satisfaction_count":28922,"comprehension_count":26400,"contact_count":568,"contactReachability_count":578,"contactSatisfaction_count":322,"autonomy_count":25194}}
