{"data":{"satisfaction":8.785057765356532,"comprehension":8.681921269159554,"contact":3.573778195488722,"contact_reachability":0.5139844108207244,"contact_satisfaction":7.120786516853933,"autonomy":8.280349759370976},"metadata":{"satisfaction_count":101618,"comprehension_count":91273,"contact_count":2128,"contactReachability_count":2181,"contactSatisfaction_count":1068,"autonomy_count":88518}}
