{"data":{"satisfaction":8.904966621229597,"comprehension":8.785412667946257,"contact":4.013513513513513,"contact_reachability":0.5699115044247788,"contact_satisfaction":7.139423076923077,"autonomy":8.263349514563107},"metadata":{"satisfaction_count":28611,"comprehension_count":26050,"contact_count":555,"contactReachability_count":565,"contactSatisfaction_count":312,"autonomy_count":24720}}
