{"data":{"satisfaction":8.74721189591078,"comprehension":8.551209966374511,"contact":3.781094527363184,"contact_reachability":0.5220588235294118,"contact_satisfaction":7.342995169082125,"autonomy":7.643058161350845},"metadata":{"satisfaction_count":20175,"comprehension_count":18141,"contact_count":402,"contactReachability_count":408,"contactSatisfaction_count":207,"autonomy_count":17056}}
