{"data":{"satisfaction":8.756803466866149,"comprehension":8.678560417750544,"contact":3.5295376712328768,"contact_reachability":0.5139061851390618,"contact_satisfaction":7.07725321888412,"autonomy":8.342468971457656},"metadata":{"satisfaction_count":116301,"comprehension_count":103794,"contact_count":2336,"contactReachability_count":2409,"contactSatisfaction_count":1165,"autonomy_count":102164}}
