{"data":{"satisfaction":8.754004516569507,"comprehension":8.579770503261882,"contact":3.8713910761154855,"contact_reachability":0.5412371134020618,"contact_satisfaction":7.266009852216749,"autonomy":7.789823286126081},"metadata":{"satisfaction_count":19041,"comprehension_count":17168,"contact_count":381,"contactReachability_count":388,"contactSatisfaction_count":203,"autonomy_count":15958}}
