{"data":{"satisfaction":8.75686440166556,"comprehension":8.678901253888213,"contact":3.5275150472914873,"contact_reachability":0.5143809920800333,"contact_satisfaction":7.0671834625323,"autonomy":8.3417213605282},"metadata":{"satisfaction_count":115997,"comprehension_count":103518,"contact_count":2326,"contactReachability_count":2399,"contactSatisfaction_count":1161,"autonomy_count":101931}}
