{"data":{"satisfaction":8.895516677680776,"comprehension":8.761477542275614,"contact":4.148451730418944,"contact_reachability":0.5828877005347594,"contact_satisfaction":7.23015873015873,"autonomy":8.215545554068848},"metadata":{"satisfaction_count":28751,"comprehension_count":26138,"contact_count":549,"contactReachability_count":561,"contactSatisfaction_count":315,"autonomy_count":24663}}
