{"data":{"satisfaction":8.835756337858944,"comprehension":8.442924593806415,"contact":6.943539630836048,"contact_reachability":0.831331592689295,"contact_satisfaction":8.420013166556945,"autonomy":6.374404160046223},"metadata":{"satisfaction_count":8323,"comprehension_count":7201,"contact_count":1842,"contactReachability_count":1915,"contactSatisfaction_count":1519,"autonomy_count":6923}}
