{"data":{"satisfaction":8.766652407724273,"comprehension":8.405584642233856,"contact":6.75952188006483,"contact_reachability":0.8180007964954201,"contact_satisfaction":8.295624067628045,"autonomy":6.4218544977401955},"metadata":{"satisfaction_count":32728,"comprehension_count":28650,"contact_count":7404,"contactReachability_count":7533,"contactSatisfaction_count":6033,"autonomy_count":27436}}
