{"data":{"satisfaction":8.829434839459537,"comprehension":8.430617665848493,"contact":6.839893262174783,"contact_reachability":0.820934144132488,"contact_satisfaction":8.388970708558338,"autonomy":6.418362778523952},"metadata":{"satisfaction_count":34415,"comprehension_count":29741,"contact_count":7495,"contactReachability_count":7729,"contactSatisfaction_count":6111,"autonomy_count":29037}}
