{"data":{"satisfaction":8.85509640123241,"comprehension":8.428183028778575,"contact":6.767527954064672,"contact_reachability":0.820745069393718,"contact_satisfaction":8.307827861250232,"autonomy":6.4970974641002135},"metadata":{"satisfaction_count":31483,"comprehension_count":27034,"contact_count":6618,"contactReachability_count":6845,"contactSatisfaction_count":5391,"autonomy_count":26184}}
