{"data":{"satisfaction":8.851051051051051,"comprehension":8.45209955506118,"contact":7.010869565217392,"contact_reachability":0.8381201044386423,"contact_satisfaction":8.431372549019608,"autonomy":6.384671005061461},"metadata":{"satisfaction_count":8325,"comprehension_count":7192,"contact_count":1840,"contactReachability_count":1915,"contactSatisfaction_count":1530,"autonomy_count":6915}}
