{"data":{"satisfaction":8.934211959481537,"comprehension":8.462299055881603,"contact":6.6614014933946,"contact_reachability":0.8269230769230769,"contact_satisfaction":8.13288920056101,"autonomy":6.653856347733899},"metadata":{"satisfaction_count":9181,"comprehension_count":7838,"contact_count":1741,"contactReachability_count":1820,"contactSatisfaction_count":1426,"autonomy_count":7546}}
