{"data":{"satisfaction":8.821277097078228,"comprehension":8.429404584294046,"contact":6.917591125198098,"contact_reachability":0.8307849133537207,"contact_satisfaction":8.3888532991672,"autonomy":6.3560755568085705},"metadata":{"satisfaction_count":8488,"comprehension_count":7373,"contact_count":1893,"contactReachability_count":1962,"contactSatisfaction_count":1561,"autonomy_count":7094}}
