{"data":{"satisfaction":8.861215795510404,"comprehension":8.453759969616407,"contact":6.707717569786535,"contact_reachability":0.8203309692671394,"contact_satisfaction":8.252525252525253,"autonomy":6.5993265993265995},"metadata":{"satisfaction_count":6103,"comprehension_count":5266,"contact_count":1218,"contactReachability_count":1269,"contactSatisfaction_count":990,"autonomy_count":5049}}
