{"data":{"satisfaction":8.77151905586834,"comprehension":8.40406075635462,"contact":6.840749272550921,"contact_reachability":0.8197434992352042,"contact_satisfaction":8.40120607504467,"autonomy":6.406982382414741},"metadata":{"satisfaction_count":36944,"comprehension_count":32260,"contact_count":8248,"contactReachability_count":8499,"contactSatisfaction_count":6716,"autonomy_count":30935}}
