{"data":{"satisfaction":8.864207069731505,"comprehension":8.46326164874552,"contact":6.76513671875,"contact_reachability":0.8288119738072965,"contact_satisfaction":8.237217598097503,"autonomy":6.623134328358209},"metadata":{"satisfaction_count":5177,"comprehension_count":4464,"contact_count":1024,"contactReachability_count":1069,"contactSatisfaction_count":841,"autonomy_count":4288}}
