{"data":{"satisfaction":8.818323167085277,"comprehension":8.436470911086717,"contact":6.908284023668639,"contact_reachability":0.8284823284823285,"contact_satisfaction":8.399280575539569,"autonomy":6.446078431372549},"metadata":{"satisfaction_count":8361,"comprehension_count":7288,"contact_count":1859,"contactReachability_count":1924,"contactSatisfaction_count":1529,"autonomy_count":6936}}
