{"data":{"satisfaction":8.7744874103136,"comprehension":8.40548818025117,"contact":6.8366855353486695,"contact_reachability":0.8194996492868833,"contact_satisfaction":8.398431720668738,"autonomy":6.404245767060031},"metadata":{"satisfaction_count":37213,"comprehension_count":32488,"contact_count":8303,"contactReachability_count":8554,"contactSatisfaction_count":6759,"autonomy_count":31184}}
