{"data":{"satisfaction":8.841271760154738,"comprehension":8.446068830442082,"contact":6.98993471164309,"contact_reachability":0.8359456635318704,"contact_satisfaction":8.43011811023622,"autonomy":6.356510378864857},"metadata":{"satisfaction_count":8272,"comprehension_count":7148,"contact_count":1838,"contactReachability_count":1914,"contactSatisfaction_count":1524,"autonomy_count":6889}}
