{"data":{"satisfaction":8.886397883053402,"comprehension":8.427348410075956,"contact":6.751348920863309,"contact_reachability":0.8256880733944955,"contact_satisfaction":8.244564023720624,"autonomy":6.590205144319253},"metadata":{"satisfaction_count":27209,"comprehension_count":23303,"contact_count":5560,"contactReachability_count":5777,"contactSatisfaction_count":4553,"autonomy_count":22277}}
