{"data":{"satisfaction":8.826185101580135,"comprehension":8.42860824742268,"contact":6.854948341489941,"contact_reachability":0.8223892405063291,"contact_satisfaction":8.391579297720087,"autonomy":6.415452818239392},"metadata":{"satisfaction_count":33668,"comprehension_count":29100,"contact_count":7356,"contactReachability_count":7584,"contactSatisfaction_count":6009,"autonomy_count":28422}}
