{"data":{"satisfaction":8.883362746670945,"comprehension":8.469075037147103,"contact":6.696217494089835,"contact_reachability":0.8174904942965779,"contact_satisfaction":8.258017492711371,"autonomy":6.591260634184068},"metadata":{"satisfaction_count":6233,"comprehension_count":5384,"contact_count":1269,"contactReachability_count":1315,"contactSatisfaction_count":1029,"autonomy_count":5172}}
