{"data":{"satisfaction":8.86551724137931,"comprehension":8.360323886639677,"contact":6.53485254691689,"contact_reachability":0.8041370394311571,"contact_satisfaction":8.200168208578637,"autonomy":6.541631623212784},"metadata":{"satisfaction_count":7250,"comprehension_count":6175,"contact_count":1492,"contactReachability_count":1547,"contactSatisfaction_count":1189,"autonomy_count":5945}}
