{"data":{"satisfaction":8.781123335263462,"comprehension":8.40757607744971,"contact":6.834594019619431,"contact_reachability":0.8195065978198508,"contact_satisfaction":8.395397793263648,"autonomy":6.424366441051472},"metadata":{"satisfaction_count":37994,"comprehension_count":33157,"contact_count":8461,"contactReachability_count":8715,"contactSatisfaction_count":6888,"autonomy_count":31765}}
