{"data":{"satisfaction":8.773704512961615,"comprehension":8.405004633920296,"contact":6.842200725513906,"contact_reachability":0.8199741814341039,"contact_satisfaction":8.400385985748219,"autonomy":6.409290039943306},"metadata":{"satisfaction_count":37071,"comprehension_count":32370,"contact_count":8270,"contactReachability_count":8521,"contactSatisfaction_count":6736,"autonomy_count":31044}}
