{"data":{"satisfaction":8.76971996288007,"comprehension":8.403500546960462,"contact":6.829537105069802,"contact_reachability":0.818873306394105,"contact_satisfaction":8.396567299006323,"autonomy":6.421877551020408},"metadata":{"satisfaction_count":36638,"comprehension_count":31995,"contact_count":8166,"contactReachability_count":8414,"contactSatisfaction_count":6642,"autonomy_count":30625}}
