{"data":{"satisfaction":8.766317733990148,"comprehension":8.406045579236126,"contact":6.752212389380531,"contact_reachability":0.8175006689858175,"contact_satisfaction":8.292091623474336,"autonomy":6.432591502666912},"metadata":{"satisfaction_count":32480,"comprehension_count":28434,"contact_count":7345,"contactReachability_count":7474,"contactSatisfaction_count":5981,"autonomy_count":27185}}
