{"data":{"satisfaction":8.824956672443674,"comprehension":8.462271591954778,"contact":6.838905775075988,"contact_reachability":0.8255872063968016,"contact_satisfaction":8.307692307692308,"autonomy":6.434001382170007},"metadata":{"satisfaction_count":8655,"comprehension_count":7607,"contact_count":1974,"contactReachability_count":2001,"contactSatisfaction_count":1625,"autonomy_count":7235}}
