{"data":{"satisfaction":8.877087724987838,"comprehension":8.468105065666041,"contact":6.737704918032787,"contact_reachability":0.8225552050473186,"contact_satisfaction":8.261306532663317,"autonomy":6.616320125539427},"metadata":{"satisfaction_count":6167,"comprehension_count":5330,"contact_count":1220,"contactReachability_count":1268,"contactSatisfaction_count":995,"autonomy_count":5098}}
