{"data":{"satisfaction":8.878498961007212,"comprehension":8.338495893963406,"contact":6.542424242424242,"contact_reachability":0.8097447795823666,"contact_satisfaction":8.165658093797276,"autonomy":6.53426907570554},"metadata":{"satisfaction_count":8181,"comprehension_count":6941,"contact_count":1650,"contactReachability_count":1724,"contactSatisfaction_count":1322,"autonomy_count":6697}}
