{"data":{"satisfaction":8.824750364635925,"comprehension":8.477150880776104,"contact":6.804792810783824,"contact_reachability":0.8211822660098522,"contact_satisfaction":8.310975609756097,"autonomy":6.430383126418369},"metadata":{"satisfaction_count":8913,"comprehension_count":7834,"contact_count":2003,"contactReachability_count":2030,"contactSatisfaction_count":1640,"autonomy_count":7491}}
