{"data":{"satisfaction":8.85444209413009,"comprehension":8.433061318757458,"contact":6.7693938442211055,"contact_reachability":0.820625759416768,"contact_satisfaction":8.310680547522653,"autonomy":6.5231088248195555},"metadata":{"satisfaction_count":30256,"comprehension_count":25979,"contact_count":6368,"contactReachability_count":6584,"contactSatisfaction_count":5187,"autonomy_count":25077}}
