{"data":{"satisfaction":8.890941214262769,"comprehension":8.47121634168988,"contact":6.799138606108066,"contact_reachability":0.8275340393343419,"contact_satisfaction":8.276930409914204,"autonomy":6.555833173169326},"metadata":{"satisfaction_count":6226,"comprehension_count":5385,"contact_count":1277,"contactReachability_count":1322,"contactSatisfaction_count":1049,"autonomy_count":5203}}
