{"data":{"satisfaction":8.86833855799373,"comprehension":8.432357652541139,"contact":6.943813847900113,"contact_reachability":0.8358045030203185,"contact_satisfaction":8.362952836637048,"autonomy":6.457637412693592},"metadata":{"satisfaction_count":7975,"comprehension_count":6867,"contact_count":1762,"contactReachability_count":1821,"contactSatisfaction_count":1463,"autonomy_count":6586}}
