{"data":{"satisfaction":8.829900568181818,"comprehension":8.469656102494943,"contact":6.914308176100629,"contact_reachability":0.8263534218590398,"contact_satisfaction":8.41358418367347,"autonomy":6.4459286627824355},"metadata":{"satisfaction_count":8448,"comprehension_count":7415,"contact_count":1908,"contactReachability_count":1958,"contactSatisfaction_count":1568,"autonomy_count":7037}}
