{"data":{"satisfaction":8.826990034818106,"comprehension":8.440502333241835,"contact":6.938415626695605,"contact_reachability":0.8298319327731093,"contact_satisfaction":8.418367346938776,"autonomy":6.4817497103128625},"metadata":{"satisfaction_count":8329,"comprehension_count":7286,"contact_count":1843,"contactReachability_count":1904,"contactSatisfaction_count":1519,"autonomy_count":6904}}
