{"data":{"satisfaction":8.766903238996466,"comprehension":8.402984078240262,"contact":6.832308296257525,"contact_reachability":0.8183782409761058,"contact_satisfaction":8.403750201191052,"autonomy":6.428372060567999},"metadata":{"satisfaction_count":34239,"comprehension_count":29959,"contact_count":7642,"contactReachability_count":7868,"contactSatisfaction_count":6213,"autonomy_count":28662}}
