{"data":{"satisfaction":8.867969876622336,"comprehension":8.456319702602231,"contact":6.764009471191792,"contact_reachability":0.8239757207890743,"contact_satisfaction":8.280193236714975,"autonomy":6.558743699108182},"metadata":{"satisfaction_count":6241,"comprehension_count":5380,"contact_count":1267,"contactReachability_count":1318,"contactSatisfaction_count":1035,"autonomy_count":5158}}
