{"data":{"satisfaction":8.855486492947644,"comprehension":8.453304697242622,"contact":6.988327904451683,"contact_reachability":0.8365535248041776,"contact_satisfaction":8.41890124264225,"autonomy":6.418147666522179},"metadata":{"satisfaction_count":8366,"comprehension_count":7217,"contact_count":1842,"contactReachability_count":1915,"contactSatisfaction_count":1529,"autonomy_count":6921}}
