{"data":{"satisfaction":8.85332775511627,"comprehension":8.436866022884038,"contact":6.785184574818721,"contact_reachability":0.8207215836526182,"contact_satisfaction":8.326086956521738,"autonomy":6.465197650685217},"metadata":{"satisfaction_count":28683,"comprehension_count":24646,"contact_count":6068,"contactReachability_count":6264,"contactSatisfaction_count":4945,"autonomy_count":24007}}
