{"data":{"satisfaction":8.87277648878577,"comprehension":8.34359325125399,"contact":6.477055449330784,"contact_reachability":0.8031687995124924,"contact_satisfaction":8.156099518459069,"autonomy":6.516677155443675},"metadata":{"satisfaction_count":7758,"comprehension_count":6579,"contact_count":1569,"contactReachability_count":1641,"contactSatisfaction_count":1246,"autonomy_count":6356}}
