{"data":{"satisfaction":8.78016934398987,"comprehension":8.407772271243806,"contact":6.834161931818182,"contact_reachability":0.819466789243852,"contact_satisfaction":8.395375890649992,"autonomy":6.416170400478936},"metadata":{"satisfaction_count":37911,"comprehension_count":33092,"contact_count":8448,"contactReachability_count":8702,"contactSatisfaction_count":6877,"autonomy_count":31737}}
