{"data":{"satisfaction":8.830327915924883,"comprehension":8.429345477512216,"contact":6.847525664648591,"contact_reachability":0.8218706137552635,"contact_satisfaction":8.38882618510158,"autonomy":6.433303736083601},"metadata":{"satisfaction_count":34826,"comprehension_count":30083,"contact_count":7598,"contactReachability_count":7837,"contactSatisfaction_count":6202,"autonomy_count":29282}}
