{"data":{"satisfaction":7.601043024771839,"comprehension":6.947238066646652,"contact":5.066785396260018,"contact_reachability":0.7267241379310345,"contact_satisfaction":7.05955334987593,"autonomy":6.296943231441048},"metadata":{"satisfaction_count":8437,"comprehension_count":6662,"contact_count":1123,"contactReachability_count":1160,"contactSatisfaction_count":806,"autonomy_count":5725}}
