{"data":{"satisfaction":7.6176753121998075,"comprehension":6.965834728351849,"contact":5.08364312267658,"contact_reachability":0.7266187050359713,"contact_satisfaction":7.085492227979275,"autonomy":6.329674220963173},"metadata":{"satisfaction_count":8328,"comprehension_count":6571,"contact_count":1076,"contactReachability_count":1112,"contactSatisfaction_count":772,"autonomy_count":5648}}
