{"data":{"satisfaction":7.7258235919234854,"comprehension":7.097031197584703,"contact":5.253267973856209,"contact_reachability":0.7389473684210527,"contact_satisfaction":7.197761194029851,"autonomy":6.456908344733242},"metadata":{"satisfaction_count":7528,"comprehension_count":5962,"contact_count":918,"contactReachability_count":950,"contactSatisfaction_count":670,"autonomy_count":5117}}
