{"data":{"satisfaction":7.600246761258482,"comprehension":7.024333419622056,"contact":5.069444444444445,"contact_reachability":0.725752508361204,"contact_satisfaction":7.087378640776699,"autonomy":6.451612903225806},"metadata":{"satisfaction_count":4863,"comprehension_count":3863,"contact_count":576,"contactReachability_count":598,"contactSatisfaction_count":412,"autonomy_count":3348}}
