{"data":{"satisfaction":6.1678832116788325,"comprehension":5.380681818181818,"contact":4.258720930232558,"contact_reachability":0.6569767441860465,"contact_satisfaction":6.482300884955753,"autonomy":4.670184696569921},"metadata":{"satisfaction_count":548,"comprehension_count":440,"contact_count":172,"contactReachability_count":172,"contactSatisfaction_count":113,"autonomy_count":379}}
