{"data":{"satisfaction":7.652817980589137,"comprehension":7.090207842296979,"contact":5.072188449848024,"contact_reachability":0.7167883211678832,"contact_satisfaction":7.192887931034483,"autonomy":6.51063829787234},"metadata":{"satisfaction_count":5873,"comprehension_count":4667,"contact_count":658,"contactReachability_count":685,"contactSatisfaction_count":464,"autonomy_count":3995}}
