{"data":{"satisfaction":6.747181964573269,"comprehension":5.857363542739444,"contact":4.405940594059406,"contact_reachability":0.6775244299674267,"contact_satisfaction":6.544117647058823,"autonomy":5.053254437869822},"metadata":{"satisfaction_count":1242,"comprehension_count":971,"contact_count":303,"contactReachability_count":307,"contactSatisfaction_count":204,"autonomy_count":845}}
