{"data":{"satisfaction":8.00646054453161,"comprehension":7.315550510783201,"contact":5.0256410256410255,"contact_reachability":0.6868686868686869,"contact_satisfaction":7.368421052631579,"autonomy":6.835607537361923},"metadata":{"satisfaction_count":2167,"comprehension_count":1762,"contact_count":195,"contactReachability_count":198,"contactSatisfaction_count":133,"autonomy_count":1539}}
