{"data":{"satisfaction":7.482785003825555,"comprehension":6.822684016313847,"contact":5.03125,"contact_reachability":0.7320525783619818,"contact_satisfaction":6.9496402877697845,"autonomy":6.157303370786517},"metadata":{"satisfaction_count":6535,"comprehension_count":5149,"contact_count":960,"contactReachability_count":989,"contactSatisfaction_count":695,"autonomy_count":4450}}
