{"data":{"satisfaction":7.6875,"comprehension":7.04578947368421,"contact":5.2707808564231735,"contact_reachability":0.7469437652811736,"contact_satisfaction":7.129471890971039,"autonomy":6.387740209194843},"metadata":{"satisfaction_count":6000,"comprehension_count":4750,"contact_count":794,"contactReachability_count":818,"contactSatisfaction_count":587,"autonomy_count":4111}}
