{"data":{"satisfaction":7.963686060132761,"comprehension":7.320205479452055,"contact":4.922566371681416,"contact_reachability":0.6796536796536796,"contact_satisfaction":7.319078947368421,"autonomy":6.831971995332555},"metadata":{"satisfaction_count":2561,"comprehension_count":2044,"contact_count":226,"contactReachability_count":231,"contactSatisfaction_count":152,"autonomy_count":1714}}
