{"data":{"satisfaction":8.354885057471265,"comprehension":7.870168329177058,"contact":7.1835443037974684,"contact_reachability":0.8830897703549061,"contact_satisfaction":8.145933014354068,"autonomy":4.777275661717237},"metadata":{"satisfaction_count":3480,"comprehension_count":3208,"contact_count":1422,"contactReachability_count":1437,"contactSatisfaction_count":1254,"autonomy_count":3098}}
