{"data":{"satisfaction":8.266913809082483,"comprehension":7.805188199389623,"contact":6.856995884773663,"contact_reachability":0.8676171079429735,"contact_satisfaction":7.915676959619953,"autonomy":4.2887029288702925},"metadata":{"satisfaction_count":1079,"comprehension_count":983,"contact_count":486,"contactReachability_count":491,"contactSatisfaction_count":421,"autonomy_count":956}}
