{"data":{"satisfaction":7.753326509723644,"comprehension":7.422135706340378,"contact":7.111016467915957,"contact_reachability":0.882122905027933,"contact_satisfaction":8.079032258064515,"autonomy":4.1725768321513},"metadata":{"satisfaction_count":3908,"comprehension_count":3596,"contact_count":1761,"contactReachability_count":1790,"contactSatisfaction_count":1550,"autonomy_count":3384}}
