{"data":{"satisfaction":8.518856447688565,"comprehension":7.985929319371728,"contact":7.317880794701987,"contact_reachability":0.8866995073891626,"contact_satisfaction":8.261682242990654,"autonomy":5.097774780849629},"metadata":{"satisfaction_count":1644,"comprehension_count":1528,"contact_count":604,"contactReachability_count":609,"contactSatisfaction_count":535,"autonomy_count":1483}}
