{"data":{"satisfaction":8.140571728297928,"comprehension":7.69484240687679,"contact":7.335547122074637,"contact_reachability":0.8936170212765957,"contact_satisfaction":8.219347980155918,"autonomy":4.584323040380047},"metadata":{"satisfaction_count":3813,"comprehension_count":3490,"contact_count":1581,"contactReachability_count":1598,"contactSatisfaction_count":1411,"autonomy_count":3368}}
