{"data":{"satisfaction":8.257261410788383,"comprehension":7.643171806167401,"contact":7.458333333333333,"contact_reachability":0.8916666666666667,"contact_satisfaction":8.36448598130841,"autonomy":4.200913242009133},"metadata":{"satisfaction_count":241,"comprehension_count":227,"contact_count":120,"contactReachability_count":120,"contactSatisfaction_count":107,"autonomy_count":219}}
