{"data":{"satisfaction":8.250401284109149,"comprehension":7.781971580817052,"contact":6.94022770398482,"contact_reachability":0.8705440900562852,"contact_satisfaction":7.985807860262009,"autonomy":4.386446886446887},"metadata":{"satisfaction_count":1246,"comprehension_count":1126,"contact_count":527,"contactReachability_count":533,"contactSatisfaction_count":458,"autonomy_count":1092}}
