{"data":{"satisfaction":8.144013396595032,"comprehension":7.695348130130739,"contact":7.359986504723347,"contact_reachability":0.8938584779706275,"contact_satisfaction":8.244520030234316,"autonomy":4.607379375591296},"metadata":{"satisfaction_count":3583,"comprehension_count":3289,"contact_count":1482,"contactReachability_count":1498,"contactSatisfaction_count":1323,"autonomy_count":3171}}
