{"data":{"satisfaction":8.230240549828178,"comprehension":7.694444444444445,"contact":7.310344827586207,"contact_reachability":0.8775510204081632,"contact_satisfaction":8.346456692913385,"autonomy":4.115384615384615},"metadata":{"satisfaction_count":291,"comprehension_count":270,"contact_count":145,"contactReachability_count":147,"contactSatisfaction_count":127,"autonomy_count":260}}
