{"data":{"satisfaction":8.477378190255221,"comprehension":7.940251572327044,"contact":7.323151125401929,"contact_reachability":0.8883572567783095,"contact_satisfaction":8.251811594202898,"autonomy":5.058365758754864},"metadata":{"satisfaction_count":1724,"comprehension_count":1590,"contact_count":622,"contactReachability_count":627,"contactSatisfaction_count":552,"autonomy_count":1542}}
