{"data":{"satisfaction":8.288590604026846,"comprehension":7.808155699721965,"contact":6.954191033138401,"contact_reachability":0.8728323699421965,"contact_satisfaction":7.980984340044743,"autonomy":4.398854961832061},"metadata":{"satisfaction_count":1192,"comprehension_count":1079,"contact_count":513,"contactReachability_count":519,"contactSatisfaction_count":447,"autonomy_count":1048}}
