{"data":{"satisfaction":7.66703631827003,"comprehension":7.348988221081244,"contact":7.057481751824818,"contact_reachability":0.8809808612440191,"contact_satisfaction":8.029411764705882,"autonomy":4.051446945337621},"metadata":{"satisfaction_count":3607,"comprehension_count":3311,"contact_count":1644,"contactReachability_count":1672,"contactSatisfaction_count":1445,"autonomy_count":3110}}
