{"data":{"satisfaction":8.47787610619469,"comprehension":7.943239795918367,"contact":7.311475409836065,"contact_reachability":0.8894308943089431,"contact_satisfaction":8.228782287822877,"autonomy":5.075608152531229},"metadata":{"satisfaction_count":1695,"comprehension_count":1568,"contact_count":610,"contactReachability_count":615,"contactSatisfaction_count":542,"autonomy_count":1521}}
