{"data":{"satisfaction":8.357567746199603,"comprehension":7.853807471264368,"contact":7.117437722419929,"contact_reachability":0.872791519434629,"contact_satisfaction":8.16326530612245,"autonomy":4.962574850299402},"metadata":{"satisfaction_count":1513,"comprehension_count":1392,"contact_count":562,"contactReachability_count":566,"contactSatisfaction_count":490,"autonomy_count":1336}}
