{"data":{"satisfaction":8.358081096516276,"comprehension":7.872406317745432,"contact":7.190757470465601,"contact_reachability":0.8830811554332875,"contact_satisfaction":8.154058313632781,"autonomy":4.761141391471625},"metadata":{"satisfaction_count":3502,"comprehension_count":3229,"contact_count":1439,"contactReachability_count":1454,"contactSatisfaction_count":1269,"autonomy_count":3119}}
