{"data":{"satisfaction":7.970521541950113,"comprehension":7.555012224938875,"contact":7.320627802690583,"contact_reachability":0.90625,"contact_satisfaction":8.081683168316832,"autonomy":3.989769820971867},"metadata":{"satisfaction_count":441,"comprehension_count":409,"contact_count":223,"contactReachability_count":224,"contactSatisfaction_count":202,"autonomy_count":391}}
