{"data":{"satisfaction":8.423098278734036,"comprehension":7.902298850574713,"contact":7.212686567164179,"contact_reachability":0.8875739644970414,"contact_satisfaction":8.135521885521886,"autonomy":4.968710888610763},"metadata":{"satisfaction_count":1801,"comprehension_count":1653,"contact_count":670,"contactReachability_count":676,"contactSatisfaction_count":594,"autonomy_count":1598}}
