{"data":{"satisfaction":7.759146341463414,"comprehension":7.426795580110498,"contact":7.116469261139312,"contact_reachability":0.8829728230726567,"contact_satisfaction":8.077784891165173,"autonomy":4.16813122437024},"metadata":{"satisfaction_count":3936,"comprehension_count":3620,"contact_count":1773,"contactReachability_count":1803,"contactSatisfaction_count":1562,"autonomy_count":3414}}
