{"data":{"satisfaction":7.960829493087558,"comprehension":7.5497512437810945,"contact":7.329545454545454,"contact_reachability":0.9049773755656109,"contact_satisfaction":8.103015075376884,"autonomy":3.9583333333333335},"metadata":{"satisfaction_count":434,"comprehension_count":402,"contact_count":220,"contactReachability_count":221,"contactSatisfaction_count":199,"autonomy_count":384}}
