{"data":{"satisfaction":7.69189042582045,"comprehension":7.369430510475066,"contact":7.057416267942584,"contact_reachability":0.88,"contact_satisfaction":8.038147138964577,"autonomy":4.101599247412982},"metadata":{"satisfaction_count":3687,"comprehension_count":3389,"contact_count":1672,"contactReachability_count":1700,"contactSatisfaction_count":1468,"autonomy_count":3189}}
