{"data":{"satisfaction":8.21875,"comprehension":7.684563758389261,"contact":7.216981132075472,"contact_reachability":0.8827160493827161,"contact_satisfaction":8.196428571428571,"autonomy":4.0701754385964914},"metadata":{"satisfaction_count":320,"comprehension_count":298,"contact_count":159,"contactReachability_count":162,"contactSatisfaction_count":140,"autonomy_count":285}}
