{"data":{"satisfaction":8.132459970887918,"comprehension":7.688410386320456,"contact":7.336956521739131,"contact_reachability":0.8917418459403192,"contact_satisfaction":8.238188976377952,"autonomy":4.5952146837102585},"metadata":{"satisfaction_count":3435,"comprehension_count":3158,"contact_count":1426,"contactReachability_count":1441,"contactSatisfaction_count":1270,"autonomy_count":3051}}
