{"data":{"satisfaction":8.462041884816754,"comprehension":8.242935278030993,"contact":3.8846153846153846,"contact_reachability":0.5658682634730539,"contact_satisfaction":7.013888888888889,"autonomy":6.948247853330239},"metadata":{"satisfaction_count":4584,"comprehension_count":4388,"contact_count":325,"contactReachability_count":334,"contactSatisfaction_count":180,"autonomy_count":4309}}
