{"data":{"satisfaction":8.548223350253807,"comprehension":8.345511482254697,"contact":4.067796610169491,"contact_reachability":0.6101694915254238,"contact_satisfaction":6.666666666666667,"autonomy":7.032734952481521},"metadata":{"satisfaction_count":985,"comprehension_count":958,"contact_count":59,"contactReachability_count":59,"contactSatisfaction_count":36,"autonomy_count":947}}
