{"data":{"satisfaction":8.60586011342155,"comprehension":8.370622568093385,"contact":3.858695652173913,"contact_reachability":0.5473684210526316,"contact_satisfaction":7.244897959183674,"autonomy":7.048371174728529},"metadata":{"satisfaction_count":1058,"comprehension_count":1028,"contact_count":92,"contactReachability_count":95,"contactSatisfaction_count":49,"autonomy_count":1013}}
