{"data":{"satisfaction":8.447963800904978,"comprehension":8.280815569972196,"contact":4.30379746835443,"contact_reachability":0.6419753086419753,"contact_satisfaction":6.8,"autonomy":6.896877956480606},"metadata":{"satisfaction_count":1105,"comprehension_count":1079,"contact_count":79,"contactReachability_count":81,"contactSatisfaction_count":50,"autonomy_count":1057}}
