{"data":{"satisfaction":8.526315789473685,"comprehension":8.29136690647482,"contact":3.6607142857142856,"contact_reachability":0.5535714285714286,"contact_satisfaction":6.612903225806452,"autonomy":7.075242718446602},"metadata":{"satisfaction_count":855,"comprehension_count":834,"contact_count":56,"contactReachability_count":56,"contactSatisfaction_count":31,"autonomy_count":824}}
