{"data":{"satisfaction":8.562995068001793,"comprehension":8.220095693779903,"contact":3.75,"contact_reachability":0.5437352245862884,"contact_satisfaction":7.024886877828054,"autonomy":7.016710353866317},"metadata":{"satisfaction_count":6691,"comprehension_count":6270,"contact_count":414,"contactReachability_count":423,"contactSatisfaction_count":221,"autonomy_count":6104}}
