{"data":{"satisfaction":8.364083640836409,"comprehension":8.193996126533246,"contact":3.361344537815126,"contact_reachability":0.5166666666666667,"contact_satisfaction":6.557377049180328,"autonomy":6.9429708222811675},"metadata":{"satisfaction_count":1626,"comprehension_count":1549,"contact_count":119,"contactReachability_count":120,"contactSatisfaction_count":61,"autonomy_count":1508}}
