{"data":{"satisfaction":8.476073115629493,"comprehension":8.24903557651093,"contact":3.8461538461538463,"contact_reachability":0.5611111111111111,"contact_satisfaction":6.994818652849741,"autonomy":6.944565691837625},"metadata":{"satisfaction_count":4869,"comprehension_count":4666,"contact_count":351,"contactReachability_count":360,"contactSatisfaction_count":193,"autonomy_count":4582}}
