{"data":{"satisfaction":8.580195023537323,"comprehension":8.211774251712946,"contact":3.525815217391304,"contact_reachability":0.5216216216216216,"contact_satisfaction":6.793193717277487,"autonomy":6.979704797047971},"metadata":{"satisfaction_count":5948,"comprehension_count":5546,"contact_count":368,"contactReachability_count":370,"contactSatisfaction_count":191,"autonomy_count":5420}}
