{"data":{"satisfaction":8.36085626911315,"comprehension":8.185613359023764,"contact":3.3333333333333335,"contact_reachability":0.512396694214876,"contact_satisfaction":6.557377049180328,"autonomy":6.97029702970297},"metadata":{"satisfaction_count":1635,"comprehension_count":1557,"contact_count":120,"contactReachability_count":121,"contactSatisfaction_count":61,"autonomy_count":1515}}
