{"data":{"satisfaction":8.56490492588711,"comprehension":8.219763540501678,"contact":3.75,"contact_reachability":0.5437352245862884,"contact_satisfaction":7.024886877828054,"autonomy":7.012305168170632},"metadata":{"satisfaction_count":6679,"comprehension_count":6259,"contact_count":414,"contactReachability_count":423,"contactSatisfaction_count":221,"autonomy_count":6095}}
