{"data":{"satisfaction":8.530116358658454,"comprehension":8.215643671917435,"contact":3.781163434903047,"contact_reachability":0.5449591280653951,"contact_satisfaction":7.036082474226804,"autonomy":6.9979716024340775},"metadata":{"satisfaction_count":5844,"comprehension_count":5523,"contact_count":361,"contactReachability_count":367,"contactSatisfaction_count":194,"autonomy_count":5423}}
