{"data":{"satisfaction":8.532685512367491,"comprehension":8.220370717094177,"contact":3.789855072463768,"contact_reachability":0.5498575498575499,"contact_satisfaction":6.991978609625669,"autonomy":7.001333587349971},"metadata":{"satisfaction_count":5660,"comprehension_count":5341,"contact_count":345,"contactReachability_count":351,"contactSatisfaction_count":187,"autonomy_count":5249}}
