{"data":{"satisfaction":8.579258010118044,"comprehension":8.210216998191681,"contact":3.525815217391304,"contact_reachability":0.5216216216216216,"contact_satisfaction":6.793193717277487,"autonomy":6.981865284974093},"metadata":{"satisfaction_count":5930,"comprehension_count":5530,"contact_count":368,"contactReachability_count":370,"contactSatisfaction_count":191,"autonomy_count":5404}}
