{"data":{"satisfaction":8.60165593376265,"comprehension":8.356196783349102,"contact":3.608490566037736,"contact_reachability":0.5229357798165137,"contact_satisfaction":7.083333333333333,"autonomy":6.93719806763285},"metadata":{"satisfaction_count":1087,"comprehension_count":1057,"contact_count":106,"contactReachability_count":109,"contactSatisfaction_count":54,"autonomy_count":1035}}
