{"data":{"satisfaction":8.555992141453832,"comprehension":8.307265388496468,"contact":4.087301587301587,"contact_reachability":0.5873015873015873,"contact_satisfaction":6.95945945945946,"autonomy":7.116564417177914},"metadata":{"satisfaction_count":1018,"comprehension_count":991,"contact_count":63,"contactReachability_count":63,"contactSatisfaction_count":37,"autonomy_count":978}}
