{"data":{"satisfaction":8.458352508053382,"comprehension":8.088075880758808,"contact":5.213730569948186,"contact_reachability":0.7205882352941176,"contact_satisfaction":7.398897058823529,"autonomy":6.055461233729485},"metadata":{"satisfaction_count":2173,"comprehension_count":1845,"contact_count":386,"contactReachability_count":408,"contactSatisfaction_count":272,"autonomy_count":1767}}
