{"data":{"satisfaction":8.415178571428571,"comprehension":7.982646420824295,"contact":5.035690006798097,"contact_reachability":0.7034659820282413,"contact_satisfaction":7.341427155599604,"autonomy":6.102709986524929},"metadata":{"satisfaction_count":8512,"comprehension_count":6915,"contact_count":1471,"contactReachability_count":1558,"contactSatisfaction_count":1009,"autonomy_count":6679}}
