{"data":{"satisfaction":8.445620789220404,"comprehension":8.092403628117914,"contact":5.17910447761194,"contact_reachability":0.7017045454545454,"contact_satisfaction":7.543478260869565,"autonomy":6.104276508494435},"metadata":{"satisfaction_count":2078,"comprehension_count":1764,"contact_count":335,"contactReachability_count":352,"contactSatisfaction_count":230,"autonomy_count":1707}}
