{"data":{"satisfaction":8.423788226761754,"comprehension":7.980625931445603,"contact":5.038650737877723,"contact_reachability":0.7053749170537492,"contact_satisfaction":7.323799795709908,"autonomy":6.12579199505486},"metadata":{"satisfaction_count":8273,"comprehension_count":6710,"contact_count":1423,"contactReachability_count":1507,"contactSatisfaction_count":979,"autonomy_count":6471}}
