{"data":{"satisfaction":8.45445965077867,"comprehension":8.099553820412716,"contact":5.117994100294985,"contact_reachability":0.7028571428571428,"contact_satisfaction":7.382978723404255,"autonomy":6.133486766398159},"metadata":{"satisfaction_count":2119,"comprehension_count":1793,"contact_count":339,"contactReachability_count":350,"contactSatisfaction_count":235,"autonomy_count":1738}}
