{"data":{"satisfaction":8.478691774033697,"comprehension":8.125729288214702,"contact":4.99223602484472,"contact_reachability":0.6852941176470588,"contact_satisfaction":7.476744186046512,"autonomy":6.165458937198068},"metadata":{"satisfaction_count":2018,"comprehension_count":1714,"contact_count":322,"contactReachability_count":340,"contactSatisfaction_count":215,"autonomy_count":1656}}
