{"data":{"satisfaction":8.402937127122533,"comprehension":8.072354211663066,"contact":5.199742268041237,"contact_reachability":0.7219512195121951,"contact_satisfaction":7.363138686131387,"autonomy":6.0580204778157},"metadata":{"satisfaction_count":2179,"comprehension_count":1852,"contact_count":388,"contactReachability_count":410,"contactSatisfaction_count":274,"autonomy_count":1758}}
