{"data":{"satisfaction":8.4058429239914,"comprehension":8.070706296920484,"contact":5.0955524669909655,"contact_reachability":0.7032894736842106,"contact_satisfaction":7.4215587044534415,"autonomy":6.057268722466961},"metadata":{"satisfaction_count":7907,"comprehension_count":6527,"contact_count":1439,"contactReachability_count":1520,"contactSatisfaction_count":988,"autonomy_count":6356}}
