{"data":{"satisfaction":8.416548630783758,"comprehension":7.9817613718936204,"contact":5.051299589603283,"contact_reachability":0.7056165267914783,"contact_satisfaction":7.3409542743538765,"autonomy":6.106181380658746},"metadata":{"satisfaction_count":8472,"comprehension_count":6881,"contact_count":1462,"contactReachability_count":1549,"contactSatisfaction_count":1006,"autonomy_count":6649}}
