{"data":{"satisfaction":8.461900282220132,"comprehension":8.079268292682928,"contact":5.13550135501355,"contact_reachability":0.7054263565891473,"contact_satisfaction":7.431372549019608,"autonomy":6.033390903857225},"metadata":{"satisfaction_count":2126,"comprehension_count":1804,"contact_count":369,"contactReachability_count":387,"contactSatisfaction_count":255,"autonomy_count":1737}}
