{"data":{"satisfaction":8.43186372745491,"comprehension":8.154008438818565,"contact":5.167464114832536,"contact_reachability":0.7110609480812641,"contact_satisfaction":7.448275862068965,"autonomy":6.01875},"metadata":{"satisfaction_count":1996,"comprehension_count":1659,"contact_count":418,"contactReachability_count":443,"contactSatisfaction_count":290,"autonomy_count":1600}}
