{"data":{"satisfaction":8.274296094459583,"comprehension":8.080575149213239,"contact":5.060679611650485,"contact_reachability":0.6720183486238532,"contact_satisfaction":7.75092936802974,"autonomy":6.1092342342342345},"metadata":{"satisfaction_count":2202,"comprehension_count":1843,"contact_count":412,"contactReachability_count":436,"contactSatisfaction_count":269,"autonomy_count":1776}}
