{"data":{"satisfaction":8.469481413492428,"comprehension":8.087757313109426,"contact":5.110677083333333,"contact_reachability":0.7029702970297029,"contact_satisfaction":7.433712121212121,"autonomy":6.002252252252252},"metadata":{"satisfaction_count":2179,"comprehension_count":1846,"contact_count":384,"contactReachability_count":404,"contactSatisfaction_count":264,"autonomy_count":1776}}
