{"data":{"satisfaction":8.430316091954023,"comprehension":7.992245199409158,"contact":5,"contact_reachability":0.7052959501557632,"contact_satisfaction":7.274038461538462,"autonomy":6.070945438148204},"metadata":{"satisfaction_count":8352,"comprehension_count":6770,"contact_count":1513,"contactReachability_count":1605,"contactSatisfaction_count":1040,"autonomy_count":6653}}
