{"data":{"satisfaction":8.418278948888247,"comprehension":7.969729536091707,"contact":4.968513853904282,"contact_reachability":0.7035541195476576,"contact_satisfaction":7.181432038834951,"autonomy":6.149584487534626},"metadata":{"satisfaction_count":6926,"comprehension_count":5583,"contact_count":1191,"contactReachability_count":1238,"contactSatisfaction_count":824,"autonomy_count":5415}}
