{"data":{"satisfaction":8.429545138405897,"comprehension":7.975698035160289,"contact":5.033030553261767,"contact_reachability":0.7009345794392523,"contact_satisfaction":7.370012091898428,"autonomy":6.159729633582355},"metadata":{"satisfaction_count":7189,"comprehension_count":5802,"contact_count":1211,"contactReachability_count":1284,"contactSatisfaction_count":827,"autonomy_count":5622}}
