{"data":{"satisfaction":8.44632768361582,"comprehension":8.098885793871867,"contact":5.168128654970761,"contact_reachability":0.7082152974504249,"contact_satisfaction":7.395397489539749,"autonomy":6.117174037909248},"metadata":{"satisfaction_count":2124,"comprehension_count":1795,"contact_count":342,"contactReachability_count":353,"contactSatisfaction_count":239,"autonomy_count":1741}}
