{"data":{"satisfaction":8.369759143621767,"comprehension":8.162586482171367,"contact":5.091991341991342,"contact_reachability":0.7306122448979592,"contact_satisfaction":7.128787878787879,"autonomy":6.092273485269594},"metadata":{"satisfaction_count":2242,"comprehension_count":1879,"contact_count":462,"contactReachability_count":490,"contactSatisfaction_count":330,"autonomy_count":1799}}
