{"data":{"satisfaction":8.433666515220354,"comprehension":7.9995798907716,"contact":4.981203007518797,"contact_reachability":0.7007083825265643,"contact_satisfaction":7.300275482093664,"autonomy":6.075353218210361},"metadata":{"satisfaction_count":8804,"comprehension_count":7141,"contact_count":1596,"contactReachability_count":1694,"contactSatisfaction_count":1089,"autonomy_count":7007}}
