{"data":{"satisfaction":8.475699558173785,"comprehension":8.132183908045977,"contact":5.116459627329193,"contact_reachability":0.7020648967551623,"contact_satisfaction":7.45475113122172,"autonomy":6.145584725536993},"metadata":{"satisfaction_count":2037,"comprehension_count":1740,"contact_count":322,"contactReachability_count":339,"contactSatisfaction_count":221,"autonomy_count":1676}}
