{"data":{"satisfaction":8.421940928270041,"comprehension":8.168442415017758,"contact":5.0052301255230125,"contact_reachability":0.7108910891089109,"contact_satisfaction":7.206325301204819,"autonomy":6.081009994739611},"metadata":{"satisfaction_count":2370,"comprehension_count":1971,"contact_count":478,"contactReachability_count":505,"contactSatisfaction_count":332,"autonomy_count":1901}}
