{"data":{"satisfaction":8.883495145631068,"comprehension":8.724489795918368,"contact":2.272727272727273,"contact_reachability":0.5540540540540541,"contact_satisfaction":4.220779220779221,"autonomy":4.782608695652174},"metadata":{"satisfaction_count":309,"comprehension_count":294,"contact_count":143,"contactReachability_count":148,"contactSatisfaction_count":77,"autonomy_count":276}}
