{"data":{"satisfaction":9.105960264900663,"comprehension":8.733401430030643,"contact":2.488814317673378,"contact_reachability":0.5822510822510822,"contact_satisfaction":4.3799212598425195,"autonomy":5.086580086580087},"metadata":{"satisfaction_count":1057,"comprehension_count":979,"contact_count":447,"contactReachability_count":462,"contactSatisfaction_count":254,"autonomy_count":924}}
