{"data":{"satisfaction":8.958333333333334,"comprehension":8.720414201183432,"contact":2.1875,"contact_reachability":0.5666666666666667,"contact_satisfaction":3.9873417721518987,"autonomy":5.348101265822785},"metadata":{"satisfaction_count":360,"comprehension_count":338,"contact_count":144,"contactReachability_count":150,"contactSatisfaction_count":79,"autonomy_count":316}}
