{"data":{"satisfaction":9.102674719585849,"comprehension":8.716216216216216,"contact":2.556935817805383,"contact_reachability":0.5888223552894212,"contact_satisfaction":4.458483754512636,"autonomy":5.108481262327416},"metadata":{"satisfaction_count":1159,"comprehension_count":1073,"contact_count":483,"contactReachability_count":501,"contactSatisfaction_count":277,"autonomy_count":1014}}
