{"data":{"satisfaction":9.138858988159312,"comprehension":8.745624270711785,"contact":2.55,"contact_reachability":0.5893719806763285,"contact_satisfaction":4.434782608695652,"autonomy":5.055350553505535},"metadata":{"satisfaction_count":929,"comprehension_count":857,"contact_count":400,"contactReachability_count":414,"contactSatisfaction_count":230,"autonomy_count":813}}
