{"data":{"satisfaction":9.115942028985508,"comprehension":8.734342379958246,"contact":2.511389521640091,"contact_reachability":0.5859030837004405,"contact_satisfaction":4.392430278884462,"autonomy":5.077433628318584},"metadata":{"satisfaction_count":1035,"comprehension_count":958,"contact_count":439,"contactReachability_count":454,"contactSatisfaction_count":251,"autonomy_count":904}}
