{"data":{"satisfaction":9.040940106141015,"comprehension":8.699021207177815,"contact":2.5503663003663,"contact_reachability":0.5709219858156028,"contact_satisfaction":4.5805921052631575,"autonomy":5.06426735218509},"metadata":{"satisfaction_count":1319,"comprehension_count":1226,"contact_count":546,"contactReachability_count":564,"contactSatisfaction_count":304,"autonomy_count":1167}}
