{"data":{"satisfaction":9,"comprehension":8.718487394957982,"contact":2.4842767295597485,"contact_reachability":0.5833333333333334,"contact_satisfaction":4.438202247191011,"autonomy":5.014749262536873},"metadata":{"satisfaction_count":380,"comprehension_count":357,"contact_count":159,"contactReachability_count":168,"contactSatisfaction_count":89,"autonomy_count":339}}
