{"data":{"satisfaction":9.0398406374502,"comprehension":8.684549356223176,"contact":2.529182879377432,"contact_reachability":0.568738229755179,"contact_satisfaction":4.56140350877193,"autonomy":5.103697024346258},"metadata":{"satisfaction_count":1255,"comprehension_count":1165,"contact_count":514,"contactReachability_count":531,"contactSatisfaction_count":285,"autonomy_count":1109}}
