{"data":{"satisfaction":8.990825688073395,"comprehension":8.810679611650485,"contact":1.996124031007752,"contact_reachability":0.5114503816793893,"contact_satisfaction":3.9615384615384617,"autonomy":5.839160839160839},"metadata":{"satisfaction_count":327,"comprehension_count":309,"contact_count":129,"contactReachability_count":131,"contactSatisfaction_count":65,"autonomy_count":286}}
