{"data":{"satisfaction":9.10344827586207,"comprehension":8.71508379888268,"contact":2.5516528925619837,"contact_reachability":0.5876494023904383,"contact_satisfaction":4.458483754512636,"autonomy":5.103448275862069},"metadata":{"satisfaction_count":1160,"comprehension_count":1074,"contact_count":484,"contactReachability_count":502,"contactSatisfaction_count":277,"autonomy_count":1015}}
