{"data":{"satisfaction":9.035335689045937,"comprehension":8.763420245398773,"contact":2.4390243902439024,"contact_reachability":0.5546075085324232,"contact_satisfaction":4.472843450479234,"autonomy":5.178282009724473},"metadata":{"satisfaction_count":1415,"comprehension_count":1304,"contact_count":574,"contactReachability_count":586,"contactSatisfaction_count":313,"autonomy_count":1234}}
