{"data":{"satisfaction":8.88728323699422,"comprehension":8.727134146341463,"contact":2.198581560283688,"contact_reachability":0.5625,"contact_satisfaction":3.9743589743589745,"autonomy":5.430463576158941},"metadata":{"satisfaction_count":346,"comprehension_count":328,"contact_count":141,"contactReachability_count":144,"contactSatisfaction_count":78,"autonomy_count":302}}
