{"data":{"satisfaction":9.156355455568054,"comprehension":8.731707317073171,"contact":2.551948051948052,"contact_reachability":0.5790816326530612,"contact_satisfaction":4.465909090909091,"autonomy":5.06426735218509},"metadata":{"satisfaction_count":889,"comprehension_count":820,"contact_count":385,"contactReachability_count":392,"contactSatisfaction_count":220,"autonomy_count":778}}
