{"data":{"satisfaction":9.024745269286754,"comprehension":8.745067087608524,"contact":2.3885918003565063,"contact_reachability":0.5549738219895288,"contact_satisfaction":4.379084967320262,"autonomy":5.200333889816361},"metadata":{"satisfaction_count":1374,"comprehension_count":1267,"contact_count":561,"contactReachability_count":573,"contactSatisfaction_count":306,"autonomy_count":1198}}
