{"data":{"satisfaction":9.146666666666667,"comprehension":8.912721893491124,"contact":2.546583850931677,"contact_reachability":0.5375,"contact_satisfaction":4.712643678160919,"autonomy":5.077399380804954},"metadata":{"satisfaction_count":375,"comprehension_count":338,"contact_count":161,"contactReachability_count":160,"contactSatisfaction_count":87,"autonomy_count":323}}
