{"data":{"satisfaction":9.112903225806452,"comprehension":8.883928571428571,"contact":2.576219512195122,"contact_reachability":0.5398773006134969,"contact_satisfaction":4.747191011235955,"autonomy":5.077881619937695},"metadata":{"satisfaction_count":372,"comprehension_count":336,"contact_count":164,"contactReachability_count":163,"contactSatisfaction_count":89,"autonomy_count":321}}
