{"data":{"satisfaction":9.087656529516995,"comprehension":8.712632594021215,"contact":2.5474683544303796,"contact_reachability":0.5869120654396728,"contact_satisfaction":4.439338235294118,"autonomy":5.0920245398773005},"metadata":{"satisfaction_count":1118,"comprehension_count":1037,"contact_count":474,"contactReachability_count":489,"contactSatisfaction_count":272,"autonomy_count":978}}
