{"data":{"satisfaction":8.959537572254336,"comprehension":8.806990881458967,"contact":1.9565217391304348,"contact_reachability":0.5319148936170213,"contact_satisfaction":3.75,"autonomy":5.629139072847682},"metadata":{"satisfaction_count":346,"comprehension_count":329,"contact_count":138,"contactReachability_count":141,"contactSatisfaction_count":72,"autonomy_count":302}}
