{"data":{"satisfaction":9.022038567493112,"comprehension":8.873134328358208,"contact":2.3714285714285714,"contact_reachability":0.5307262569832403,"contact_satisfaction":4.56043956043956,"autonomy":4.766355140186916},"metadata":{"satisfaction_count":363,"comprehension_count":335,"contact_count":175,"contactReachability_count":179,"contactSatisfaction_count":91,"autonomy_count":321}}
