{"data":{"satisfaction":9.016641452344931,"comprehension":8.741816693944353,"contact":2.389908256880734,"contact_reachability":0.5547576301615799,"contact_satisfaction":4.385521885521886,"autonomy":5.155709342560554},"metadata":{"satisfaction_count":1322,"comprehension_count":1222,"contact_count":545,"contactReachability_count":557,"contactSatisfaction_count":297,"autonomy_count":1156}}
