{"data":{"satisfaction":9.08355795148248,"comprehension":8.831845238095237,"contact":2.4698795180722892,"contact_reachability":0.5481927710843374,"contact_satisfaction":4.5054945054945055,"autonomy":4.9375},"metadata":{"satisfaction_count":371,"comprehension_count":336,"contact_count":166,"contactReachability_count":166,"contactSatisfaction_count":91,"autonomy_count":320}}
