{"data":{"satisfaction":8.941018766756033,"comprehension":8.739376770538243,"contact":2.409090909090909,"contact_reachability":0.5755813953488372,"contact_satisfaction":4.320652173913044,"autonomy":4.850299401197605},"metadata":{"satisfaction_count":373,"comprehension_count":353,"contact_count":165,"contactReachability_count":172,"contactSatisfaction_count":92,"autonomy_count":334}}
