{"data":{"satisfaction":8.874037154508382,"comprehension":8.568376068376068,"contact":5.11437908496732,"contact_reachability":0.6602564102564102,"contact_satisfaction":7.825,"autonomy":8.194812069878243},"metadata":{"satisfaction_count":2207,"comprehension_count":2106,"contact_count":153,"contactReachability_count":156,"contactSatisfaction_count":100,"autonomy_count":1889}}
