{"data":{"satisfaction":8.918024439918534,"comprehension":8.501862692921767,"contact":5.187074829931973,"contact_reachability":0.6644295302013423,"contact_satisfaction":7.860824742268041,"autonomy":8.20831084727469},"metadata":{"satisfaction_count":1964,"comprehension_count":1879,"contact_count":147,"contactReachability_count":149,"contactSatisfaction_count":97,"autonomy_count":1853}}
