{"data":{"satisfaction":8.721804511278195,"comprehension":8.320261437908497,"contact":6.165048543689321,"contact_reachability":0.8,"contact_satisfaction":7.7439024390243905,"autonomy":7.755644090305445},"metadata":{"satisfaction_count":798,"comprehension_count":765,"contact_count":103,"contactReachability_count":105,"contactSatisfaction_count":82,"autonomy_count":753}}
