{"data":{"satisfaction":8.899776035834266,"comprehension":8.616490610328638,"contact":4.444444444444445,"contact_reachability":0.58,"contact_satisfaction":7.719298245614035,"autonomy":8.312123241795044},"metadata":{"satisfaction_count":1786,"comprehension_count":1704,"contact_count":99,"contactReachability_count":100,"contactSatisfaction_count":57,"autonomy_count":1493}}
