{"data":{"satisfaction":8.807603686635945,"comprehension":8.375224416517055,"contact":5.451612903225806,"contact_reachability":0.7070063694267515,"contact_satisfaction":7.752293577981652,"autonomy":8.035387431360586},"metadata":{"satisfaction_count":1736,"comprehension_count":1671,"contact_count":155,"contactReachability_count":157,"contactSatisfaction_count":109,"autonomy_count":1639}}
