{"data":{"satisfaction":6.538461538461538,"comprehension":6.458333333333333,"contact":3.3333333333333335,"contact_reachability":0.6666666666666666,"contact_satisfaction":5,"autonomy":6.666666666666667},"metadata":{"satisfaction_count":13,"comprehension_count":12,"contact_count":3,"contactReachability_count":3,"contactSatisfaction_count":2,"autonomy_count":12}}
