{"data":{"satisfaction":7.830188679245283,"comprehension":6.612903225806452,"contact":4.1571428571428575,"contact_reachability":0.6649484536082474,"contact_satisfaction":6.613636363636363,"autonomy":3.390151515151515},"metadata":{"satisfaction_count":795,"comprehension_count":620,"contact_count":175,"contactReachability_count":194,"contactSatisfaction_count":110,"autonomy_count":528}}
