{"data":{"satisfaction":8.168908819133035,"comprehension":6.895085066162571,"contact":4.055944055944056,"contact_reachability":0.6204819277108434,"contact_satisfaction":7.25,"autonomy":3.8364779874213837},"metadata":{"satisfaction_count":669,"comprehension_count":529,"contact_count":143,"contactReachability_count":166,"contactSatisfaction_count":80,"autonomy_count":477}}
