{"data":{"satisfaction":7.9926187419768935,"comprehension":6.723729543496986,"contact":3.9905933429811866,"contact_reachability":0.61133069828722,"contact_satisfaction":6.963383838383838,"autonomy":3.57653791130186},"metadata":{"satisfaction_count":3116,"comprehension_count":2322,"contact_count":691,"contactReachability_count":759,"contactSatisfaction_count":396,"autonomy_count":2097}}
