{"data":{"satisfaction":7.982028632348462,"comprehension":6.797392384105961,"contact":4.350961538461538,"contact_reachability":0.6476552598225602,"contact_satisfaction":7.038888888888889,"autonomy":3.5760667903525047},"metadata":{"satisfaction_count":3283,"comprehension_count":2416,"contact_count":728,"contactReachability_count":789,"contactSatisfaction_count":450,"autonomy_count":2156}}
