{"data":{"satisfaction":7.65625,"comprehension":6.587193460490464,"contact":3.8257575757575757,"contact_reachability":0.6308411214953271,"contact_satisfaction":6.3655462184873945,"autonomy":3.5164835164835164},"metadata":{"satisfaction_count":960,"comprehension_count":734,"contact_count":198,"contactReachability_count":214,"contactSatisfaction_count":119,"autonomy_count":637}}
