{"data":{"satisfaction":7.913279132791328,"comprehension":6.695059625212947,"contact":3.9285714285714284,"contact_reachability":0.6346153846153846,"contact_satisfaction":6.570796460176991,"autonomy":3.287128712871287},"metadata":{"satisfaction_count":738,"comprehension_count":587,"contact_count":189,"contactReachability_count":208,"contactSatisfaction_count":113,"autonomy_count":505}}
