{"data":{"satisfaction":7.983570985740855,"comprehension":6.743271221532091,"contact":4.014830508474576,"contact_reachability":0.613607188703466,"contact_satisfaction":6.984029484029484,"autonomy":3.6104731281580156},"metadata":{"satisfaction_count":3226,"comprehension_count":2415,"contact_count":708,"contactReachability_count":779,"contactSatisfaction_count":407,"autonomy_count":2177}}
