{"data":{"satisfaction":7.982616651418115,"comprehension":6.797554910899295,"contact":4.343191196698762,"contact_reachability":0.6472081218274112,"contact_satisfaction":7.032293986636971,"autonomy":3.5793871866295266},"metadata":{"satisfaction_count":3279,"comprehension_count":2413,"contact_count":727,"contactReachability_count":788,"contactSatisfaction_count":449,"autonomy_count":2154}}
