{"data":{"satisfaction":7.677453027139875,"comprehension":6.584699453551913,"contact":3.8059701492537314,"contact_reachability":0.6221198156682027,"contact_satisfaction":6.428571428571429,"autonomy":3.573667711598746},"metadata":{"satisfaction_count":958,"comprehension_count":732,"contact_count":201,"contactReachability_count":217,"contactSatisfaction_count":119,"autonomy_count":638}}
