{"data":{"satisfaction":8.211624441132638,"comprehension":6.7984934086629005,"contact":3.5080645161290325,"contact_reachability":0.5410628019323671,"contact_satisfaction":7.170329670329671,"autonomy":3.615702479338843},"metadata":{"satisfaction_count":671,"comprehension_count":531,"contact_count":186,"contactReachability_count":207,"contactSatisfaction_count":91,"autonomy_count":484}}
