{"data":{"satisfaction":7.786489746682751,"comprehension":6.732283464566929,"contact":3.9221556886227544,"contact_reachability":0.640625,"contact_satisfaction":6.683673469387755,"autonomy":3.4186471663619744},"metadata":{"satisfaction_count":829,"comprehension_count":635,"contact_count":167,"contactReachability_count":192,"contactSatisfaction_count":98,"autonomy_count":547}}
