{"data":{"satisfaction":7.984832069339111,"comprehension":6.779448621553884,"contact":4.441624365482234,"contact_reachability":0.6666666666666666,"contact_satisfaction":6.871727748691099,"autonomy":3.646532438478747},"metadata":{"satisfaction_count":2769,"comprehension_count":1995,"contact_count":591,"contactReachability_count":627,"contactSatisfaction_count":382,"autonomy_count":1788}}
