{"data":{"satisfaction":7.977729885057471,"comprehension":6.780378486055777,"contact":4.428571428571429,"contact_reachability":0.6656101426307448,"contact_satisfaction":6.861979166666667,"autonomy":3.6262513904338154},"metadata":{"satisfaction_count":2784,"comprehension_count":2008,"contact_count":595,"contactReachability_count":631,"contactSatisfaction_count":384,"autonomy_count":1798}}
