{"data":{"satisfaction":8.826887582092114,"comprehension":8.705784204671858,"contact":3.9718906430496728,"contact_reachability":0.5692955589586524,"contact_satisfaction":7.007472826086956,"autonomy":7.9952376591262935},"metadata":{"satisfaction_count":23297,"comprehension_count":22475,"contact_count":2597,"contactReachability_count":2612,"contactSatisfaction_count":1472,"autonomy_count":21838}}
