{"data":{"satisfaction":8.847353303241691,"comprehension":8.715601207945218,"contact":4.013668267454747,"contact_reachability":0.5732647814910026,"contact_satisfaction":7.032362459546926,"autonomy":7.9014267185473415},"metadata":{"satisfaction_count":24370,"comprehension_count":23511,"contact_count":2707,"contactReachability_count":2723,"contactSatisfaction_count":1545,"autonomy_count":23130}}
