{"data":{"satisfaction":9.041640673736744,"comprehension":8.835038155544732,"contact":3.6791730474732005,"contact_reachability":0.5266362252663622,"contact_satisfaction":7.0248538011695905,"autonomy":8.025216964139512},"metadata":{"satisfaction_count":6412,"comprehension_count":6159,"contact_count":653,"contactReachability_count":657,"contactSatisfaction_count":342,"autonomy_count":6107}}
