{"data":{"satisfaction":8.877491207502931,"comprehension":8.7426678802589,"contact":4.069582955575703,"contact_reachability":0.5789950203712086,"contact_satisfaction":7.035658307210031,"autonomy":7.866125968892767},"metadata":{"satisfaction_count":20472,"comprehension_count":19776,"contact_count":2206,"contactReachability_count":2209,"contactSatisfaction_count":1276,"autonomy_count":19481}}
