{"data":{"satisfaction":8.881412591608452,"comprehension":8.745616760619646,"contact":4.059,"contact_reachability":0.5752880413190306,"contact_satisfaction":7.091194968553459,"autonomy":7.990863407948835},"metadata":{"satisfaction_count":23333,"comprehension_count":22529,"contact_count":2500,"contactReachability_count":2517,"contactSatisfaction_count":1431,"autonomy_count":21890}}
