{"data":{"satisfaction":9.113513513513514,"comprehension":8.87937929931211,"contact":3.791208791208791,"contact_reachability":0.553125,"contact_satisfaction":6.880341880341881,"autonomy":8.076301325573876},"metadata":{"satisfaction_count":6475,"comprehension_count":6251,"contact_count":637,"contactReachability_count":640,"contactSatisfaction_count":351,"autonomy_count":6186}}
