{"data":{"satisfaction":9.036575875486381,"comprehension":8.827644775153672,"contact":3.7,"contact_reachability":0.5283307810107197,"contact_satisfaction":7.0321637426900585,"autonomy":8.011103853690399},"metadata":{"satisfaction_count":6425,"comprehension_count":6182,"contact_count":650,"contactReachability_count":653,"contactSatisfaction_count":342,"autonomy_count":6124}}
