{"data":{"satisfaction":9.025364020666979,"comprehension":8.824176719921748,"contact":3.736762481089259,"contact_reachability":0.5338345864661654,"contact_satisfaction":7.037037037037037,"autonomy":8.051239669421488},"metadata":{"satisfaction_count":6387,"comprehension_count":6134,"contact_count":661,"contactReachability_count":665,"contactSatisfaction_count":351,"autonomy_count":6050}}
