{"data":{"satisfaction":8.894827892122072,"comprehension":8.753963148462988,"contact":4.057580778790389,"contact_reachability":0.5763060468942822,"contact_satisfaction":7.077312138728324,"autonomy":7.867479409985576},"metadata":{"satisfaction_count":22544,"comprehension_count":21763,"contact_count":2414,"contactReachability_count":2431,"contactSatisfaction_count":1384,"autonomy_count":21491}}
