{"data":{"satisfaction":9.109352968823437,"comprehension":8.872413231220467,"contact":3.775430359937402,"contact_reachability":0.5404984423676013,"contact_satisfaction":7.013081395348837,"autonomy":8.031418753068237},"metadata":{"satisfaction_count":6383,"comprehension_count":6137,"contact_count":639,"contactReachability_count":642,"contactSatisfaction_count":344,"autonomy_count":6111}}
