{"data":{"satisfaction":8.884409239671774,"comprehension":8.747913598429061,"contact":4.053934571175951,"contact_reachability":0.5781387181738367,"contact_satisfaction":7.048424289008455,"autonomy":7.973245835436648},"metadata":{"satisfaction_count":21083,"comprehension_count":20370,"contact_count":2262,"contactReachability_count":2278,"contactSatisfaction_count":1301,"autonomy_count":19810}}
