{"data":{"satisfaction":9.047375944455789,"comprehension":8.794652293384063,"contact":4.655172413793103,"contact_reachability":0.6471774193548387,"contact_satisfaction":7.216981132075472,"autonomy":7.904127257093723},"metadata":{"satisfaction_count":4897,"comprehension_count":4731,"contact_count":493,"contactReachability_count":496,"contactSatisfaction_count":318,"autonomy_count":4652}}
