{"data":{"satisfaction":9.00635424940429,"comprehension":8.818076477404404,"contact":3.73828125,"contact_reachability":0.5381026438569206,"contact_satisfaction":6.975218658892128,"autonomy":8.053646269907796},"metadata":{"satisfaction_count":6295,"comprehension_count":6041,"contact_count":640,"contactReachability_count":643,"contactSatisfaction_count":343,"autonomy_count":5965}}
