{"data":{"satisfaction":8.968304786297423,"comprehension":8.8,"contact":3.8102643856920686,"contact_reachability":0.5517774343122102,"contact_satisfaction":6.9405099150141645,"autonomy":8.004722550177096},"metadata":{"satisfaction_count":6247,"comprehension_count":6000,"contact_count":643,"contactReachability_count":647,"contactSatisfaction_count":353,"autonomy_count":5929}}
