{"data":{"satisfaction":8.878905617613729,"comprehension":8.744393679004066,"contact":4.061197423266389,"contact_reachability":0.5769086122602483,"contact_satisfaction":7.07892998678996,"autonomy":7.965883212306106},"metadata":{"satisfaction_count":24708,"comprehension_count":23857,"contact_count":2639,"contactReachability_count":2659,"contactSatisfaction_count":1514,"autonomy_count":23273}}
