{"data":{"satisfaction":9.002086230876216,"comprehension":8.77813794345399,"contact":4.544314381270903,"contact_reachability":0.6461794019933554,"contact_satisfaction":7.058441558441558,"autonomy":7.824586889413474},"metadata":{"satisfaction_count":5752,"comprehension_count":5553,"contact_count":598,"contactReachability_count":602,"contactSatisfaction_count":385,"autonomy_count":5507}}
