{"data":{"satisfaction":8.886041666666667,"comprehension":8.747464065265248,"contact":4.063593932322053,"contact_reachability":0.5758980301274623,"contact_satisfaction":7.092668024439918,"autonomy":7.965929203539823},"metadata":{"satisfaction_count":24000,"comprehension_count":23167,"contact_count":2571,"contactReachability_count":2589,"contactSatisfaction_count":1473,"autonomy_count":22600}}
