{"data":{"satisfaction":8.84142797841428,"comprehension":8.713480487070264,"contact":4.005225830533782,"contact_reachability":0.5734966592427617,"contact_satisfaction":7.0130718954248366,"autonomy":7.922533666710532},"metadata":{"satisfaction_count":24090,"comprehension_count":23241,"contact_count":2679,"contactReachability_count":2694,"contactSatisfaction_count":1530,"autonomy_count":22797}}
