{"data":{"satisfaction":9.013843787386772,"comprehension":8.777659762789874,"contact":4.549180327868853,"contact_reachability":0.6400651465798045,"contact_satisfaction":7.133676092544987,"autonomy":7.865733261532938},"metadata":{"satisfaction_count":5851,"comprehension_count":5649,"contact_count":610,"contactReachability_count":614,"contactSatisfaction_count":389,"autonomy_count":5571}}
