{"data":{"satisfaction":8.878225937347834,"comprehension":8.744168943055264,"contact":4.066299392097265,"contact_reachability":0.5773001508295625,"contact_satisfaction":7.08305757776307,"autonomy":7.957567672246848},"metadata":{"satisfaction_count":24644,"comprehension_count":23795,"contact_count":2632,"contactReachability_count":2652,"contactSatisfaction_count":1511,"autonomy_count":23237}}
