{"data":{"satisfaction":8.885590365504463,"comprehension":8.748418756815703,"contact":4.057215886747936,"contact_reachability":0.5751659508004686,"contact_satisfaction":7.09106529209622,"autonomy":7.978585188835626},"metadata":{"satisfaction_count":23748,"comprehension_count":22925,"contact_count":2543,"contactReachability_count":2561,"contactSatisfaction_count":1455,"autonomy_count":22321}}
