{"data":{"satisfaction":8.90666430970479,"comprehension":8.72416316078288,"contact":4.431239388794567,"contact_reachability":0.6346801346801347,"contact_satisfaction":7.016129032258065,"autonomy":7.866567552499536},"metadata":{"satisfaction_count":5657,"comprehension_count":5467,"contact_count":589,"contactReachability_count":594,"contactSatisfaction_count":372,"autonomy_count":5381}}
