{"data":{"satisfaction":9.082078313253012,"comprehension":8.849547158026233,"contact":3.847626339969372,"contact_reachability":0.5482388973966309,"contact_satisfaction":7.018156424581005,"autonomy":8.078201678011714},"metadata":{"satisfaction_count":6640,"comprehension_count":6404,"contact_count":653,"contactReachability_count":653,"contactSatisfaction_count":358,"autonomy_count":6317}}
