{"data":{"satisfaction":8.354430379746836,"comprehension":7.765273311897106,"contact":8.166666666666666,"contact_reachability":0.8695652173913043,"contact_satisfaction":9.423076923076923,"autonomy":7.007299270072993},"metadata":{"satisfaction_count":395,"comprehension_count":311,"contact_count":45,"contactReachability_count":46,"contactSatisfaction_count":39,"autonomy_count":274}}
