{"data":{"satisfaction":8.403990024937656,"comprehension":7.768987341772152,"contact":8.478260869565217,"contact_reachability":0.9148936170212766,"contact_satisfaction":9.285714285714286,"autonomy":7.034220532319392},"metadata":{"satisfaction_count":401,"comprehension_count":316,"contact_count":46,"contactReachability_count":47,"contactSatisfaction_count":42,"autonomy_count":263}}
