{"data":{"satisfaction":8.522427440633246,"comprehension":7.947019867549669,"contact":8.75,"contact_reachability":0.926829268292683,"contact_satisfaction":9.45945945945946,"autonomy":7.148148148148148},"metadata":{"satisfaction_count":379,"comprehension_count":302,"contact_count":40,"contactReachability_count":41,"contactSatisfaction_count":37,"autonomy_count":270}}
