{"data":{"satisfaction":3.4056224899598395,"comprehension":4.255506607929515,"contact":2.033132530120482,"contact_reachability":0.5,"contact_satisfaction":4.115853658536586,"autonomy":2.416243654822335},"metadata":{"satisfaction_count":1245,"comprehension_count":1135,"contact_count":664,"contactReachability_count":672,"contactSatisfaction_count":328,"autonomy_count":985}}
