{"data":{"satisfaction":3.4938704028021017,"comprehension":4.328502415458937,"contact":1.9663865546218486,"contact_reachability":0.4866666666666667,"contact_satisfaction":4.076655052264808,"autonomy":2.513842746400886},"metadata":{"satisfaction_count":1142,"comprehension_count":1035,"contact_count":595,"contactReachability_count":600,"contactSatisfaction_count":287,"autonomy_count":903}}
