{"data":{"satisfaction":3.4346330275229358,"comprehension":4.227799227799228,"contact":1.984029484029484,"contact_reachability":0.4841075794621027,"contact_satisfaction":4.119897959183674,"autonomy":2.7591463414634148},"metadata":{"satisfaction_count":872,"comprehension_count":777,"contact_count":407,"contactReachability_count":409,"contactSatisfaction_count":196,"autonomy_count":656}}
