{"data":{"satisfaction":3.435374149659864,"comprehension":4.175126903553299,"contact":1.9565217391304348,"contact_reachability":0.4807692307692308,"contact_satisfaction":4.090909090909091,"autonomy":2.8035982008995504},"metadata":{"satisfaction_count":882,"comprehension_count":788,"contact_count":414,"contactReachability_count":416,"contactSatisfaction_count":198,"autonomy_count":667}}
