{"data":{"satisfaction":3.426005132591959,"comprehension":4.204971857410881,"contact":1.9510268562401263,"contact_reachability":0.496875,"contact_satisfaction":3.9710610932475885,"autonomy":2.3819742489270386},"metadata":{"satisfaction_count":1169,"comprehension_count":1066,"contact_count":633,"contactReachability_count":640,"contactSatisfaction_count":311,"autonomy_count":932}}
