{"data":{"satisfaction":4.148667601683029,"comprehension":4.5678606638186,"contact":2.1629392971246006,"contact_reachability":0.5163316582914573,"contact_satisfaction":4.2578616352201255,"autonomy":2.9466900995899237},"metadata":{"satisfaction_count":7130,"comprehension_count":6086,"contact_count":3130,"contactReachability_count":3184,"contactSatisfaction_count":1590,"autonomy_count":5121}}
