{"data":{"satisfaction":4.153591478335972,"comprehension":4.561677354033074,"contact":2.157590759075908,"contact_reachability":0.5175097276264592,"contact_satisfaction":4.2396238651102465,"autonomy":2.9385788839823364},"metadata":{"satisfaction_count":6947,"comprehension_count":5926,"contact_count":3030,"contactReachability_count":3084,"contactSatisfaction_count":1542,"autonomy_count":4982}}
