{"data":{"satisfaction":4.175930042982066,"comprehension":4.571366405570061,"contact":2.1668370824812544,"contact_reachability":0.5172413793103449,"contact_satisfaction":4.261058981233244,"autonomy":2.9651162790697674},"metadata":{"satisfaction_count":6747,"comprehension_count":5745,"contact_count":2934,"contactReachability_count":2987,"contactSatisfaction_count":1492,"autonomy_count":4816}}
