{"data":{"satisfaction":3.4365325077399382,"comprehension":4.257845631891433,"contact":2.062043795620438,"contact_reachability":0.5007215007215007,"contact_satisfaction":4.166666666666667,"autonomy":2.4607843137254903},"metadata":{"satisfaction_count":1292,"comprehension_count":1179,"contact_count":685,"contactReachability_count":693,"contactSatisfaction_count":339,"autonomy_count":1020}}
