{"data":{"satisfaction":3.637218045112782,"comprehension":4.3599791013584115,"contact":1.9623161764705883,"contact_reachability":0.48628884826325414,"contact_satisfaction":4.05893536121673,"autonomy":2.6498800959232613},"metadata":{"satisfaction_count":1064,"comprehension_count":957,"contact_count":544,"contactReachability_count":547,"contactSatisfaction_count":263,"autonomy_count":834}}
