{"data":{"satisfaction":4.182928645910919,"comprehension":4.571666083304165,"contact":2.169294037011652,"contact_reachability":0.5169976438909458,"contact_satisfaction":4.268374915711396,"autonomy":2.9686847599164925},"metadata":{"satisfaction_count":6713,"comprehension_count":5714,"contact_count":2918,"contactReachability_count":2971,"contactSatisfaction_count":1483,"autonomy_count":4790}}
