{"data":{"satisfaction":3.4460052677787534,"comprehension":4.292953667953668,"contact":1.8530884808013355,"contact_reachability":0.48519736842105265,"contact_satisfaction":3.8811188811188813,"autonomy":2.5054945054945055},"metadata":{"satisfaction_count":1139,"comprehension_count":1036,"contact_count":599,"contactReachability_count":608,"contactSatisfaction_count":286,"autonomy_count":910}}
