{"data":{"satisfaction":4.131760878405856,"comprehension":4.553769401330377,"contact":2.165948275862069,"contact_reachability":0.5152891310929458,"contact_satisfaction":4.271402550091075,"autonomy":2.941727562300918},"metadata":{"satisfaction_count":7377,"comprehension_count":6314,"contact_count":3248,"contactReachability_count":3303,"contactSatisfaction_count":1647,"autonomy_count":5337}}
