{"data":{"satisfaction":4.153168513782324,"comprehension":4.570214892553723,"contact":2.151106050748211,"contact_reachability":0.5156649616368286,"contact_satisfaction":4.241500962155228,"autonomy":2.9440821971942306},"metadata":{"satisfaction_count":7038,"comprehension_count":6003,"contact_count":3074,"contactReachability_count":3128,"contactSatisfaction_count":1559,"autonomy_count":5061}}
