{"data":{"satisfaction":3.6575247752938465,"comprehension":4.410170366546206,"contact":2.057035998129967,"contact_reachability":0.4911873840445269,"contact_satisfaction":4.222648752399232,"autonomy":2.7039139527935463},"metadata":{"satisfaction_count":4339,"comprehension_count":3874,"contact_count":2139,"contactReachability_count":2156,"contactSatisfaction_count":1042,"autonomy_count":3347}}
