{"data":{"satisfaction":3.4804469273743015,"comprehension":4.22360248447205,"contact":1.9813519813519813,"contact_reachability":0.4733178654292343,"contact_satisfaction":4.207920792079208,"autonomy":2.8257686676427527},"metadata":{"satisfaction_count":895,"comprehension_count":805,"contact_count":429,"contactReachability_count":431,"contactSatisfaction_count":202,"autonomy_count":683}}
