{"data":{"satisfaction":4.169459420078683,"comprehension":4.569157120875364,"contact":2.1576486305945224,"contact_reachability":0.5172300623564161,"contact_satisfaction":4.241628365068943,"autonomy":2.9476471786514566},"metadata":{"satisfaction_count":6863,"comprehension_count":5849,"contact_count":2994,"contactReachability_count":3047,"contactSatisfaction_count":1523,"autonomy_count":4909}}
