{"data":{"satisfaction":4.132259374576959,"comprehension":4.553147738057577,"contact":2.1671279212792127,"contact_reachability":0.5158754157846991,"contact_satisfaction":4.2686250757116895,"autonomy":2.9421673217293653},"metadata":{"satisfaction_count":7387,"comprehension_count":6322,"contact_count":3252,"contactReachability_count":3307,"contactSatisfaction_count":1651,"autonomy_count":5343}}
