{"data":{"satisfaction":3.7462387161484454,"comprehension":4.621468926553672,"contact":2.0228628230616303,"contact_reachability":0.4782608695652174,"contact_satisfaction":4.2573221757322175,"autonomy":2.522639068564036},"metadata":{"satisfaction_count":997,"comprehension_count":885,"contact_count":503,"contactReachability_count":506,"contactSatisfaction_count":239,"autonomy_count":773}}
