{"data":{"satisfaction":3.521386430678466,"comprehension":4.279902359641985,"contact":2.1235795454545454,"contact_reachability":0.5092198581560283,"contact_satisfaction":4.175977653631285,"autonomy":2.6013195098963244},"metadata":{"satisfaction_count":1356,"comprehension_count":1229,"contact_count":704,"contactReachability_count":705,"contactSatisfaction_count":358,"autonomy_count":1061}}
