{"data":{"satisfaction":3.9466521502449647,"comprehension":4.464734198409376,"contact":2.124560031286664,"contact_reachability":0.504431599229287,"contact_satisfaction":4.274193548387097,"autonomy":2.836320191158901},"metadata":{"satisfaction_count":5511,"comprehension_count":4778,"contact_count":2557,"contactReachability_count":2595,"contactSatisfaction_count":1271,"autonomy_count":4185}}
