{"data":{"satisfaction":3.473132372214941,"comprehension":4.2544510385756675,"contact":1.9259818731117824,"contact_reachability":0.4804804804804805,"contact_satisfaction":4.034810126582278,"autonomy":2.727272727272727},"metadata":{"satisfaction_count":763,"comprehension_count":674,"contact_count":331,"contactReachability_count":333,"contactSatisfaction_count":158,"autonomy_count":561}}
