{"data":{"satisfaction":4.19172932330827,"comprehension":4.573612583951927,"contact":2.146525162615543,"contact_reachability":0.517206132879046,"contact_satisfaction":4.1688829787234045,"autonomy":2.981012658227848},"metadata":{"satisfaction_count":6650,"comprehension_count":5658,"contact_count":2921,"contactReachability_count":2935,"contactSatisfaction_count":1504,"autonomy_count":4740}}
