{"data":{"satisfaction":3.4973900074571214,"comprehension":4.289538714991763,"contact":2.1098265895953756,"contact_reachability":0.5079365079365079,"contact_satisfaction":4.15954415954416,"autonomy":2.5692454632282713},"metadata":{"satisfaction_count":1341,"comprehension_count":1214,"contact_count":692,"contactReachability_count":693,"contactSatisfaction_count":351,"autonomy_count":1047}}
