{"data":{"satisfaction":3.4850166481687013,"comprehension":4.28168130489335,"contact":1.9554455445544554,"contact_reachability":0.47911547911547914,"contact_satisfaction":4.114583333333333,"autonomy":2.7586206896551726},"metadata":{"satisfaction_count":901,"comprehension_count":797,"contact_count":404,"contactReachability_count":407,"contactSatisfaction_count":192,"autonomy_count":667}}
