{"data":{"satisfaction":3.418918918918919,"comprehension":4.223205506391347,"contact":1.8590831918505941,"contact_reachability":0.48743718592964824,"contact_satisfaction":3.8692579505300353,"autonomy":2.4242424242424243},"metadata":{"satisfaction_count":1110,"comprehension_count":1017,"contact_count":589,"contactReachability_count":597,"contactSatisfaction_count":283,"autonomy_count":891}}
