{"data":{"satisfaction":3.427620632279534,"comprehension":4.204753199268739,"contact":1.9830246913580247,"contact_reachability":0.500763358778626,"contact_satisfaction":4.003115264797508,"autonomy":2.3924449108079746},"metadata":{"satisfaction_count":1202,"comprehension_count":1094,"contact_count":648,"contactReachability_count":655,"contactSatisfaction_count":321,"autonomy_count":953}}
