{"data":{"satisfaction":3.936357243319269,"comprehension":4.460267585647679,"contact":2.1236661585365852,"contact_reachability":0.503942921517086,"contact_satisfaction":4.276669224865694,"autonomy":2.82830626450116},"metadata":{"satisfaction_count":5688,"comprehension_count":4933,"contact_count":2624,"contactReachability_count":2663,"contactSatisfaction_count":1303,"autonomy_count":4310}}
