{"data":{"satisfaction":8.779652522552622,"comprehension":8.596471639124609,"contact":5.892857142857143,"contact_reachability":0.6918238993710691,"contact_satisfaction":8.642857142857142,"autonomy":8.526871401151631},"metadata":{"satisfaction_count":5986,"comprehension_count":4478,"contact_count":154,"contactReachability_count":159,"contactSatisfaction_count":105,"autonomy_count":4168}}
