{"data":{"satisfaction":8.798342541436464,"comprehension":8.617452135493373,"contact":5.609756097560975,"contact_reachability":0.6829268292682927,"contact_satisfaction":8.214285714285714,"autonomy":8.517298187808896},"metadata":{"satisfaction_count":1810,"comprehension_count":1358,"contact_count":41,"contactReachability_count":41,"contactSatisfaction_count":28,"autonomy_count":1214}}
