{"data":{"satisfaction":8.725927246790299,"comprehension":8.557805509771603,"contact":5.545454545454546,"contact_reachability":0.6705882352941176,"contact_satisfaction":8.394495412844037,"autonomy":8.54896907216495},"metadata":{"satisfaction_count":5608,"comprehension_count":4247,"contact_count":165,"contactReachability_count":170,"contactSatisfaction_count":109,"autonomy_count":3880}}
