{"data":{"satisfaction":8.692139737991265,"comprehension":8.531322170900692,"contact":5.120689655172414,"contact_reachability":0.6597222222222222,"contact_satisfaction":7.734375,"autonomy":8.553299492385786},"metadata":{"satisfaction_count":4580,"comprehension_count":3464,"contact_count":145,"contactReachability_count":144,"contactSatisfaction_count":96,"autonomy_count":3152}}
