{"data":{"satisfaction":8.746584699453551,"comprehension":8.510978956999086,"contact":5.5,"contact_reachability":0.6571428571428571,"contact_satisfaction":8.369565217391305,"autonomy":8.466864490603363},"metadata":{"satisfaction_count":1464,"comprehension_count":1093,"contact_count":35,"contactReachability_count":35,"contactSatisfaction_count":23,"autonomy_count":1011}}
