{"data":{"satisfaction":8.900732844770154,"comprehension":8.688204683434519,"contact":6.923076923076923,"contact_reachability":0.7692307692307693,"contact_satisfaction":9,"autonomy":8.704414587332053},"metadata":{"satisfaction_count":1501,"comprehension_count":1153,"contact_count":39,"contactReachability_count":39,"contactSatisfaction_count":30,"autonomy_count":1042}}
