{"data":{"satisfaction":8.78444525018129,"comprehension":8.575918762088975,"contact":5.827586206896552,"contact_reachability":0.6758620689655173,"contact_satisfaction":8.622448979591837,"autonomy":8.620142743854084},"metadata":{"satisfaction_count":5516,"comprehension_count":4136,"contact_count":145,"contactReachability_count":145,"contactSatisfaction_count":98,"autonomy_count":3783}}
