{"data":{"satisfaction":8.75921375921376,"comprehension":8.560855263157896,"contact":6.195652173913044,"contact_reachability":0.717391304347826,"contact_satisfaction":8.636363636363637,"autonomy":8.476104598737601},"metadata":{"satisfaction_count":1628,"comprehension_count":1216,"contact_count":46,"contactReachability_count":46,"contactSatisfaction_count":33,"autonomy_count":1109}}
