{"data":{"satisfaction":8.78748370273794,"comprehension":8.584977238239757,"contact":5.723684210526316,"contact_reachability":0.6710526315789473,"contact_satisfaction":8.529411764705882,"autonomy":8.612497030173438},"metadata":{"satisfaction_count":6136,"comprehension_count":4613,"contact_count":152,"contactReachability_count":152,"contactSatisfaction_count":102,"autonomy_count":4209}}
