{"data":{"satisfaction":8.784304285026481,"comprehension":8.589771025037448,"contact":5.686274509803922,"contact_reachability":0.6666666666666666,"contact_satisfaction":8.529411764705882,"autonomy":8.605961042008918},"metadata":{"satisfaction_count":6231,"comprehension_count":4673,"contact_count":153,"contactReachability_count":153,"contactSatisfaction_count":102,"autonomy_count":4261}}
