{"data":{"satisfaction":8.82484076433121,"comprehension":8.69077834179357,"contact":5.763888888888889,"contact_reachability":0.6388888888888888,"contact_satisfaction":9.021739130434783,"autonomy":8.820224719101123},"metadata":{"satisfaction_count":1570,"comprehension_count":1182,"contact_count":36,"contactReachability_count":36,"contactSatisfaction_count":23,"autonomy_count":1068}}
