{"data":{"satisfaction":8.785211267605634,"comprehension":8.588950511945393,"contact":5.714285714285714,"contact_reachability":0.6688311688311688,"contact_satisfaction":8.54368932038835,"autonomy":8.608899297423887},"metadata":{"satisfaction_count":6248,"comprehension_count":4688,"contact_count":154,"contactReachability_count":154,"contactSatisfaction_count":103,"autonomy_count":4270}}
