{"data":{"satisfaction":8.820588235294117,"comprehension":8.623639191290824,"contact":5.476190476190476,"contact_reachability":0.6428571428571429,"contact_satisfaction":8.518518518518519,"autonomy":8.624247635425624},"metadata":{"satisfaction_count":1700,"comprehension_count":1286,"contact_count":42,"contactReachability_count":42,"contactSatisfaction_count":27,"autonomy_count":1163}}
