{"data":{"satisfaction":8.719793887704336,"comprehension":8.553248885761201,"contact":5.542168674698795,"contact_reachability":0.672514619883041,"contact_satisfaction":8.363636363636363,"autonomy":8.545407901487943},"metadata":{"satisfaction_count":5628,"comprehension_count":4263,"contact_count":166,"contactReachability_count":171,"contactSatisfaction_count":110,"autonomy_count":3898}}
