{"data":{"satisfaction":8.787156254967414,"comprehension":8.59375,"contact":5.732484076433121,"contact_reachability":0.6687898089171974,"contact_satisfaction":8.571428571428571,"autonomy":8.587662337662337},"metadata":{"satisfaction_count":6291,"comprehension_count":4720,"contact_count":157,"contactReachability_count":157,"contactSatisfaction_count":105,"autonomy_count":4312}}
