{"data":{"satisfaction":8.819714656290532,"comprehension":8.653191489361703,"contact":6.397058823529412,"contact_reachability":0.7058823529411765,"contact_satisfaction":9.0625,"autonomy":8.748815165876778},"metadata":{"satisfaction_count":1542,"comprehension_count":1175,"contact_count":34,"contactReachability_count":34,"contactSatisfaction_count":24,"autonomy_count":1055}}
