{"data":{"satisfaction":8.710191082802547,"comprehension":8.501594048884165,"contact":5.661764705882353,"contact_reachability":0.6764705882352942,"contact_satisfaction":8.369565217391305,"autonomy":8.555045871559633},"metadata":{"satisfaction_count":1256,"comprehension_count":941,"contact_count":34,"contactReachability_count":34,"contactSatisfaction_count":23,"autonomy_count":872}}
