{"data":{"satisfaction":8.780296425457715,"comprehension":8.592730661696178,"contact":5.89527027027027,"contact_reachability":0.6928104575163399,"contact_satisfaction":8.638613861386139,"autonomy":8.519539078156313},"metadata":{"satisfaction_count":5735,"comprehension_count":4292,"contact_count":148,"contactReachability_count":153,"contactSatisfaction_count":101,"autonomy_count":3992}}
