{"data":{"satisfaction":8.71581054036024,"comprehension":8.503113879003559,"contact":5.878378378378378,"contact_reachability":0.7027027027027027,"contact_satisfaction":8.365384615384615,"autonomy":8.548076923076923},"metadata":{"satisfaction_count":1499,"comprehension_count":1124,"contact_count":37,"contactReachability_count":37,"contactSatisfaction_count":26,"autonomy_count":1040}}
