{"data":{"satisfaction":8.801673228346457,"comprehension":8.694876783398184,"contact":4.045454545454546,"contact_reachability":0.5714285714285714,"contact_satisfaction":7.17741935483871,"autonomy":8.634713144517066},"metadata":{"satisfaction_count":2032,"comprehension_count":1542,"contact_count":55,"contactReachability_count":56,"contactSatisfaction_count":31,"autonomy_count":1377}}
