{"data":{"satisfaction":8.747440273037542,"comprehension":8.505013673655425,"contact":5.5,"contact_reachability":0.6571428571428571,"contact_satisfaction":8.369565217391305,"autonomy":8.474409448818898},"metadata":{"satisfaction_count":1465,"comprehension_count":1097,"contact_count":35,"contactReachability_count":35,"contactSatisfaction_count":23,"autonomy_count":1016}}
