{"data":{"satisfaction":8.787964004499438,"comprehension":8.585501858736059,"contact":5.4375,"contact_reachability":0.675,"contact_satisfaction":8.055555555555555,"autonomy":8.594009983361065},"metadata":{"satisfaction_count":1778,"comprehension_count":1345,"contact_count":40,"contactReachability_count":40,"contactSatisfaction_count":27,"autonomy_count":1202}}
