{"data":{"satisfaction":8.78999319264806,"comprehension":8.585824275362318,"contact":5.70945945945946,"contact_reachability":0.6621621621621622,"contact_satisfaction":8.622448979591837,"autonomy":8.63343253968254},"metadata":{"satisfaction_count":5876,"comprehension_count":4416,"contact_count":148,"contactReachability_count":148,"contactSatisfaction_count":98,"autonomy_count":4032}}
