{"data":{"satisfaction":8.85443864229765,"comprehension":8.657646048109966,"contact":6.184210526315789,"contact_reachability":0.6842105263157895,"contact_satisfaction":9.038461538461538,"autonomy":8.74405328258801},"metadata":{"satisfaction_count":1532,"comprehension_count":1164,"contact_count":38,"contactReachability_count":38,"contactSatisfaction_count":26,"autonomy_count":1051}}
