{"data":{"satisfaction":8.794642857142858,"comprehension":8.601242371403663,"contact":5.314465408805032,"contact_reachability":0.65625,"contact_satisfaction":8.125,"autonomy":8.598557692307692},"metadata":{"satisfaction_count":6048,"comprehension_count":4588,"contact_count":159,"contactReachability_count":160,"contactSatisfaction_count":104,"autonomy_count":4160}}
