{"data":{"satisfaction":4.173951048951049,"comprehension":4.214360041623309,"contact":2.667624521072797,"contact_reachability":0.5996204933586338,"contact_satisfaction":4.477491961414791,"autonomy":2.607099143206854},"metadata":{"satisfaction_count":1144,"comprehension_count":961,"contact_count":522,"contactReachability_count":527,"contactSatisfaction_count":311,"autonomy_count":817}}
