{"data":{"satisfaction":4.217226974338572,"comprehension":4.10313630880579,"contact":2.621212121212121,"contact_reachability":0.5978678038379531,"contact_satisfaction":4.429407461594733,"autonomy":2.4965555249379996},"metadata":{"satisfaction_count":5027,"comprehension_count":4145,"contact_count":2310,"contactReachability_count":2345,"contactSatisfaction_count":1367,"autonomy_count":3629}}
