{"data":{"satisfaction":4.088551671148674,"comprehension":4.073796914575178,"contact":2.640034737299175,"contact_reachability":0.6161056668086919,"contact_satisfaction":4.336661911554922,"autonomy":2.539811066126856},"metadata":{"satisfaction_count":5206,"comprehension_count":4343,"contact_count":2303,"contactReachability_count":2347,"contactSatisfaction_count":1402,"autonomy_count":3705}}
