{"data":{"satisfaction":4.366144668158091,"comprehension":4.158279963403476,"contact":2.6853312302839116,"contact_reachability":0.6040688575899843,"contact_satisfaction":4.468503937007874,"autonomy":2.3197492163009406},"metadata":{"satisfaction_count":1341,"comprehension_count":1093,"contact_count":634,"contactReachability_count":639,"contactSatisfaction_count":381,"autonomy_count":957}}
