{"data":{"satisfaction":4.088631984585742,"comprehension":4.07238513045486,"contact":2.6404005224205487,"contact_reachability":0.6159760785988894,"contact_satisfaction":4.338340486409156,"autonomy":2.5426482534524775},"metadata":{"satisfaction_count":5190,"comprehension_count":4331,"contact_count":2297,"contactReachability_count":2341,"contactSatisfaction_count":1398,"autonomy_count":3693}}
