{"data":{"satisfaction":4.095646132468736,"comprehension":4.083171879324661,"contact":2.578043704474506,"contact_reachability":0.6099071207430341,"contact_satisfaction":4.2495711835334475,"autonomy":2.583170254403131},"metadata":{"satisfaction_count":4318,"comprehension_count":3613,"contact_count":1922,"contactReachability_count":1938,"contactSatisfaction_count":1166,"autonomy_count":3066}}
