{"data":{"satisfaction":4.274744027303754,"comprehension":4.250255885363357,"contact":2.73014440433213,"contact_reachability":0.6214285714285714,"contact_satisfaction":4.4225146198830405,"autonomy":2.3990498812351544},"metadata":{"satisfaction_count":1172,"comprehension_count":977,"contact_count":554,"contactReachability_count":560,"contactSatisfaction_count":342,"autonomy_count":842}}
