{"data":{"satisfaction":4.38063063063063,"comprehension":4.182027649769585,"contact":2.6904761904761907,"contact_reachability":0.6031496062992125,"contact_satisfaction":4.484126984126984,"autonomy":2.349841938883035},"metadata":{"satisfaction_count":1332,"comprehension_count":1085,"contact_count":630,"contactReachability_count":635,"contactSatisfaction_count":378,"autonomy_count":949}}
