{"data":{"satisfaction":4.414210128495843,"comprehension":4.223573433115061,"contact":2.731191222570533,"contact_reachability":0.6086956521739131,"contact_satisfaction":4.5142487046632125,"autonomy":2.3191489361702127},"metadata":{"satisfaction_count":1323,"comprehension_count":1069,"contact_count":638,"contactReachability_count":644,"contactSatisfaction_count":386,"autonomy_count":940}}
