{"data":{"satisfaction":4.2287183393639305,"comprehension":4.108339108339108,"contact":2.626908790755262,"contact_reachability":0.602028397565923,"contact_satisfaction":4.414008321775312,"autonomy":2.5322453277178205},"metadata":{"satisfaction_count":5251,"comprehension_count":4329,"contact_count":2423,"contactReachability_count":2465,"contactSatisfaction_count":1442,"autonomy_count":3799}}
