{"data":{"satisfaction":4.11125184716065,"comprehension":4.092982011654421,"contact":2.623809523809524,"contact_reachability":0.6112925804946336,"contact_satisfaction":4.348855564325177,"autonomy":2.537935138351681},"metadata":{"satisfaction_count":4737,"comprehension_count":3947,"contact_count":2100,"contactReachability_count":2143,"contactSatisfaction_count":1267,"autonomy_count":3361}}
