{"data":{"satisfaction":4.44778362133734,"comprehension":4.214085820895522,"contact":2.664319248826291,"contact_reachability":0.6062015503875969,"contact_satisfaction":4.422077922077922,"autonomy":2.36228813559322},"metadata":{"satisfaction_count":1331,"comprehension_count":1072,"contact_count":639,"contactReachability_count":645,"contactSatisfaction_count":385,"autonomy_count":944}}
