{"data":{"satisfaction":4.218135326514555,"comprehension":4.103604678920983,"contact":2.6320272572402046,"contact_reachability":0.6006711409395973,"contact_satisfaction":4.426934097421204,"autonomy":2.501360914534567},"metadata":{"satisfaction_count":5084,"comprehension_count":4189,"contact_count":2348,"contactReachability_count":2384,"contactSatisfaction_count":1396,"autonomy_count":3674}}
