{"data":{"satisfaction":4.123298638911129,"comprehension":4.073628488931665,"contact":2.8387650085763294,"contact_reachability":0.6507666098807495,"contact_satisfaction":4.378306878306878,"autonomy":2.2609673790776155},"metadata":{"satisfaction_count":1249,"comprehension_count":1039,"contact_count":583,"contactReachability_count":587,"contactSatisfaction_count":378,"autonomy_count":889}}
