{"data":{"satisfaction":4.262899262899263,"comprehension":4.267116682738669,"contact":2.6478260869565218,"contact_reachability":0.5979202772963604,"contact_satisfaction":4.438775510204081,"autonomy":2.6111744583808436},"metadata":{"satisfaction_count":1221,"comprehension_count":1037,"contact_count":575,"contactReachability_count":577,"contactSatisfaction_count":343,"autonomy_count":877}}
