{"data":{"satisfaction":4.221090473337328,"comprehension":4.109348510535239,"contact":2.624782986111111,"contact_reachability":0.5981188542112014,"contact_satisfaction":4.433651026392962,"autonomy":2.500691562932227},"metadata":{"satisfaction_count":5007,"comprehension_count":4129,"contact_count":2304,"contactReachability_count":2339,"contactSatisfaction_count":1364,"autonomy_count":3615}}
