{"data":{"satisfaction":4.460072595281306,"comprehension":4.1901805869074495,"contact":2.6785714285714284,"contact_reachability":0.6022727272727273,"contact_satisfaction":4.50487012987013,"autonomy":2.5572519083969465},"metadata":{"satisfaction_count":1102,"comprehension_count":886,"contact_count":518,"contactReachability_count":528,"contactSatisfaction_count":308,"autonomy_count":786}}
