{"data":{"satisfaction":4.493343195266272,"comprehension":4.255270394133822,"contact":2.6749611197511665,"contact_reachability":0.6045801526717557,"contact_satisfaction":4.479166666666667,"autonomy":2.5103734439834025},"metadata":{"satisfaction_count":1352,"comprehension_count":1091,"contact_count":643,"contactReachability_count":655,"contactSatisfaction_count":384,"autonomy_count":964}}
