{"data":{"satisfaction":7.21875,"comprehension":7.938311688311688,"contact":3.5344827586206895,"contact_reachability":0.6206896551724138,"contact_satisfaction":5.694444444444445,"autonomy":7.666666666666667},"metadata":{"satisfaction_count":160,"comprehension_count":154,"contact_count":29,"contactReachability_count":29,"contactSatisfaction_count":18,"autonomy_count":150}}
