{"data":{"satisfaction":7.776679841897233,"comprehension":8.185567010309278,"contact":4.03125,"contact_reachability":0.6867469879518072,"contact_satisfaction":5.972222222222222,"autonomy":7.632135306553911},"metadata":{"satisfaction_count":506,"comprehension_count":485,"contact_count":80,"contactReachability_count":83,"contactSatisfaction_count":54,"autonomy_count":473}}
