{"data":{"satisfaction":7.643312101910828,"comprehension":8.327814569536423,"contact":4.166666666666667,"contact_reachability":0.5555555555555556,"contact_satisfaction":7.5,"autonomy":7.816901408450704},"metadata":{"satisfaction_count":157,"comprehension_count":151,"contact_count":18,"contactReachability_count":18,"contactSatisfaction_count":10,"autonomy_count":142}}
