{"data":{"satisfaction":8.062953995157384,"comprehension":8.358585858585858,"contact":4.224137931034483,"contact_reachability":0.7213114754098361,"contact_satisfaction":5.975609756097561,"autonomy":7.751937984496124},"metadata":{"satisfaction_count":413,"comprehension_count":396,"contact_count":58,"contactReachability_count":61,"contactSatisfaction_count":41,"autonomy_count":387}}
