{"data":{"satisfaction":7.711198428290766,"comprehension":8.09670781893004,"contact":4.315068493150685,"contact_reachability":0.72,"contact_satisfaction":6.0576923076923075,"autonomy":7.621052631578947},"metadata":{"satisfaction_count":509,"comprehension_count":486,"contact_count":73,"contactReachability_count":75,"contactSatisfaction_count":52,"autonomy_count":475}}
