{"data":{"satisfaction":8.057553956834532,"comprehension":8.3625,"contact":4.279661016949152,"contact_reachability":0.7258064516129032,"contact_satisfaction":6.011904761904762,"autonomy":7.749360613810742},"metadata":{"satisfaction_count":417,"comprehension_count":400,"contact_count":59,"contactReachability_count":62,"contactSatisfaction_count":42,"autonomy_count":391}}
