{"data":{"satisfaction":7.763419483101392,"comprehension":8.174273858921161,"contact":3.9873417721518987,"contact_reachability":0.6829268292682927,"contact_satisfaction":5.943396226415095,"autonomy":7.638297872340425},"metadata":{"satisfaction_count":503,"comprehension_count":482,"contact_count":79,"contactReachability_count":82,"contactSatisfaction_count":53,"autonomy_count":470}}
