{"data":{"satisfaction":9.035314384151594,"comprehension":8.88086642599278,"contact":3.5892857142857144,"contact_reachability":0.5357142857142857,"contact_satisfaction":6.7,"autonomy":7.771739130434782},"metadata":{"satisfaction_count":1161,"comprehension_count":1108,"contact_count":140,"contactReachability_count":140,"contactSatisfaction_count":75,"autonomy_count":1104}}
