{"data":{"satisfaction":8.889845094664372,"comprehension":8.788636363636364,"contact":3.4968354430379747,"contact_reachability":0.577639751552795,"contact_satisfaction":6.138888888888889,"autonomy":7.707762557077626},"metadata":{"satisfaction_count":1162,"comprehension_count":1100,"contact_count":158,"contactReachability_count":161,"contactSatisfaction_count":90,"autonomy_count":1095}}
