{"data":{"satisfaction":8.905505558496559,"comprehension":8.764591439688717,"contact":3.7582781456953644,"contact_reachability":0.5240174672489083,"contact_satisfaction":7.24468085106383,"autonomy":7.607898448519041},"metadata":{"satisfaction_count":3778,"comprehension_count":3598,"contact_count":453,"contactReachability_count":458,"contactSatisfaction_count":235,"autonomy_count":3545}}
