{"data":{"satisfaction":8.89733395696913,"comprehension":8.782732213438734,"contact":3.588342440801457,"contact_reachability":0.5369369369369369,"contact_satisfaction":6.7465753424657535,"autonomy":7.695760598503741},"metadata":{"satisfaction_count":4276,"comprehension_count":4048,"contact_count":549,"contactReachability_count":555,"contactSatisfaction_count":292,"autonomy_count":4010}}
