{"data":{"satisfaction":8.983488132094942,"comprehension":8.875545851528384,"contact":3.609271523178808,"contact_reachability":0.5806451612903226,"contact_satisfaction":6.337209302325581,"autonomy":7.729257641921397},"metadata":{"satisfaction_count":969,"comprehension_count":916,"contact_count":151,"contactReachability_count":155,"contactSatisfaction_count":86,"autonomy_count":916}}
