{"data":{"satisfaction":8.90188779579899,"comprehension":8.762217257749231,"contact":3.7665929203539825,"contact_reachability":0.5251641137855579,"contact_satisfaction":7.24468085106383,"autonomy":7.5970529895154435},"metadata":{"satisfaction_count":3761,"comprehension_count":3581,"contact_count":452,"contactReachability_count":457,"contactSatisfaction_count":235,"autonomy_count":3529}}
