{"data":{"satisfaction":8.862038664323375,"comprehension":8.740723562152134,"contact":3.611111111111111,"contact_reachability":0.6074074074074074,"contact_satisfaction":5.945121951219512,"autonomy":7.66728624535316},"metadata":{"satisfaction_count":1138,"comprehension_count":1078,"contact_count":135,"contactReachability_count":135,"contactSatisfaction_count":82,"autonomy_count":1076}}
