{"data":{"satisfaction":8.908770161290322,"comprehension":8.823958609710798,"contact":3.678707224334601,"contact_reachability":0.5582706766917294,"contact_satisfaction":6.649484536082475,"autonomy":7.685333333333333},"metadata":{"satisfaction_count":3968,"comprehension_count":3769,"contact_count":526,"contactReachability_count":532,"contactSatisfaction_count":291,"autonomy_count":3750}}
