{"data":{"satisfaction":9.059982094897046,"comprehension":8.881578947368421,"contact":3.826923076923077,"contact_reachability":0.5769230769230769,"contact_satisfaction":6.633333333333334,"autonomy":7.766258246936852},"metadata":{"satisfaction_count":1117,"comprehension_count":1064,"contact_count":130,"contactReachability_count":130,"contactSatisfaction_count":75,"autonomy_count":1061}}
