{"data":{"satisfaction":9.001798561151078,"comprehension":8.907129455909944,"contact":3.732638888888889,"contact_reachability":0.5102040816326531,"contact_satisfaction":7.465277777777778,"autonomy":7.819905213270142},"metadata":{"satisfaction_count":1112,"comprehension_count":1066,"contact_count":144,"contactReachability_count":147,"contactSatisfaction_count":72,"autonomy_count":1055}}
