{"data":{"satisfaction":8.89250448833034,"comprehension":8.774579483534707,"contact":3.604948805460751,"contact_reachability":0.5396290050590219,"contact_satisfaction":6.7492012779552715,"autonomy":7.678144428503108},"metadata":{"satisfaction_count":4456,"comprehension_count":4221,"contact_count":586,"contactReachability_count":593,"contactSatisfaction_count":313,"autonomy_count":4182}}
