{"data":{"satisfaction":8.908952187182095,"comprehension":8.772715125601282,"contact":3.771276595744681,"contact_reachability":0.5284210526315789,"contact_satisfaction":7.205284552845528,"autonomy":7.602165087956698},"metadata":{"satisfaction_count":3932,"comprehension_count":3742,"contact_count":470,"contactReachability_count":475,"contactSatisfaction_count":246,"autonomy_count":3695}}
