{"data":{"satisfaction":8.954305799648505,"comprehension":8.835332103321033,"contact":3.7056737588652484,"contact_reachability":0.574468085106383,"contact_satisfaction":6.450617283950617,"autonomy":7.715078630897318},"metadata":{"satisfaction_count":1138,"comprehension_count":1084,"contact_count":141,"contactReachability_count":141,"contactSatisfaction_count":81,"autonomy_count":1081}}
