{"data":{"satisfaction":8.892228902248942,"comprehension":8.759948501872659,"contact":3.819188191881919,"contact_reachability":0.546617915904936,"contact_satisfaction":7.040816326530612,"autonomy":7.593735168485999},"metadata":{"satisfaction_count":4491,"comprehension_count":4272,"contact_count":542,"contactReachability_count":547,"contactSatisfaction_count":294,"autonomy_count":4214}}
