{"data":{"satisfaction":8.894888408927287,"comprehension":8.766397578203835,"contact":3.784448818897638,"contact_reachability":0.5341130604288499,"contact_satisfaction":7.146840148698884,"autonomy":7.5726670066292705},"metadata":{"satisfaction_count":4167,"comprehension_count":3964,"contact_count":508,"contactReachability_count":513,"contactSatisfaction_count":269,"autonomy_count":3922}}
