{"data":{"satisfaction":8.895348837209303,"comprehension":8.762638137785093,"contact":3.8475836431226766,"contact_reachability":0.5506445672191529,"contact_satisfaction":7.040816326530612,"autonomy":7.588095238095238},"metadata":{"satisfaction_count":4472,"comprehension_count":4253,"contact_count":538,"contactReachability_count":543,"contactSatisfaction_count":294,"autonomy_count":4200}}
