{"data":{"satisfaction":9.033505154639176,"comprehension":8.881638163816381,"contact":3.8204225352112675,"contact_reachability":0.5563380281690141,"contact_satisfaction":6.867088607594937,"autonomy":7.755656108597285},"metadata":{"satisfaction_count":1164,"comprehension_count":1111,"contact_count":142,"contactReachability_count":142,"contactSatisfaction_count":79,"autonomy_count":1105}}
