{"data":{"satisfaction":8.886518771331058,"comprehension":8.78384476534296,"contact":3.442622950819672,"contact_reachability":0.5561497326203209,"contact_satisfaction":6.3,"autonomy":7.683923705722071},"metadata":{"satisfaction_count":1172,"comprehension_count":1108,"contact_count":183,"contactReachability_count":187,"contactSatisfaction_count":100,"autonomy_count":1101}}
