{"data":{"satisfaction":8.89413988657845,"comprehension":8.754960317460318,"contact":3.738888888888889,"contact_reachability":0.5253863134657837,"contact_satisfaction":7.159574468085107,"autonomy":7.58273381294964},"metadata":{"satisfaction_count":3703,"comprehension_count":3528,"contact_count":450,"contactReachability_count":453,"contactSatisfaction_count":235,"autonomy_count":3475}}
