{"data":{"satisfaction":9.059492563429572,"comprehension":8.877970749542962,"contact":3.4671532846715327,"contact_reachability":0.5255474452554745,"contact_satisfaction":6.597222222222222,"autonomy":7.807339449541284},"metadata":{"satisfaction_count":1143,"comprehension_count":1094,"contact_count":137,"contactReachability_count":137,"contactSatisfaction_count":72,"autonomy_count":1090}}
