{"data":{"satisfaction":6.063432835820896,"comprehension":5.938685208596713,"contact":4.801980198019802,"contact_reachability":0.7623318385650224,"contact_satisfaction":6.510067114093959,"autonomy":4.355555555555555},"metadata":{"satisfaction_count":1072,"comprehension_count":791,"contact_count":202,"contactReachability_count":223,"contactSatisfaction_count":149,"autonomy_count":675}}
