{"data":{"satisfaction":5.130255941499086,"comprehension":5.528785982478098,"contact":4.538071065989848,"contact_reachability":0.7015468607825296,"contact_satisfaction":6.80365296803653,"autonomy":4.667157946450503},"metadata":{"satisfaction_count":6564,"comprehension_count":4794,"contact_count":985,"contactReachability_count":1099,"contactSatisfaction_count":657,"autonomy_count":4071}}
