{"data":{"satisfaction":8.631051752921536,"comprehension":8.373101952277658,"contact":5.833333333333333,"contact_reachability":0.7083333333333334,"contact_satisfaction":8.235294117647058,"autonomy":6.133333333333334},"metadata":{"satisfaction_count":599,"comprehension_count":461,"contact_count":96,"contactReachability_count":96,"contactSatisfaction_count":68,"autonomy_count":450}}
