{"data":{"satisfaction":8.185096153846153,"comprehension":8.005878712871286,"contact":5.843465045592705,"contact_reachability":0.7469879518072289,"contact_satisfaction":7.846938775510204,"autonomy":6.05111821086262},"metadata":{"satisfaction_count":2080,"comprehension_count":1616,"contact_count":329,"contactReachability_count":332,"contactSatisfaction_count":245,"autonomy_count":1565}}
