{"data":{"satisfaction":8.252118644067796,"comprehension":8.064066852367688,"contact":6.590909090909091,"contact_reachability":0.803030303030303,"contact_satisfaction":8.20754716981132,"autonomy":6.540697674418604},"metadata":{"satisfaction_count":472,"comprehension_count":359,"contact_count":66,"contactReachability_count":66,"contactSatisfaction_count":53,"autonomy_count":344}}
