{"data":{"satisfaction":7.93141592920354,"comprehension":8.01510989010989,"contact":5.632911392405063,"contact_reachability":0.775,"contact_satisfaction":7.295081967213115,"autonomy":5.930232558139535},"metadata":{"satisfaction_count":452,"comprehension_count":364,"contact_count":79,"contactReachability_count":80,"contactSatisfaction_count":61,"autonomy_count":344}}
