{"data":{"satisfaction":8.3377308707124,"comprehension":8.043103448275861,"contact":7.098214285714286,"contact_reachability":0.8571428571428571,"contact_satisfaction":8.28125,"autonomy":6.423357664233577},"metadata":{"satisfaction_count":379,"comprehension_count":290,"contact_count":56,"contactReachability_count":56,"contactSatisfaction_count":48,"autonomy_count":274}}
