{"data":{"satisfaction":8.35125448028674,"comprehension":8.106575963718821,"contact":5.405405405405405,"contact_reachability":0.6756756756756757,"contact_satisfaction":8,"autonomy":5.566037735849057},"metadata":{"satisfaction_count":558,"comprehension_count":441,"contact_count":111,"contactReachability_count":111,"contactSatisfaction_count":75,"autonomy_count":424}}
