{"data":{"satisfaction":8.150313152400836,"comprehension":7.930164630908125,"contact":5.305486284289277,"contact_reachability":0.6904176904176904,"contact_satisfaction":7.736363636363636,"autonomy":5.905776780706674},"metadata":{"satisfaction_count":2395,"comprehension_count":1883,"contact_count":401,"contactReachability_count":407,"contactSatisfaction_count":275,"autonomy_count":1783}}
