{"data":{"satisfaction":8.206185567010309,"comprehension":7.934491978609626,"contact":6.349206349206349,"contact_reachability":0.7777777777777778,"contact_satisfaction":8.16326530612245,"autonomy":6.648044692737431},"metadata":{"satisfaction_count":485,"comprehension_count":374,"contact_count":63,"contactReachability_count":63,"contactSatisfaction_count":49,"autonomy_count":358}}
