{"data":{"satisfaction":8.232476046394352,"comprehension":8.058631921824103,"contact":5.825396825396825,"contact_reachability":0.7421383647798742,"contact_satisfaction":7.875536480686695,"autonomy":6.039004707464694},"metadata":{"satisfaction_count":1983,"comprehension_count":1535,"contact_count":315,"contactReachability_count":318,"contactSatisfaction_count":233,"autonomy_count":1487}}
