{"data":{"satisfaction":8.153266331658292,"comprehension":7.9288758657432075,"contact":5.328282828282828,"contact_reachability":0.6915422885572139,"contact_satisfaction":7.757352941176471,"autonomy":5.9111361079865015},"metadata":{"satisfaction_count":2388,"comprehension_count":1877,"contact_count":396,"contactReachability_count":402,"contactSatisfaction_count":272,"autonomy_count":1778}}
