{"data":{"satisfaction":8.106223175965665,"comprehension":7.94238683127572,"contact":5.989761092150171,"contact_reachability":0.7687074829931972,"contact_satisfaction":7.8,"autonomy":6.156583629893238},"metadata":{"satisfaction_count":1864,"comprehension_count":1458,"contact_count":293,"contactReachability_count":294,"contactSatisfaction_count":225,"autonomy_count":1405}}
