{"data":{"satisfaction":8.227848101265822,"comprehension":7.99654305468259,"contact":5.784023668639053,"contact_reachability":0.7243401759530792,"contact_satisfaction":8.012295081967213,"autonomy":5.959792477302205},"metadata":{"satisfaction_count":2054,"comprehension_count":1591,"contact_count":338,"contactReachability_count":341,"contactSatisfaction_count":244,"autonomy_count":1542}}
