{"data":{"satisfaction":8.37696335078534,"comprehension":8.204545454545455,"contact":5.65934065934066,"contact_reachability":0.7362637362637363,"contact_satisfaction":7.686567164179104,"autonomy":6.077981651376147},"metadata":{"satisfaction_count":573,"comprehension_count":440,"contact_count":91,"contactReachability_count":91,"contactSatisfaction_count":67,"autonomy_count":436}}
