{"data":{"satisfaction":8.217349857006672,"comprehension":8.004615384615384,"contact":5.797101449275362,"contact_reachability":0.7270114942528736,"contact_satisfaction":8,"autonomy":5.956770502225048},"metadata":{"satisfaction_count":2098,"comprehension_count":1625,"contact_count":345,"contactReachability_count":348,"contactSatisfaction_count":250,"autonomy_count":1573}}
