{"data":{"satisfaction":7.6849894291754755,"comprehension":7.676240208877284,"contact":5.714285714285714,"contact_reachability":0.788235294117647,"contact_satisfaction":7.2727272727272725,"autonomy":5.900277008310249},"metadata":{"satisfaction_count":473,"comprehension_count":383,"contact_count":84,"contactReachability_count":85,"contactSatisfaction_count":66,"autonomy_count":361}}
