{"data":{"satisfaction":8.656093489148581,"comprehension":8.38937093275488,"contact":5.894736842105263,"contact_reachability":0.7157894736842105,"contact_satisfaction":8.235294117647058,"autonomy":6.1915367483296215},"metadata":{"satisfaction_count":599,"comprehension_count":461,"contact_count":95,"contactReachability_count":95,"contactSatisfaction_count":68,"autonomy_count":449}}
