{"data":{"satisfaction":7.759515570934256,"comprehension":7.5963597430406855,"contact":5.755208333333333,"contact_reachability":0.7395833333333334,"contact_satisfaction":7.78169014084507,"autonomy":6.057906458797327},"metadata":{"satisfaction_count":578,"comprehension_count":467,"contact_count":96,"contactReachability_count":96,"contactSatisfaction_count":71,"autonomy_count":449}}
