{"data":{"satisfaction":6.192660550458716,"comprehension":6.3915094339622645,"contact":3.6842105263157894,"contact_reachability":0.5789473684210527,"contact_satisfaction":6.363636363636363,"autonomy":4.215686274509804},"metadata":{"satisfaction_count":109,"comprehension_count":106,"contact_count":38,"contactReachability_count":38,"contactSatisfaction_count":22,"autonomy_count":102}}
