{"data":{"satisfaction":3.0551181102362204,"comprehension":3.9744801512287333,"contact":1.9943820224719102,"contact_reachability":0.4,"contact_satisfaction":5.071428571428571,"autonomy":4.40389294403893},"metadata":{"satisfaction_count":635,"comprehension_count":529,"contact_count":89,"contactReachability_count":90,"contactSatisfaction_count":35,"autonomy_count":411}}
