{"data":{"satisfaction":2.9393939393939394,"comprehension":4.4425675675675675,"contact":1.6666666666666667,"contact_reachability":0.32,"contact_satisfaction":5.714285714285714,"autonomy":4.504504504504505},"metadata":{"satisfaction_count":165,"comprehension_count":148,"contact_count":24,"contactReachability_count":25,"contactSatisfaction_count":7,"autonomy_count":111}}
