{"data":{"satisfaction":2.994350282485876,"comprehension":4.4145569620253164,"contact":2.1153846153846154,"contact_reachability":0.37037037037037035,"contact_satisfaction":6.111111111111111,"autonomy":4.453781512605042},"metadata":{"satisfaction_count":177,"comprehension_count":158,"contact_count":26,"contactReachability_count":27,"contactSatisfaction_count":9,"autonomy_count":119}}
