{"data":{"satisfaction":2.9281767955801103,"comprehension":4.187898089171974,"contact":2.1551724137931036,"contact_reachability":0.36666666666666664,"contact_satisfaction":6.25,"autonomy":4.508196721311475},"metadata":{"satisfaction_count":181,"comprehension_count":157,"contact_count":29,"contactReachability_count":30,"contactSatisfaction_count":10,"autonomy_count":122}}
