{"data":{"satisfaction":3.067484662576687,"comprehension":4.08273381294964,"contact":2.9464285714285716,"contact_reachability":0.5172413793103449,"contact_satisfaction":5.892857142857143,"autonomy":4.9523809523809526},"metadata":{"satisfaction_count":163,"comprehension_count":139,"contact_count":28,"contactReachability_count":29,"contactSatisfaction_count":14,"autonomy_count":105}}
