{"data":{"satisfaction":2.9186602870813396,"comprehension":3.8330170777988615,"contact":2.2,"contact_reachability":0.38235294117647056,"contact_satisfaction":5.945945945945946,"autonomy":4.395061728395062},"metadata":{"satisfaction_count":627,"comprehension_count":527,"contact_count":100,"contactReachability_count":102,"contactSatisfaction_count":37,"autonomy_count":405}}
