{"data":{"satisfaction":2.945736434108527,"comprehension":4.521739130434782,"contact":1.8421052631578947,"contact_reachability":0.35,"contact_satisfaction":5.833333333333333,"autonomy":4.512195121951219},"metadata":{"satisfaction_count":129,"comprehension_count":115,"contact_count":19,"contactReachability_count":20,"contactSatisfaction_count":6,"autonomy_count":82}}
