{"data":{"satisfaction":3.052325581395349,"comprehension":4.030612244897959,"contact":3.3333333333333335,"contact_reachability":0.5416666666666666,"contact_satisfaction":6.153846153846154,"autonomy":5},"metadata":{"satisfaction_count":172,"comprehension_count":147,"contact_count":24,"contactReachability_count":24,"contactSatisfaction_count":13,"autonomy_count":108}}
