{"data":{"satisfaction":3.0338733431516935,"comprehension":3.9601769911504423,"contact":2.0408163265306123,"contact_reachability":0.4,"contact_satisfaction":5.2631578947368425,"autonomy":4.4343891402714934},"metadata":{"satisfaction_count":679,"comprehension_count":565,"contact_count":98,"contactReachability_count":100,"contactSatisfaction_count":38,"autonomy_count":442}}
