{"data":{"satisfaction":4.2272727272727275,"comprehension":3.892988929889299,"contact":2.7232142857142856,"contact_reachability":0.48214285714285715,"contact_satisfaction":5.648148148148148,"autonomy":5.5},"metadata":{"satisfaction_count":770,"comprehension_count":542,"contact_count":56,"contactReachability_count":56,"contactSatisfaction_count":27,"autonomy_count":400}}
