{"data":{"satisfaction":4.3070362473347545,"comprehension":3.9656446250461768,"contact":2.3076923076923075,"contact_reachability":0.4583333333333333,"contact_satisfaction":5.128205128205129,"autonomy":5.63441905687895},"metadata":{"satisfaction_count":3752,"comprehension_count":2707,"contact_count":260,"contactReachability_count":264,"contactSatisfaction_count":117,"autonomy_count":2057}}
