{"data":{"satisfaction":4.1682974559686885,"comprehension":3.977882037533512,"contact":1.875,"contact_reachability":0.3684210526315789,"contact_satisfaction":5.089285714285714,"autonomy":5.734767025089606},"metadata":{"satisfaction_count":1022,"comprehension_count":746,"contact_count":76,"contactReachability_count":76,"contactSatisfaction_count":28,"autonomy_count":558}}
