{"data":{"satisfaction":4.099502487562189,"comprehension":3.8804945054945055,"contact":2.3026315789473686,"contact_reachability":0.4342105263157895,"contact_satisfaction":5.303030303030303,"autonomy":5.646630236794171},"metadata":{"satisfaction_count":1005,"comprehension_count":728,"contact_count":76,"contactReachability_count":76,"contactSatisfaction_count":33,"autonomy_count":549}}
