{"data":{"satisfaction":4.310148232611175,"comprehension":3.927986906710311,"contact":3.6607142857142856,"contact_reachability":0.6428571428571429,"contact_satisfaction":5.694444444444445,"autonomy":5.5119825708061},"metadata":{"satisfaction_count":877,"comprehension_count":611,"contact_count":56,"contactReachability_count":56,"contactSatisfaction_count":36,"autonomy_count":459}}
