{"data":{"satisfaction":4.392570281124498,"comprehension":4.098639455782313,"contact":1.6666666666666667,"contact_reachability":0.36046511627906974,"contact_satisfaction":4.827586206896552,"autonomy":5.770609318996415},"metadata":{"satisfaction_count":996,"comprehension_count":735,"contact_count":84,"contactReachability_count":86,"contactSatisfaction_count":29,"autonomy_count":558}}
