{"data":{"satisfaction":4.303850446428571,"comprehension":3.9636504253673626,"contact":2.3868312757201644,"contact_reachability":0.47368421052631576,"contact_satisfaction":5.132743362831858,"autonomy":5.652615540883697},"metadata":{"satisfaction_count":3584,"comprehension_count":2586,"contact_count":243,"contactReachability_count":247,"contactSatisfaction_count":113,"autonomy_count":1969}}
