{"data":{"satisfaction":4.429567642956764,"comprehension":4.152751423149905,"contact":2.2389558232931726,"contact_reachability":0.4624505928853755,"contact_satisfaction":4.933628318584071,"autonomy":5.7114228456913825},"metadata":{"satisfaction_count":3585,"comprehension_count":2635,"contact_count":249,"contactReachability_count":253,"contactSatisfaction_count":113,"autonomy_count":1996}}
