{"data":{"satisfaction":4.418156808803301,"comprehension":4.137898686679175,"contact":2.283464566929134,"contact_reachability":0.4689922480620155,"contact_satisfaction":4.957264957264957,"autonomy":5.702274975272008},"metadata":{"satisfaction_count":3635,"comprehension_count":2665,"contact_count":254,"contactReachability_count":258,"contactSatisfaction_count":117,"autonomy_count":2022}}
