{"data":{"satisfaction":4.5260825093760655,"comprehension":4.222350230414746,"contact":2.127906976744186,"contact_reachability":0.4541284403669725,"contact_satisfaction":4.765625,"autonomy":5.709969788519637},"metadata":{"satisfaction_count":2933,"comprehension_count":2170,"contact_count":215,"contactReachability_count":218,"contactSatisfaction_count":96,"autonomy_count":1655}}
