{"data":{"satisfaction":4.346652267818574,"comprehension":3.9663093415007658,"contact":2.903225806451613,"contact_reachability":0.5,"contact_satisfaction":5.806451612903226,"autonomy":5.413223140495868},"metadata":{"satisfaction_count":926,"comprehension_count":653,"contact_count":62,"contactReachability_count":62,"contactSatisfaction_count":31,"autonomy_count":484}}
