{"data":{"satisfaction":4.537725823591924,"comprehension":4.12962962962963,"contact":1.3333333333333333,"contact_reachability":0.28888888888888886,"contact_satisfaction":4.615384615384615,"autonomy":5.31496062992126},"metadata":{"satisfaction_count":941,"comprehension_count":675,"contact_count":45,"contactReachability_count":45,"contactSatisfaction_count":13,"autonomy_count":508}}
