{"data":{"satisfaction":4.286775631500743,"comprehension":3.906119900083264,"contact":2.0424107142857144,"contact_reachability":0.4177777777777778,"contact_satisfaction":4.919354838709677,"autonomy":5.527777777777778},"metadata":{"satisfaction_count":3365,"comprehension_count":2402,"contact_count":224,"contactReachability_count":225,"contactSatisfaction_count":93,"autonomy_count":1800}}
