{"data":{"satisfaction":4.418859649122807,"comprehension":4.142990654205607,"contact":2.3137254901960786,"contact_reachability":0.47104247104247104,"contact_satisfaction":5,"autonomy":5.688976377952756},"metadata":{"satisfaction_count":3648,"comprehension_count":2675,"contact_count":255,"contactReachability_count":259,"contactSatisfaction_count":118,"autonomy_count":2032}}
