{"data":{"satisfaction":4.277715565509518,"comprehension":3.8995215311004783,"contact":3.225806451612903,"contact_reachability":0.5483870967741935,"contact_satisfaction":5.882352941176471,"autonomy":5.306553911205074},"metadata":{"satisfaction_count":893,"comprehension_count":627,"contact_count":62,"contactReachability_count":62,"contactSatisfaction_count":34,"autonomy_count":473}}
