{"data":{"satisfaction":8.461538461538462,"comprehension":7.976190476190476,"contact":6.666666666666667,"contact_reachability":0.6666666666666666,"contact_satisfaction":10,"autonomy":6.842105263157895},"metadata":{"satisfaction_count":26,"comprehension_count":21,"contact_count":6,"contactReachability_count":6,"contactSatisfaction_count":4,"autonomy_count":19}}
