{"data":{"satisfaction":8.197278911564625,"comprehension":7.788461538461538,"contact":6.25,"contact_reachability":0.8333333333333334,"contact_satisfaction":7.661290322580645,"autonomy":6.260162601626016},"metadata":{"satisfaction_count":147,"comprehension_count":130,"contact_count":38,"contactReachability_count":42,"contactSatisfaction_count":31,"autonomy_count":123}}
