{"data":{"satisfaction":8.267973856209151,"comprehension":7.794117647058823,"contact":6.5,"contact_reachability":0.8636363636363636,"contact_satisfaction":7.647058823529412,"autonomy":6.124031007751938},"metadata":{"satisfaction_count":153,"comprehension_count":136,"contact_count":40,"contactReachability_count":44,"contactSatisfaction_count":34,"autonomy_count":129}}
