{"data":{"satisfaction":6.055045871559633,"comprehension":5.946969696969697,"contact":3.6516533637400226,"contact_reachability":0.6374722838137472,"contact_satisfaction":5.822727272727272,"autonomy":3.823185011709602},"metadata":{"satisfaction_count":1962,"comprehension_count":1782,"contact_count":877,"contactReachability_count":902,"contactSatisfaction_count":550,"autonomy_count":1708}}
