{"data":{"satisfaction":5.070422535211268,"comprehension":5.443396226415095,"contact":3.1404958677685952,"contact_reachability":0.6260162601626016,"contact_satisfaction":5.066666666666666,"autonomy":4.274193548387097},"metadata":{"satisfaction_count":284,"comprehension_count":265,"contact_count":121,"contactReachability_count":123,"contactSatisfaction_count":75,"autonomy_count":248}}
