{"data":{"satisfaction":4.981325863678805,"comprehension":5.173292558613659,"contact":2.8747433264887063,"contact_reachability":0.6032388663967612,"contact_satisfaction":4.810996563573883,"autonomy":3.9608269858541894},"metadata":{"satisfaction_count":1071,"comprehension_count":981,"contact_count":487,"contactReachability_count":494,"contactSatisfaction_count":291,"autonomy_count":919}}
