{"data":{"satisfaction":4.3952802359882,"comprehension":4.975961538461538,"contact":2.9658385093167703,"contact_reachability":0.6086956521739131,"contact_satisfaction":4.872448979591836,"autonomy":4.027777777777778},"metadata":{"satisfaction_count":339,"comprehension_count":312,"contact_count":161,"contactReachability_count":161,"contactSatisfaction_count":98,"autonomy_count":288}}
