{"data":{"satisfaction":6.024875621890548,"comprehension":5.915800984144341,"contact":3.6315496098104796,"contact_reachability":0.6399132321041214,"contact_satisfaction":5.765486725663717,"autonomy":3.8220193953223047},"metadata":{"satisfaction_count":2010,"comprehension_count":1829,"contact_count":897,"contactReachability_count":922,"contactSatisfaction_count":565,"autonomy_count":1753}}
