{"data":{"satisfaction":4.39882697947214,"comprehension":4.968152866242038,"contact":2.972560975609756,"contact_reachability":0.6097560975609756,"contact_satisfaction":4.875,"autonomy":3.9655172413793105},"metadata":{"satisfaction_count":341,"comprehension_count":314,"contact_count":164,"contactReachability_count":164,"contactSatisfaction_count":100,"autonomy_count":290}}
