{"data":{"satisfaction":5.708613317043372,"comprehension":5.570469798657718,"contact":3.4253028263795424,"contact_reachability":0.6425755584756899,"contact_satisfaction":5.40339702760085,"autonomy":3.866481223922114},"metadata":{"satisfaction_count":1637,"comprehension_count":1490,"contact_count":743,"contactReachability_count":761,"contactSatisfaction_count":471,"autonomy_count":1438}}
