{"data":{"satisfaction":4.981395348837209,"comprehension":5.1725888324873095,"contact":2.877551020408163,"contact_reachability":0.6036217303822937,"contact_satisfaction":4.812286689419795,"autonomy":3.9544962080173347},"metadata":{"satisfaction_count":1075,"comprehension_count":985,"contact_count":490,"contactReachability_count":497,"contactSatisfaction_count":293,"autonomy_count":923}}
