{"data":{"satisfaction":4.214743589743589,"comprehension":4.348591549295775,"contact":1.994535519125683,"contact_reachability":0.4918032786885246,"contact_satisfaction":4.055555555555555,"autonomy":3.2706766917293235},"metadata":{"satisfaction_count":312,"comprehension_count":284,"contact_count":183,"contactReachability_count":183,"contactSatisfaction_count":90,"autonomy_count":266}}
