{"data":{"satisfaction":6.12615051434759,"comprehension":5.994047619047619,"contact":3.6543062200956937,"contact_reachability":0.6399535423925667,"contact_satisfaction":5.807984790874524,"autonomy":3.800371977681339},"metadata":{"satisfaction_count":1847,"comprehension_count":1680,"contact_count":836,"contactReachability_count":861,"contactSatisfaction_count":526,"autonomy_count":1613}}
