{"data":{"satisfaction":4.887640449438202,"comprehension":5.051020408163265,"contact":2.3958333333333335,"contact_reachability":0.525,"contact_satisfaction":4.563492063492063,"autonomy":3.9035087719298245},"metadata":{"satisfaction_count":267,"comprehension_count":245,"contact_count":120,"contactReachability_count":120,"contactSatisfaction_count":63,"autonomy_count":228}}
