{"data":{"satisfaction":4.5394736842105265,"comprehension":4.86266531027467,"contact":2.4712092130518233,"contact_reachability":0.5640535372848948,"contact_satisfaction":4.3941979522184305,"autonomy":3.7677984665936473},"metadata":{"satisfaction_count":1064,"comprehension_count":983,"contact_count":521,"contactReachability_count":523,"contactSatisfaction_count":293,"autonomy_count":913}}
