{"data":{"satisfaction":6.023856858846918,"comprehension":5.914800655379574,"contact":3.6275055679287305,"contact_reachability":0.6392199349945829,"contact_satisfaction":5.765486725663717,"autonomy":3.8198403648802737},"metadata":{"satisfaction_count":2012,"comprehension_count":1831,"contact_count":898,"contactReachability_count":923,"contactSatisfaction_count":565,"autonomy_count":1754}}
