{"data":{"satisfaction":4.895397489539749,"comprehension":5.257847533632287,"contact":2.958715596330275,"contact_reachability":0.6330275229357798,"contact_satisfaction":4.673913043478261,"autonomy":4.238095238095238},"metadata":{"satisfaction_count":239,"comprehension_count":223,"contact_count":109,"contactReachability_count":109,"contactSatisfaction_count":69,"autonomy_count":210}}
