{"data":{"satisfaction":4.833333333333333,"comprehension":5.0295275590551185,"contact":2.3706896551724137,"contact_reachability":0.5775862068965517,"contact_satisfaction":4.104477611940299,"autonomy":3.776824034334764},"metadata":{"satisfaction_count":270,"comprehension_count":254,"contact_count":116,"contactReachability_count":116,"contactSatisfaction_count":67,"autonomy_count":233}}
