{"data":{"satisfaction":8.885720105927888,"comprehension":8.666519726691646,"contact":3.832684824902724,"contact_reachability":0.5547169811320755,"contact_satisfaction":7.086330935251799,"autonomy":8.26642745010092},"metadata":{"satisfaction_count":4909,"comprehension_count":4537,"contact_count":257,"contactReachability_count":265,"contactSatisfaction_count":139,"autonomy_count":4459}}
