{"data":{"satisfaction":8.83660573234033,"comprehension":8.676122073902109,"contact":3.8221153846153846,"contact_reachability":0.5459544383346425,"contact_satisfaction":7.119402985074627,"autonomy":8.183036378976624},"metadata":{"satisfaction_count":22155,"comprehension_count":20676,"contact_count":1248,"contactReachability_count":1273,"contactSatisfaction_count":670,"autonomy_count":20149}}
