{"data":{"satisfaction":8.972757244490717,"comprehension":8.74719940253921,"contact":3.738244514106583,"contact_reachability":0.4953271028037383,"contact_satisfaction":7.595541401273885,"autonomy":8.3438757906843},"metadata":{"satisfaction_count":5763,"comprehension_count":5356,"contact_count":319,"contactReachability_count":321,"contactSatisfaction_count":157,"autonomy_count":5217}}
