{"data":{"satisfaction":8.838275056138581,"comprehension":8.676470588235293,"contact":3.7950819672131146,"contact_reachability":0.5421686746987951,"contact_satisfaction":7.123076923076923,"autonomy":8.21645109135004},"metadata":{"satisfaction_count":21821,"comprehension_count":20366,"contact_count":1220,"contactReachability_count":1245,"contactSatisfaction_count":650,"autonomy_count":19792}}
