{"data":{"satisfaction":8.969602680708473,"comprehension":8.731227343345417,"contact":4.015837104072398,"contact_reachability":0.545045045045045,"contact_satisfaction":7.395833333333333,"autonomy":8.334211913547707},"metadata":{"satisfaction_count":4178,"comprehension_count":3862,"contact_count":221,"contactReachability_count":222,"contactSatisfaction_count":120,"autonomy_count":3794}}
