{"data":{"satisfaction":8.916435506241331,"comprehension":8.720249163257717,"contact":3.9453125,"contact_reachability":0.5482866043613707,"contact_satisfaction":7.214285714285714,"autonomy":8.22892938496583},"metadata":{"satisfaction_count":5768,"comprehension_count":5378,"contact_count":320,"contactReachability_count":321,"contactSatisfaction_count":175,"autonomy_count":5268}}
