{"data":{"satisfaction":8.881993896236013,"comprehension":8.686729753521126,"contact":4.008474576271187,"contact_reachability":0.564625850340136,"contact_satisfaction":7.080838323353293,"autonomy":8.154257690592956},"metadata":{"satisfaction_count":4915,"comprehension_count":4544,"contact_count":295,"contactReachability_count":294,"contactSatisfaction_count":167,"autonomy_count":4486}}
