{"data":{"satisfaction":8.83711507293355,"comprehension":8.67613005933716,"contact":3.824,"contact_reachability":0.5458823529411765,"contact_satisfaction":7.123695976154993,"autonomy":8.185689527110672},"metadata":{"satisfaction_count":22212,"comprehension_count":20729,"contact_count":1250,"contactReachability_count":1275,"contactSatisfaction_count":671,"autonomy_count":20195}}
