{"data":{"satisfaction":8.821487603305785,"comprehension":8.662289760991444,"contact":3.74397299903568,"contact_reachability":0.5405921680993314,"contact_satisfaction":6.982913669064748,"autonomy":8.113264323543573},"metadata":{"satisfaction_count":18150,"comprehension_count":16945,"contact_count":1037,"contactReachability_count":1047,"contactSatisfaction_count":556,"autonomy_count":16616}}
