{"data":{"satisfaction":8.900486130969403,"comprehension":8.69331484904498,"contact":3.7967914438502675,"contact_reachability":0.538135593220339,"contact_satisfaction":7.114228456913827,"autonomy":8.28490387645761},"metadata":{"satisfaction_count":17485,"comprehension_count":16230,"contact_count":935,"contactReachability_count":944,"contactSatisfaction_count":499,"autonomy_count":15865}}
