{"data":{"satisfaction":8.87170397707959,"comprehension":8.68918422984167,"contact":3.665657439446367,"contact_reachability":0.5191489361702127,"contact_satisfaction":7.17005076142132,"autonomy":8.24793388429752},"metadata":{"satisfaction_count":20593,"comprehension_count":19074,"contact_count":1156,"contactReachability_count":1175,"contactSatisfaction_count":591,"autonomy_count":18755}}
