{"data":{"satisfaction":8.939288206559665,"comprehension":8.737633003546762,"contact":3.7908496732026142,"contact_reachability":0.5275080906148867,"contact_satisfaction":7.25,"autonomy":8.267402054012933},"metadata":{"satisfaction_count":5732,"comprehension_count":5357,"contact_count":306,"contactReachability_count":309,"contactSatisfaction_count":160,"autonomy_count":5258}}
