{"data":{"satisfaction":8.847419885758544,"comprehension":8.688693519774601,"contact":3.663793103448276,"contact_reachability":0.5203735144312394,"contact_satisfaction":7.142857142857143,"autonomy":8.084995573147232},"metadata":{"satisfaction_count":20658,"comprehension_count":19166,"contact_count":1160,"contactReachability_count":1178,"contactSatisfaction_count":595,"autonomy_count":19201}}
