{"data":{"satisfaction":8.944255063164228,"comprehension":8.699023861171366,"contact":3.902877697841727,"contact_reachability":0.5412186379928315,"contact_satisfaction":7.233333333333333,"autonomy":8.304635761589404},"metadata":{"satisfaction_count":4987,"comprehension_count":4610,"contact_count":278,"contactReachability_count":279,"contactSatisfaction_count":150,"autonomy_count":4530}}
