{"data":{"satisfaction":8.835502958579882,"comprehension":8.636190233977619,"contact":3.3726415094339623,"contact_reachability":0.49767441860465117,"contact_satisfaction":6.875,"autonomy":8.241127348643007},"metadata":{"satisfaction_count":4225,"comprehension_count":3932,"contact_count":212,"contactReachability_count":215,"contactSatisfaction_count":104,"autonomy_count":3832}}
