{"data":{"satisfaction":8.870066451872734,"comprehension":8.687744671596347,"contact":3.6641391614629795,"contact_reachability":0.5188762071992976,"contact_satisfaction":7.168411867364747,"autonomy":8.243886245435432},"metadata":{"satisfaction_count":19864,"comprehension_count":18392,"contact_count":1121,"contactReachability_count":1139,"contactSatisfaction_count":573,"autonomy_count":18074}}
