{"data":{"satisfaction":8.850740036189858,"comprehension":8.687559377968899,"contact":3.6792452830188678,"contact_reachability":0.5213882163034705,"contact_satisfaction":7.164536741214057,"autonomy":8.190322091318198},"metadata":{"satisfaction_count":21553,"comprehension_count":19999,"contact_count":1219,"contactReachability_count":1239,"contactSatisfaction_count":626,"autonomy_count":19777}}
