{"data":{"satisfaction":8.889600683322657,"comprehension":8.685638420688063,"contact":3.760869565217391,"contact_reachability":0.5569620253164557,"contact_satisfaction":6.92,"autonomy":8.291139240506329},"metadata":{"satisfaction_count":4683,"comprehension_count":4331,"contact_count":230,"contactReachability_count":237,"contactSatisfaction_count":125,"autonomy_count":4266}}
