{"data":{"satisfaction":4.910377358490566,"comprehension":4.540372670807454,"contact":3.9684014869888475,"contact_reachability":0.6766256590509666,"contact_satisfaction":6.031073446327683,"autonomy":3.4123563218390807},"metadata":{"satisfaction_count":2120,"comprehension_count":1610,"contact_count":538,"contactReachability_count":569,"contactSatisfaction_count":354,"autonomy_count":1392}}
