{"data":{"satisfaction":5.227617602427921,"comprehension":5.033524904214559,"contact":4.973118279569892,"contact_reachability":0.7202072538860104,"contact_satisfaction":7.007575757575758,"autonomy":3.3832976445396143},"metadata":{"satisfaction_count":659,"comprehension_count":522,"contact_count":186,"contactReachability_count":193,"contactSatisfaction_count":132,"autonomy_count":467}}
