{"data":{"satisfaction":5.181818181818182,"comprehension":5.167364016736402,"contact":4.367647058823529,"contact_reachability":0.6871508379888268,"contact_satisfaction":6.5131578947368425,"autonomy":3.6778846153846154},"metadata":{"satisfaction_count":605,"comprehension_count":478,"contact_count":170,"contactReachability_count":179,"contactSatisfaction_count":114,"autonomy_count":416}}
