{"data":{"satisfaction":5.210355987055016,"comprehension":5.010416666666667,"contact":4.261006289308176,"contact_reachability":0.6923076923076923,"contact_satisfaction":6.331775700934579,"autonomy":3.4047619047619047},"metadata":{"satisfaction_count":618,"comprehension_count":480,"contact_count":159,"contactReachability_count":169,"contactSatisfaction_count":107,"autonomy_count":420}}
