{"data":{"satisfaction":5.038060897435898,"comprehension":4.766270661157025,"contact":4.264931087289433,"contact_reachability":0.6908831908831908,"contact_satisfaction":6.387614678899083,"autonomy":3.5080405002977963},"metadata":{"satisfaction_count":2496,"comprehension_count":1936,"contact_count":653,"contactReachability_count":702,"contactSatisfaction_count":436,"autonomy_count":1679}}
