{"data":{"satisfaction":4.98212157330155,"comprehension":4.657676348547718,"contact":4.203821656050955,"contact_reachability":0.6883308714918759,"contact_satisfaction":6.330935251798561,"autonomy":3.4636199639206255},"metadata":{"satisfaction_count":2517,"comprehension_count":1928,"contact_count":628,"contactReachability_count":677,"contactSatisfaction_count":417,"autonomy_count":1663}}
