{"data":{"satisfaction":5.08595988538682,"comprehension":4.808743169398907,"contact":4.102564102564102,"contact_reachability":0.688622754491018,"contact_satisfaction":6.153846153846154,"autonomy":3.6210526315789475},"metadata":{"satisfaction_count":698,"comprehension_count":549,"contact_count":156,"contactReachability_count":167,"contactSatisfaction_count":104,"autonomy_count":475}}
