{"data":{"satisfaction":5.098947368421053,"comprehension":5.022582359192349,"contact":4.634340222575517,"contact_reachability":0.7149321266968326,"contact_satisfaction":6.625,"autonomy":3.6275695284159615},"metadata":{"satisfaction_count":2375,"comprehension_count":1882,"contact_count":629,"contactReachability_count":663,"contactSatisfaction_count":440,"autonomy_count":1654}}
