{"data":{"satisfaction":5.307308970099668,"comprehension":5.153927813163482,"contact":4.23469387755102,"contact_reachability":0.6708860759493671,"contact_satisfaction":6.552631578947368,"autonomy":3.6496350364963503},"metadata":{"satisfaction_count":602,"comprehension_count":471,"contact_count":147,"contactReachability_count":158,"contactSatisfaction_count":95,"autonomy_count":411}}
