{"data":{"satisfaction":5.107361963190184,"comprehension":4.995136186770428,"contact":4.524456521739131,"contact_reachability":0.7040816326530612,"contact_satisfaction":6.607142857142857,"autonomy":3.6444444444444444},"metadata":{"satisfaction_count":652,"comprehension_count":514,"contact_count":184,"contactReachability_count":196,"contactSatisfaction_count":126,"autonomy_count":450}}
