{"data":{"satisfaction":5.090909090909091,"comprehension":5.034642032332563,"contact":4.522292993630574,"contact_reachability":0.703030303030303,"contact_satisfaction":6.574074074074074,"autonomy":3.6339522546419096},"metadata":{"satisfaction_count":550,"comprehension_count":433,"contact_count":157,"contactReachability_count":165,"contactSatisfaction_count":108,"autonomy_count":377}}
