{"data":{"satisfaction":5.047582794061667,"comprehension":4.763943248532289,"contact":4.31185944363104,"contact_reachability":0.6929347826086957,"contact_satisfaction":6.444201312910285,"autonomy":3.515801354401806},"metadata":{"satisfaction_count":2627,"comprehension_count":2044,"contact_count":683,"contactReachability_count":736,"contactSatisfaction_count":457,"autonomy_count":1772}}
