{"data":{"satisfaction":5.126098586167367,"comprehension":4.922216820612543,"contact":4.698972099853157,"contact_reachability":0.7209944751381215,"contact_satisfaction":6.680584551148225,"autonomy":3.561030235162374},"metadata":{"satisfaction_count":2617,"comprehension_count":2057,"contact_count":681,"contactReachability_count":724,"contactSatisfaction_count":479,"autonomy_count":1786}}
