{"data":{"satisfaction":4.98605577689243,"comprehension":4.660686427457098,"contact":4.203821656050955,"contact_reachability":0.6883308714918759,"contact_satisfaction":6.330935251798561,"autonomy":3.452021726010863},"metadata":{"satisfaction_count":2510,"comprehension_count":1923,"contact_count":628,"contactReachability_count":677,"contactSatisfaction_count":417,"autonomy_count":1657}}
