{"data":{"satisfaction":7.914507772020725,"comprehension":8.232876712328768,"contact":2.6953125,"contact_reachability":0.46153846153846156,"contact_satisfaction":5.948275862068965,"autonomy":6.610169491525424},"metadata":{"satisfaction_count":386,"comprehension_count":365,"contact_count":64,"contactReachability_count":65,"contactSatisfaction_count":29,"autonomy_count":354}}
