{"data":{"satisfaction":8.00925925925926,"comprehension":8.466981132075471,"contact":3.0434782608695654,"contact_reachability":0.5652173913043478,"contact_satisfaction":5.384615384615385,"autonomy":6.633663366336633},"metadata":{"satisfaction_count":108,"comprehension_count":106,"contact_count":23,"contactReachability_count":23,"contactSatisfaction_count":13,"autonomy_count":101}}
