{"data":{"satisfaction":7.987804878048781,"comprehension":8.271103896103897,"contact":2.909090909090909,"contact_reachability":0.48214285714285715,"contact_satisfaction":6.153846153846154,"autonomy":6.758620689655173},"metadata":{"satisfaction_count":328,"comprehension_count":308,"contact_count":55,"contactReachability_count":56,"contactSatisfaction_count":26,"autonomy_count":290}}
