{"data":{"satisfaction":7.580645161290323,"comprehension":7.911764705882353,"contact":1.6666666666666667,"contact_reachability":0.4,"contact_satisfaction":4.166666666666667,"autonomy":6.352941176470588},"metadata":{"satisfaction_count":93,"comprehension_count":85,"contact_count":15,"contactReachability_count":15,"contactSatisfaction_count":6,"autonomy_count":85}}
