{"data":{"satisfaction":8,"comprehension":8.325958702064897,"contact":2.7586206896551726,"contact_reachability":0.4576271186440678,"contact_satisfaction":6.153846153846154,"autonomy":6.802507836990595},"metadata":{"satisfaction_count":360,"comprehension_count":339,"contact_count":58,"contactReachability_count":59,"contactSatisfaction_count":26,"autonomy_count":319}}
