{"data":{"satisfaction":7.7227722772277225,"comprehension":8.03191489361702,"contact":1.9736842105263157,"contact_reachability":0.3684210526315789,"contact_satisfaction":5.357142857142857,"autonomy":6.170212765957447},"metadata":{"satisfaction_count":101,"comprehension_count":94,"contact_count":19,"contactReachability_count":19,"contactSatisfaction_count":7,"autonomy_count":94}}
