{"data":{"satisfaction":7.894088669950739,"comprehension":8.226439790575917,"contact":2.6470588235294117,"contact_reachability":0.4492753623188406,"contact_satisfaction":6,"autonomy":6.639566395663957},"metadata":{"satisfaction_count":406,"comprehension_count":382,"contact_count":68,"contactReachability_count":69,"contactSatisfaction_count":30,"autonomy_count":369}}
