{"data":{"satisfaction":9.60328947368421,"comprehension":9.457393830405312,"contact":6.237288135593221,"contact_reachability":0.745819397993311,"contact_satisfaction":8.401826484018265,"autonomy":8.805437319785803},"metadata":{"satisfaction_count":7600,"comprehension_count":7229,"contact_count":295,"contactReachability_count":299,"contactSatisfaction_count":219,"autonomy_count":7283}}
