{"data":{"satisfaction":9.638316527838667,"comprehension":9.47682423129876,"contact":5.631868131868132,"contact_reachability":0.717391304347826,"contact_satisfaction":7.884615384615385,"autonomy":8.896520146520146},"metadata":{"satisfaction_count":2281,"comprehension_count":2179,"contact_count":91,"contactReachability_count":92,"contactSatisfaction_count":65,"autonomy_count":2184}}
