{"data":{"satisfaction":9.582804280790858,"comprehension":9.40542088184768,"contact":5.747950819672131,"contact_reachability":0.7154471544715447,"contact_satisfaction":8.060344827586206,"autonomy":8.809569747250627},"metadata":{"satisfaction_count":5513,"comprehension_count":5239,"contact_count":244,"contactReachability_count":246,"contactSatisfaction_count":174,"autonomy_count":5183}}
