{"data":{"satisfaction":9.70573566084788,"comprehension":9.491347666491873,"contact":6.3175675675675675,"contact_reachability":0.7466666666666667,"contact_satisfaction":8.5,"autonomy":8.92090099528549},"metadata":{"satisfaction_count":2005,"comprehension_count":1907,"contact_count":74,"contactReachability_count":75,"contactSatisfaction_count":55,"autonomy_count":1909}}
