{"data":{"satisfaction":9.596055514974434,"comprehension":9.418013856812934,"contact":6.076388888888889,"contact_reachability":0.7397260273972602,"contact_satisfaction":8.254716981132075,"autonomy":8.86430908241159},"metadata":{"satisfaction_count":6845,"comprehension_count":6495,"contact_count":288,"contactReachability_count":292,"contactSatisfaction_count":212,"autonomy_count":6419}}
