{"data":{"satisfaction":9.618132544961814,"comprehension":9.459092671578132,"contact":6.193693693693693,"contact_reachability":0.7455621301775148,"contact_satisfaction":8.350202429149798,"autonomy":8.861494772169872},"metadata":{"satisfaction_count":8118,"comprehension_count":7737,"contact_count":333,"contactReachability_count":338,"contactSatisfaction_count":247,"autonomy_count":7747}}
