{"data":{"satisfaction":9.583708370837083,"comprehension":9.47262859839547,"contact":6.827956989247312,"contact_reachability":0.8,"contact_satisfaction":8.58108108108108,"autonomy":8.770028275212065},"metadata":{"satisfaction_count":2222,"comprehension_count":2119,"contact_count":93,"contactReachability_count":95,"contactSatisfaction_count":74,"autonomy_count":2122}}
