{"data":{"satisfaction":9.600636435958632,"comprehension":9.419208850150854,"contact":5.917602996254682,"contact_reachability":0.7269372693726938,"contact_satisfaction":8.186528497409327,"autonomy":8.875297315664287},"metadata":{"satisfaction_count":6285,"comprehension_count":5966,"contact_count":267,"contactReachability_count":271,"contactSatisfaction_count":193,"autonomy_count":5886}}
