{"data":{"satisfaction":9.70316301703163,"comprehension":9.486721144024514,"contact":5.926966292134831,"contact_reachability":0.7111111111111111,"contact_satisfaction":8.373015873015873,"autonomy":8.88036809815951},"metadata":{"satisfaction_count":2055,"comprehension_count":1958,"contact_count":89,"contactReachability_count":90,"contactSatisfaction_count":63,"autonomy_count":1956}}
