{"data":{"satisfaction":9.59598318542737,"comprehension":9.414177879881851,"contact":5.959409594095941,"contact_reachability":0.730909090909091,"contact_satisfaction":8.197969543147208,"autonomy":8.865260009968432},"metadata":{"satisfaction_count":6423,"comprehension_count":6094,"contact_count":271,"contactReachability_count":275,"contactSatisfaction_count":197,"autonomy_count":6019}}
