{"data":{"satisfaction":9.629905613512172,"comprehension":9.452922917744438,"contact":5.9411764705882355,"contact_reachability":0.7176470588235294,"contact_satisfaction":8.278688524590164,"autonomy":8.894080996884735},"metadata":{"satisfaction_count":2013,"comprehension_count":1933,"contact_count":85,"contactReachability_count":85,"contactSatisfaction_count":61,"autonomy_count":1926}}
