{"data":{"satisfaction":9.486616937253181,"comprehension":9.416781927155371,"contact":5.747422680412371,"contact_reachability":0.6804123711340206,"contact_satisfaction":8.446969696969697,"autonomy":8.77475817595578},"metadata":{"satisfaction_count":2279,"comprehension_count":2169,"contact_count":97,"contactReachability_count":97,"contactSatisfaction_count":66,"autonomy_count":2171}}
