{"data":{"satisfaction":9.609777554354656,"comprehension":9.431066419687749,"contact":5.92443729903537,"contact_reachability":0.7278481012658228,"contact_satisfaction":8.188888888888888,"autonomy":8.894045882508951},"metadata":{"satisfaction_count":7957,"comprehension_count":7558,"contact_count":311,"contactReachability_count":316,"contactSatisfaction_count":225,"autonomy_count":7541}}
