{"data":{"satisfaction":9.595453025743899,"comprehension":9.41251540221792,"contact":5.852490421455939,"contact_reachability":0.720754716981132,"contact_satisfaction":8.168449197860962,"autonomy":8.835470085470085},"metadata":{"satisfaction_count":5982,"comprehension_count":5681,"contact_count":261,"contactReachability_count":265,"contactSatisfaction_count":187,"autonomy_count":5616}}
