{"data":{"satisfaction":9.619273099564884,"comprehension":9.462535249093595,"contact":6.200305810397554,"contact_reachability":0.7469879518072289,"contact_satisfaction":8.343621399176955,"autonomy":8.854501607717042},"metadata":{"satisfaction_count":7814,"comprehension_count":7447,"contact_count":327,"contactReachability_count":332,"contactSatisfaction_count":243,"autonomy_count":7464}}
