{"data":{"satisfaction":9.70458984375,"comprehension":9.4879363449692,"contact":6.012658227848101,"contact_reachability":0.7125,"contact_satisfaction":8.482142857142858,"autonomy":8.923076923076923},"metadata":{"satisfaction_count":2048,"comprehension_count":1948,"contact_count":79,"contactReachability_count":80,"contactSatisfaction_count":56,"autonomy_count":1950}}
