{"data":{"satisfaction":9.592649051490515,"comprehension":9.409115233678202,"contact":5.865758754863813,"contact_reachability":0.7203065134099617,"contact_satisfaction":8.192934782608695,"autonomy":8.835529879039537},"metadata":{"satisfaction_count":5904,"comprehension_count":5606,"contact_count":257,"contactReachability_count":261,"contactSatisfaction_count":184,"autonomy_count":5539}}
