{"data":{"satisfaction":9.691147859922179,"comprehension":9.480020491803279,"contact":6.4144736842105265,"contact_reachability":0.7532467532467533,"contact_satisfaction":8.552631578947368,"autonomy":8.940092165898617},"metadata":{"satisfaction_count":2056,"comprehension_count":1952,"contact_count":76,"contactReachability_count":77,"contactSatisfaction_count":57,"autonomy_count":1953}}
