{"data":{"satisfaction":9.648837209302325,"comprehension":9.485651750972762,"contact":5.896739130434782,"contact_reachability":0.7311827956989247,"contact_satisfaction":8.097014925373134,"autonomy":8.859223300970873},"metadata":{"satisfaction_count":2150,"comprehension_count":2056,"contact_count":92,"contactReachability_count":93,"contactSatisfaction_count":67,"autonomy_count":2060}}
