{"data":{"satisfaction":9.607881903255569,"comprehension":9.428571428571429,"contact":5.941666666666666,"contact_reachability":0.7278688524590164,"contact_satisfaction":8.214285714285714,"autonomy":8.898942093541203},"metadata":{"satisfaction_count":7587,"comprehension_count":7210,"contact_count":300,"contactReachability_count":305,"contactSatisfaction_count":217,"autonomy_count":7184}}
