{"data":{"satisfaction":9.631474103585658,"comprehension":9.493225638353309,"contact":5.357142857142857,"contact_reachability":0.6941176470588235,"contact_satisfaction":7.758620689655173,"autonomy":8.90852390852391},"metadata":{"satisfaction_count":2008,"comprehension_count":1919,"contact_count":84,"contactReachability_count":85,"contactSatisfaction_count":58,"autonomy_count":1924}}
