{"data":{"satisfaction":9.591029023746701,"comprehension":9.490762124711317,"contact":6.649484536082475,"contact_reachability":0.797979797979798,"contact_satisfaction":8.376623376623376,"autonomy":8.791512915129152},"metadata":{"satisfaction_count":2274,"comprehension_count":2165,"contact_count":97,"contactReachability_count":99,"contactSatisfaction_count":77,"autonomy_count":2168}}
