{"data":{"satisfaction":9.683098591549296,"comprehension":9.473004020677772,"contact":7.125,"contact_reachability":0.819672131147541,"contact_satisfaction":8.724489795918368,"autonomy":9.017805858701896},"metadata":{"satisfaction_count":1846,"comprehension_count":1741,"contact_count":60,"contactReachability_count":61,"contactSatisfaction_count":49,"autonomy_count":1741}}
