{"data":{"satisfaction":9.598475967174677,"comprehension":9.41891891891892,"contact":6.076388888888889,"contact_reachability":0.7397260273972602,"contact_satisfaction":8.254716981132075,"autonomy":8.866833385432948},"metadata":{"satisfaction_count":6824,"comprehension_count":6475,"contact_count":288,"contactReachability_count":292,"contactSatisfaction_count":212,"autonomy_count":6398}}
