{"data":{"satisfaction":9.600063734862971,"comprehension":9.41917072351855,"contact":5.917602996254682,"contact_reachability":0.7269372693726938,"contact_satisfaction":8.186528497409327,"autonomy":8.873766587274583},"metadata":{"satisfaction_count":6276,"comprehension_count":5957,"contact_count":267,"contactReachability_count":271,"contactSatisfaction_count":193,"autonomy_count":5878}}
