{"data":{"satisfaction":9.689772176442075,"comprehension":9.473282442748092,"contact":5.977011494252873,"contact_reachability":0.7159090909090909,"contact_satisfaction":8.387096774193548,"autonomy":8.88265306122449},"metadata":{"satisfaction_count":2063,"comprehension_count":1965,"contact_count":87,"contactReachability_count":88,"contactSatisfaction_count":62,"autonomy_count":1960}}
