{"data":{"satisfaction":7.023809523809524,"comprehension":6.889991728701406,"contact":4.170212765957447,"contact_reachability":0.6528925619834711,"contact_satisfaction":6.490066225165563,"autonomy":5.143884892086331},"metadata":{"satisfaction_count":1470,"comprehension_count":1209,"contact_count":235,"contactReachability_count":242,"contactSatisfaction_count":151,"autonomy_count":1112}}
