{"data":{"satisfaction":7.4784921007351794,"comprehension":7.050217104021144,"contact":4.27737881508079,"contact_reachability":0.6907037358818419,"contact_satisfaction":6.286279683377309,"autonomy":5.338056680161944},"metadata":{"satisfaction_count":6393,"comprehension_count":5297,"contact_count":1114,"contactReachability_count":1151,"contactSatisfaction_count":758,"autonomy_count":4940}}
