{"data":{"satisfaction":7.694228634850166,"comprehension":7.318982387475538,"contact":4.704472843450479,"contact_reachability":0.6987577639751553,"contact_satisfaction":6.81712962962963,"autonomy":5.500695410292073},"metadata":{"satisfaction_count":1802,"comprehension_count":1533,"contact_count":313,"contactReachability_count":322,"contactSatisfaction_count":216,"autonomy_count":1438}}
