{"data":{"satisfaction":7.6006191950464395,"comprehension":7.24475018102824,"contact":4.826388888888889,"contact_reachability":0.6779661016949152,"contact_satisfaction":7.2020725388601035,"autonomy":5.550387596899225},"metadata":{"satisfaction_count":1615,"comprehension_count":1381,"contact_count":288,"contactReachability_count":295,"contactSatisfaction_count":193,"autonomy_count":1290}}
