{"data":{"satisfaction":7.074538258575198,"comprehension":6.948676824378508,"contact":4.316326530612245,"contact_reachability":0.6626984126984127,"contact_satisfaction":6.609375,"autonomy":5.160729800173762},"metadata":{"satisfaction_count":1516,"comprehension_count":1247,"contact_count":245,"contactReachability_count":252,"contactSatisfaction_count":160,"autonomy_count":1151}}
