{"data":{"satisfaction":7.483665214685749,"comprehension":7.115780606514414,"contact":4.575,"contact_reachability":0.6685660018993352,"contact_satisfaction":7.027649769585254,"autonomy":5.533036076205918},"metadata":{"satisfaction_count":6428,"comprehension_count":5342,"contact_count":1000,"contactReachability_count":1053,"contactSatisfaction_count":651,"autonomy_count":4934}}
