{"data":{"satisfaction":7.585158150851582,"comprehension":7.22972972972973,"contact":4.646551724137931,"contact_reachability":0.6610738255033557,"contact_satisfaction":7.12962962962963,"autonomy":5.571646341463414},"metadata":{"satisfaction_count":1644,"comprehension_count":1406,"contact_count":290,"contactReachability_count":298,"contactSatisfaction_count":189,"autonomy_count":1312}}
