{"data":{"satisfaction":7.459156130132121,"comprehension":7.091350246892559,"contact":4.412411971830986,"contact_reachability":0.6775818639798489,"contact_satisfaction":6.665558510638298,"autonomy":5.504333394799926},"metadata":{"satisfaction_count":7039,"comprehension_count":5873,"contact_count":1136,"contactReachability_count":1191,"contactSatisfaction_count":752,"autonomy_count":5423}}
