{"data":{"satisfaction":7.396095717884131,"comprehension":7.044787077826725,"contact":3.845514950166113,"contact_reachability":0.6907894736842105,"contact_satisfaction":5.591787439613527,"autonomy":5.412329863891113},"metadata":{"satisfaction_count":1588,"comprehension_count":1362,"contact_count":301,"contactReachability_count":304,"contactSatisfaction_count":207,"autonomy_count":1249}}
