{"data":{"satisfaction":7.405948553054662,"comprehension":7.045367350853635,"contact":4.1560798548094375,"contact_reachability":0.681057268722467,"contact_satisfaction":6.1891891891891895,"autonomy":5.305105853051058},"metadata":{"satisfaction_count":6220,"comprehension_count":5213,"contact_count":1102,"contactReachability_count":1135,"contactSatisfaction_count":740,"autonomy_count":4818}}
