{"data":{"satisfaction":7.508207485226527,"comprehension":7.074468085106383,"contact":3.902877697841727,"contact_reachability":0.7208480565371025,"contact_satisfaction":5.452261306532663,"autonomy":5.177065767284992},"metadata":{"satisfaction_count":1523,"comprehension_count":1269,"contact_count":278,"contactReachability_count":283,"contactSatisfaction_count":199,"autonomy_count":1186}}
