{"data":{"satisfaction":7.407105606258149,"comprehension":7.047443126579817,"contact":4.169716376944191,"contact_reachability":0.6811722912966253,"contact_satisfaction":6.209128065395095,"autonomy":5.296218487394958},"metadata":{"satisfaction_count":6136,"comprehension_count":5143,"contact_count":1093,"contactReachability_count":1126,"contactSatisfaction_count":734,"autonomy_count":4760}}
