{"data":{"satisfaction":7.627692307692308,"comprehension":7.260619150467963,"contact":4.810344827586207,"contact_reachability":0.6801346801346801,"contact_satisfaction":7.153846153846154,"autonomy":5.542725173210162},"metadata":{"satisfaction_count":1625,"comprehension_count":1389,"contact_count":290,"contactReachability_count":297,"contactSatisfaction_count":195,"autonomy_count":1299}}
