{"data":{"satisfaction":7.527429467084639,"comprehension":7.090823084200568,"contact":4.022346368715084,"contact_reachability":0.6774193548387096,"contact_satisfaction":6.050420168067227,"autonomy":5.200400801603206},"metadata":{"satisfaction_count":1276,"comprehension_count":1057,"contact_count":179,"contactReachability_count":186,"contactSatisfaction_count":119,"autonomy_count":998}}
