{"data":{"satisfaction":7.484281551909216,"comprehension":7.1186831427517525,"contact":4.545903257650543,"contact_reachability":0.6663542642924086,"contact_satisfaction":7.0091324200913245,"autonomy":5.542240862792091},"metadata":{"satisfaction_count":6521,"comprehension_count":5422,"contact_count":1013,"contactReachability_count":1067,"contactSatisfaction_count":657,"autonomy_count":5007}}
