{"data":{"satisfaction":7.649886877828054,"comprehension":7.307308970099668,"contact":4.741935483870968,"contact_reachability":0.6934984520123839,"contact_satisfaction":6.966824644549763,"autonomy":5.487288135593221},"metadata":{"satisfaction_count":1768,"comprehension_count":1505,"contact_count":310,"contactReachability_count":323,"contactSatisfaction_count":211,"autonomy_count":1416}}
