{"data":{"satisfaction":7.477606895386176,"comprehension":7.1057457212713935,"contact":4.487594390507012,"contact_reachability":0.6676986584107327,"contact_satisfaction":6.87603305785124,"autonomy":5.53229005951069},"metadata":{"satisfaction_count":5917,"comprehension_count":4908,"contact_count":927,"contactReachability_count":969,"contactSatisfaction_count":605,"autonomy_count":4537}}
