{"data":{"satisfaction":7.658707047175306,"comprehension":7.336881868131868,"contact":4.722222222222222,"contact_reachability":0.6927899686520376,"contact_satisfaction":6.947115384615385,"autonomy":5.511695906432749},"metadata":{"satisfaction_count":1717,"comprehension_count":1456,"contact_count":306,"contactReachability_count":319,"contactSatisfaction_count":208,"autonomy_count":1368}}
