{"data":{"satisfaction":7.591687041564792,"comprehension":7.237124463519313,"contact":4.672413793103448,"contact_reachability":0.6644295302013423,"contact_satisfaction":7.131578947368421,"autonomy":5.562356541698546},"metadata":{"satisfaction_count":1636,"comprehension_count":1398,"contact_count":290,"contactReachability_count":298,"contactSatisfaction_count":190,"autonomy_count":1307}}
