{"data":{"satisfaction":7.404158544509421,"comprehension":7.045454545454546,"contact":4.1727605118829985,"contact_reachability":0.6814551907719609,"contact_satisfaction":6.210884353741497,"autonomy":5.3027446050701865},"metadata":{"satisfaction_count":6156,"comprehension_count":5159,"contact_count":1094,"contactReachability_count":1127,"contactSatisfaction_count":735,"autonomy_count":4773}}
