{"data":{"satisfaction":7.472060050041701,"comprehension":7.106295253419147,"contact":4.54983922829582,"contact_reachability":0.667005076142132,"contact_satisfaction":7.016528925619835,"autonomy":5.518663194444445},"metadata":{"satisfaction_count":5995,"comprehension_count":4972,"contact_count":933,"contactReachability_count":985,"contactSatisfaction_count":605,"autonomy_count":4608}}
