{"data":{"satisfaction":7.092105263157895,"comprehension":6.952,"contact":4.301619433198381,"contact_reachability":0.6614173228346457,"contact_satisfaction":6.599378881987578,"autonomy":5.108225108225108},"metadata":{"satisfaction_count":1520,"comprehension_count":1250,"contact_count":247,"contactReachability_count":254,"contactSatisfaction_count":161,"autonomy_count":1155}}
