{"data":{"satisfaction":7.58228605625374,"comprehension":7.224546722454672,"contact":4.5805921052631575,"contact_reachability":0.6559485530546624,"contact_satisfaction":7.068527918781726,"autonomy":5.544776119402985},"metadata":{"satisfaction_count":1671,"comprehension_count":1434,"contact_count":304,"contactReachability_count":311,"contactSatisfaction_count":197,"autonomy_count":1340}}
