{"data":{"satisfaction":7.402422611036339,"comprehension":6.931089743589744,"contact":3.485576923076923,"contact_reachability":0.7287066246056783,"contact_satisfaction":4.811946902654867,"autonomy":5.125107851596203},"metadata":{"satisfaction_count":1486,"comprehension_count":1248,"contact_count":312,"contactReachability_count":317,"contactSatisfaction_count":226,"autonomy_count":1159}}
