{"data":{"satisfaction":7.463664861783984,"comprehension":7.091305090536386,"contact":4.427175843694494,"contact_reachability":0.6756985605419137,"contact_satisfaction":6.7092866756393,"autonomy":5.508505917159764},"metadata":{"satisfaction_count":7018,"comprehension_count":5854,"contact_count":1126,"contactReachability_count":1181,"contactSatisfaction_count":743,"autonomy_count":5408}}
