{"data":{"satisfaction":7.489174257130058,"comprehension":7.066648629148629,"contact":4.308695652173913,"contact_reachability":0.6941870261162595,"contact_satisfaction":6.296060991105464,"autonomy":5.340293890177881},"metadata":{"satisfaction_count":6697,"comprehension_count":5544,"contact_count":1150,"contactReachability_count":1187,"contactSatisfaction_count":787,"autonomy_count":5172}}
