{"data":{"satisfaction":5.500697350069735,"comprehension":6.208025042686398,"contact":4.786177105831533,"contact_reachability":0.7779204107830552,"contact_satisfaction":6.169265033407572,"autonomy":3.248847926267281},"metadata":{"satisfaction_count":3585,"comprehension_count":3514,"contact_count":2315,"contactReachability_count":2337,"contactSatisfaction_count":1796,"autonomy_count":3472}}
