{"data":{"satisfaction":5.660550458715596,"comprehension":6.22191011235955,"contact":4.557453416149069,"contact_reachability":0.7414330218068536,"contact_satisfaction":6.140167364016737,"autonomy":3.3081285444234405},"metadata":{"satisfaction_count":545,"comprehension_count":534,"contact_count":322,"contactReachability_count":321,"contactSatisfaction_count":239,"autonomy_count":529}}
