{"data":{"satisfaction":5.73019801980198,"comprehension":6.30352644836272,"contact":4.553231939163498,"contact_reachability":0.7272727272727273,"contact_satisfaction":6.269633507853404,"autonomy":3.484848484848485},"metadata":{"satisfaction_count":404,"comprehension_count":397,"contact_count":263,"contactReachability_count":264,"contactSatisfaction_count":191,"autonomy_count":396}}
