{"data":{"satisfaction":5.674964936886395,"comprehension":6.338329764453961,"contact":5.014052838673412,"contact_reachability":0.7891801450083659,"contact_satisfaction":6.366880799428979,"autonomy":3.3947939262472886},"metadata":{"satisfaction_count":2852,"comprehension_count":2802,"contact_count":1779,"contactReachability_count":1793,"contactSatisfaction_count":1401,"autonomy_count":2766}}
