{"data":{"satisfaction":5.517987557479037,"comprehension":6.218974076116933,"contact":4.7740647330811266,"contact_reachability":0.7760199833472107,"contact_satisfaction":6.169201520912548,"autonomy":3.2784598214285716},"metadata":{"satisfaction_count":3697,"comprehension_count":3626,"contact_count":2379,"contactReachability_count":2402,"contactSatisfaction_count":1841,"autonomy_count":3584}}
