{"data":{"satisfaction":5.433357611070648,"comprehension":6.14048150905932,"contact":4.761634506242906,"contact_reachability":0.7819745699326851,"contact_satisfaction":6.109223300970874,"autonomy":3.291235160394039},"metadata":{"satisfaction_count":4119,"comprehension_count":4029,"contact_count":2643,"contactReachability_count":2674,"contactSatisfaction_count":2060,"autonomy_count":3959}}
