{"data":{"satisfaction":5.957880434782608,"comprehension":6.51685393258427,"contact":5.380313199105146,"contact_reachability":0.8285077951002228,"contact_satisfaction":6.5,"autonomy":3.517730496453901},"metadata":{"satisfaction_count":736,"comprehension_count":712,"contact_count":447,"contactReachability_count":449,"contactSatisfaction_count":370,"autonomy_count":705}}
