{"data":{"satisfaction":6.029609690444145,"comprehension":6.572916666666667,"contact":5.154867256637168,"contact_reachability":0.8153846153846154,"contact_satisfaction":6.331521739130435,"autonomy":3.6083916083916083},"metadata":{"satisfaction_count":743,"comprehension_count":720,"contact_count":452,"contactReachability_count":455,"contactSatisfaction_count":368,"autonomy_count":715}}
