{"data":{"satisfaction":5.662085149178679,"comprehension":6.313631704817219,"contact":5.033566058002148,"contact_reachability":0.7926439232409381,"contact_satisfaction":6.362864901561439,"autonomy":3.3932895191975097},"metadata":{"satisfaction_count":2983,"comprehension_count":2927,"contact_count":1862,"contactReachability_count":1876,"contactSatisfaction_count":1473,"autonomy_count":2891}}
