{"data":{"satisfaction":5.576923076923077,"comprehension":6.295857988165681,"contact":5.212962962962963,"contact_reachability":0.8091743119266055,"contact_satisfaction":6.456422018348624,"autonomy":3.18562874251497},"metadata":{"satisfaction_count":858,"comprehension_count":845,"contact_count":540,"contactReachability_count":545,"contactSatisfaction_count":436,"autonomy_count":835}}
