{"data":{"satisfaction":5.430948832588177,"comprehension":6.143637287274575,"contact":4.7682692307692305,"contact_reachability":0.7829722538958571,"contact_satisfaction":6.110152784622967,"autonomy":3.284313725490196},"metadata":{"satisfaction_count":4026,"comprehension_count":3937,"contact_count":2600,"contactReachability_count":2631,"contactSatisfaction_count":2029,"autonomy_count":3876}}
