{"data":{"satisfaction":5.662878787878788,"comprehension":6.319761319761319,"contact":5.004123144584937,"contact_reachability":0.7910529187124932,"contact_satisfaction":6.338788300835654,"autonomy":3.3806818181818183},"metadata":{"satisfaction_count":2904,"comprehension_count":2849,"contact_count":1819,"contactReachability_count":1833,"contactSatisfaction_count":1436,"autonomy_count":2816}}
