{"data":{"satisfaction":5.788934426229508,"comprehension":6.335758835758836,"contact":4.597039473684211,"contact_reachability":0.7335526315789473,"contact_satisfaction":6.266816143497758,"autonomy":3.528183716075157},"metadata":{"satisfaction_count":488,"comprehension_count":481,"contact_count":304,"contactReachability_count":304,"contactSatisfaction_count":223,"autonomy_count":479}}
