{"data":{"satisfaction":6.095505617977528,"comprehension":6.664265129682997,"contact":5.24822695035461,"contact_reachability":0.8075117370892019,"contact_satisfaction":6.510263929618769,"autonomy":3.673469387755102},"metadata":{"satisfaction_count":712,"comprehension_count":694,"contact_count":423,"contactReachability_count":426,"contactSatisfaction_count":341,"autonomy_count":686}}
