{"data":{"satisfaction":5.431978583596982,"comprehension":6.140209007215725,"contact":4.761092150170649,"contact_reachability":0.7822338830584707,"contact_satisfaction":6.1065175097276265,"autonomy":3.28864153807235},"metadata":{"satisfaction_count":4109,"comprehension_count":4019,"contact_count":2637,"contactReachability_count":2668,"contactSatisfaction_count":2056,"autonomy_count":3953}}
