{"data":{"satisfaction":5.5503512880562065,"comprehension":6.248513674197384,"contact":5.109732824427481,"contact_reachability":0.8068181818181818,"contact_satisfaction":6.3447867298578196,"autonomy":3.2771084337349397},"metadata":{"satisfaction_count":854,"comprehension_count":841,"contact_count":524,"contactReachability_count":528,"contactSatisfaction_count":422,"autonomy_count":830}}
