{"data":{"satisfaction":6.959052589321558,"comprehension":7.2482350498338874,"contact":4.875311720698255,"contact_reachability":0.6902985074626866,"contact_satisfaction":7.070524412296564,"autonomy":6.750878734622144},"metadata":{"satisfaction_count":4982,"comprehension_count":4816,"contact_count":802,"contactReachability_count":804,"contactSatisfaction_count":553,"autonomy_count":4552}}
