{"data":{"satisfaction":7.019861677602412,"comprehension":7.285596481583288,"contact":4.925799086757991,"contact_reachability":0.688135593220339,"contact_satisfaction":7.191666666666666,"autonomy":6.791578134054472},"metadata":{"satisfaction_count":5639,"comprehension_count":5457,"contact_count":876,"contactReachability_count":885,"contactSatisfaction_count":600,"autonomy_count":5177}}
