{"data":{"satisfaction":7.406866325785245,"comprehension":7.50374251497006,"contact":5.326704545454546,"contact_reachability":0.7005649717514124,"contact_satisfaction":7.621951219512195,"autonomy":7.011583011583012},"metadata":{"satisfaction_count":1369,"comprehension_count":1336,"contact_count":176,"contactReachability_count":177,"contactSatisfaction_count":123,"autonomy_count":1295}}
