{"data":{"satisfaction":6.946513202437373,"comprehension":7.242339832869081,"contact":5.076419213973799,"contact_reachability":0.6724890829694323,"contact_satisfaction":7.548701298701299,"autonomy":6.757337151037938},"metadata":{"satisfaction_count":1477,"comprehension_count":1436,"contact_count":229,"contactReachability_count":229,"contactSatisfaction_count":154,"autonomy_count":1397}}
