{"data":{"satisfaction":7.2582738481505515,"comprehension":7.496675531914893,"contact":5.3835227272727275,"contact_reachability":0.7344632768361582,"contact_satisfaction":7.344961240310077,"autonomy":7.149692412850308},"metadata":{"satisfaction_count":1541,"comprehension_count":1504,"contact_count":176,"contactReachability_count":177,"contactSatisfaction_count":129,"autonomy_count":1463}}
