{"data":{"satisfaction":7.3355263157894735,"comprehension":7.464392803598201,"contact":5.097222222222222,"contact_reachability":0.6923076923076923,"contact_satisfaction":7.399193548387097,"autonomy":6.957528957528957},"metadata":{"satisfaction_count":1368,"comprehension_count":1334,"contact_count":180,"contactReachability_count":182,"contactSatisfaction_count":124,"autonomy_count":1295}}
