{"data":{"satisfaction":7.000380300437346,"comprehension":7.275811209439528,"contact":4.897466827503016,"contact_reachability":0.6861575178997613,"contact_satisfaction":7.173144876325089,"autonomy":6.758720930232558},"metadata":{"satisfaction_count":5259,"comprehension_count":5085,"contact_count":829,"contactReachability_count":838,"contactSatisfaction_count":566,"autonomy_count":4816}}
