{"data":{"satisfaction":7.141774071266111,"comprehension":7.3602484472049685,"contact":5.0256410256410255,"contact_reachability":0.6802030456852792,"contact_satisfaction":7.424242424242424,"autonomy":6.86698717948718},"metadata":{"satisfaction_count":1319,"comprehension_count":1288,"contact_count":195,"contactReachability_count":197,"contactSatisfaction_count":132,"autonomy_count":1248}}
