{"data":{"satisfaction":7.184612800268772,"comprehension":7.381487889273356,"contact":5.186658506731946,"contact_reachability":0.7058111380145279,"contact_satisfaction":7.382404181184669,"autonomy":6.902356902356902},"metadata":{"satisfaction_count":5953,"comprehension_count":5780,"contact_count":817,"contactReachability_count":826,"contactSatisfaction_count":574,"autonomy_count":5643}}
