{"data":{"satisfaction":7.097980553477936,"comprehension":7.334742505764797,"contact":4.987373737373737,"contact_reachability":0.67,"contact_satisfaction":7.481060606060606,"autonomy":6.769352290679305},"metadata":{"satisfaction_count":1337,"comprehension_count":1301,"contact_count":198,"contactReachability_count":200,"contactSatisfaction_count":132,"autonomy_count":1266}}
