{"data":{"satisfaction":6.958400321543408,"comprehension":7.248960498960499,"contact":4.868913857677903,"contact_reachability":0.6899128268991283,"contact_satisfaction":7.065217391304348,"autonomy":6.7487901451825785},"metadata":{"satisfaction_count":4976,"comprehension_count":4810,"contact_count":801,"contactReachability_count":803,"contactSatisfaction_count":552,"autonomy_count":4546}}
