{"data":{"satisfaction":7.045963160612843,"comprehension":7.29562822107695,"contact":4.91872197309417,"contact_reachability":0.6870144284128746,"contact_satisfaction":7.192622950819672,"autonomy":6.795352323838081},"metadata":{"satisfaction_count":5809,"comprehension_count":5627,"contact_count":892,"contactReachability_count":901,"contactSatisfaction_count":610,"autonomy_count":5336}}
