{"data":{"satisfaction":7.114654517843584,"comprehension":7.348367029548989,"contact":5.038071065989848,"contact_reachability":0.6834170854271356,"contact_satisfaction":7.406716417910448,"autonomy":6.856913183279743},"metadata":{"satisfaction_count":1317,"comprehension_count":1286,"contact_count":197,"contactReachability_count":199,"contactSatisfaction_count":134,"autonomy_count":1244}}
