{"data":{"satisfaction":7.0503597122302155,"comprehension":7.31549815498155,"contact":5.194174757281553,"contact_reachability":0.6875,"contact_satisfaction":7.588652482269503,"autonomy":6.805450416351249},"metadata":{"satisfaction_count":1390,"comprehension_count":1355,"contact_count":206,"contactReachability_count":208,"contactSatisfaction_count":141,"autonomy_count":1321}}
