{"data":{"satisfaction":7.258064516129032,"comprehension":7.535294117647059,"contact":5.225806451612903,"contact_reachability":0.717948717948718,"contact_satisfaction":7.297297297297297,"autonomy":7.199354317998385},"metadata":{"satisfaction_count":1302,"comprehension_count":1275,"contact_count":155,"contactReachability_count":156,"contactSatisfaction_count":111,"autonomy_count":1239}}
