{"data":{"satisfaction":6.992337164750958,"comprehension":7.267775797187562,"contact":4.886780905752754,"contact_reachability":0.6864406779661016,"contact_satisfaction":7.155017921146953,"autonomy":6.7656903765690375},"metadata":{"satisfaction_count":5220,"comprehension_count":5049,"contact_count":817,"contactReachability_count":826,"contactSatisfaction_count":558,"autonomy_count":4780}}
