{"data":{"satisfaction":7.114668652271035,"comprehension":7.330152671755725,"contact":4.947368421052632,"contact_reachability":0.671875,"contact_satisfaction":7.4015748031496065,"autonomy":6.813186813186813},"metadata":{"satisfaction_count":1343,"comprehension_count":1310,"contact_count":190,"contactReachability_count":192,"contactSatisfaction_count":127,"autonomy_count":1274}}
