{"data":{"satisfaction":7.151509672753571,"comprehension":7.389466840052016,"contact":5.025659824046921,"contact_reachability":0.6832116788321168,"contact_satisfaction":7.370967741935484,"autonomy":7.046060144651694},"metadata":{"satisfaction_count":5531,"comprehension_count":5383,"contact_count":682,"contactReachability_count":685,"contactSatisfaction_count":465,"autonomy_count":5254}}
