{"data":{"satisfaction":6.9132481506388705,"comprehension":7.237206085753804,"contact":5.010869565217392,"contact_reachability":0.6652173913043479,"contact_satisfaction":7.532679738562091,"autonomy":6.770981507823613},"metadata":{"satisfaction_count":1487,"comprehension_count":1446,"contact_count":230,"contactReachability_count":230,"contactSatisfaction_count":153,"autonomy_count":1406}}
