{"data":{"satisfaction":7.177924496360251,"comprehension":7.377070619006103,"contact":5.222496909765142,"contact_reachability":0.7102689486552567,"contact_satisfaction":7.386363636363637,"autonomy":6.900553472594179},"metadata":{"satisfaction_count":5907,"comprehension_count":5735,"contact_count":809,"contactReachability_count":818,"contactSatisfaction_count":572,"autonomy_count":5601}}
