{"data":{"satisfaction":6.989619377162629,"comprehension":7.276119402985074,"contact":5.056053811659193,"contact_reachability":0.672645739910314,"contact_satisfaction":7.516666666666667,"autonomy":6.737226277372263},"metadata":{"satisfaction_count":1445,"comprehension_count":1407,"contact_count":223,"contactReachability_count":223,"contactSatisfaction_count":150,"autonomy_count":1370}}
