{"data":{"satisfaction":7.184294304916873,"comprehension":7.3778932021140875,"contact":5.1920614596670935,"contact_reachability":0.7088607594936709,"contact_satisfaction":7.35934664246824,"autonomy":6.896358543417367},"metadata":{"satisfaction_count":5654,"comprehension_count":5487,"contact_count":781,"contactReachability_count":790,"contactSatisfaction_count":551,"autonomy_count":5355}}
