{"data":{"satisfaction":6.922558922558922,"comprehension":7.240304709141275,"contact":5.032467532467533,"contact_reachability":0.6666666666666666,"contact_satisfaction":7.548701298701299,"autonomy":6.7686832740213525},"metadata":{"satisfaction_count":1485,"comprehension_count":1444,"contact_count":231,"contactReachability_count":231,"contactSatisfaction_count":154,"autonomy_count":1405}}
