{"data":{"satisfaction":7.2773536895674305,"comprehension":7.511400651465798,"contact":5.191256830601093,"contact_reachability":0.7119565217391305,"contact_satisfaction":7.3076923076923075,"autonomy":7.146684527796383},"metadata":{"satisfaction_count":1572,"comprehension_count":1535,"contact_count":183,"contactReachability_count":184,"contactSatisfaction_count":130,"autonomy_count":1493}}
