{"data":{"satisfaction":7.2271714922049,"comprehension":7.396946564885496,"contact":5.0131578947368425,"contact_reachability":0.6770833333333334,"contact_satisfaction":7.44140625,"autonomy":6.926100628930818},"metadata":{"satisfaction_count":1347,"comprehension_count":1310,"contact_count":190,"contactReachability_count":192,"contactSatisfaction_count":128,"autonomy_count":1272}}
