{"data":{"satisfaction":7.0647638123852445,"comprehension":7.300999310820124,"contact":4.931318681318682,"contact_reachability":0.6898803046789989,"contact_satisfaction":7.18,"autonomy":6.802104117540359},"metadata":{"satisfaction_count":5991,"comprehension_count":5804,"contact_count":910,"contactReachability_count":919,"contactSatisfaction_count":625,"autonomy_count":5513}}
