{"data":{"satisfaction":7.06315965823421,"comprehension":7.3015392597717055,"contact":4.931318681318682,"contact_reachability":0.6898803046789989,"contact_satisfaction":7.18,"autonomy":6.808820849280116},"metadata":{"satisfaction_count":5969,"comprehension_count":5782,"contact_count":910,"contactReachability_count":919,"contactSatisfaction_count":625,"autonomy_count":5487}}
