{"data":{"satisfaction":7.119970193740685,"comprehension":7.337413925019128,"contact":4.961340206185567,"contact_reachability":0.6683673469387755,"contact_satisfaction":7.461240310077519,"autonomy":6.789929189614477},"metadata":{"satisfaction_count":1342,"comprehension_count":1307,"contact_count":194,"contactReachability_count":196,"contactSatisfaction_count":129,"autonomy_count":1271}}
