{"data":{"satisfaction":6.911174785100287,"comprehension":7.2424511545293075,"contact":4.976851851851852,"contact_reachability":0.6788990825688074,"contact_satisfaction":7.363013698630137,"autonomy":7.0157384987893465},"metadata":{"satisfaction_count":1745,"comprehension_count":1689,"contact_count":216,"contactReachability_count":218,"contactSatisfaction_count":146,"autonomy_count":1652}}
