{"data":{"satisfaction":6.993006993006993,"comprehension":7.279253409906676,"contact":5.1967592592592595,"contact_reachability":0.6834862385321101,"contact_satisfaction":7.636054421768708,"autonomy":6.777286135693215},"metadata":{"satisfaction_count":1430,"comprehension_count":1393,"contact_count":216,"contactReachability_count":218,"contactSatisfaction_count":147,"autonomy_count":1356}}
