{"data":{"satisfaction":7.1568627450980395,"comprehension":7.38030888030888,"contact":4.987179487179487,"contact_reachability":0.6751269035532995,"contact_satisfaction":7.423664122137405,"autonomy":6.884462151394422},"metadata":{"satisfaction_count":1326,"comprehension_count":1295,"contact_count":195,"contactReachability_count":197,"contactSatisfaction_count":131,"autonomy_count":1255}}
