{"data":{"satisfaction":7.375979112271541,"comprehension":7.531751336898396,"contact":5.224719101123595,"contact_reachability":0.7374301675977654,"contact_satisfaction":7.099236641221374,"autonomy":7.13103448275862},"metadata":{"satisfaction_count":1532,"comprehension_count":1496,"contact_count":178,"contactReachability_count":179,"contactSatisfaction_count":131,"autonomy_count":1450}}
