{"data":{"satisfaction":7.4352517985611515,"comprehension":7.4834070796460175,"contact":5.130057803468208,"contact_reachability":0.6936416184971098,"contact_satisfaction":7.395833333333333,"autonomy":6.967399545109932},"metadata":{"satisfaction_count":1390,"comprehension_count":1356,"contact_count":173,"contactReachability_count":173,"contactSatisfaction_count":120,"autonomy_count":1319}}
