{"data":{"satisfaction":7.134283570892723,"comprehension":7.363145720894372,"contact":5.0497512437810945,"contact_reachability":0.6748768472906403,"contact_satisfaction":7.518518518518518,"autonomy":6.7644726407613005},"metadata":{"satisfaction_count":1333,"comprehension_count":1297,"contact_count":201,"contactReachability_count":203,"contactSatisfaction_count":135,"autonomy_count":1261}}
