{"data":{"satisfaction":9.04746835443038,"comprehension":8.437006319115325,"contact":6.348039215686274,"contact_reachability":0.747016706443914,"contact_satisfaction":8.57615894039735,"autonomy":4.474966770048737},"metadata":{"satisfaction_count":3160,"comprehension_count":2532,"contact_count":408,"contactReachability_count":419,"contactSatisfaction_count":302,"autonomy_count":2257}}
