{"data":{"satisfaction":9.082739386427022,"comprehension":8.480031019775106,"contact":6.382850241545894,"contact_reachability":0.7672209026128266,"contact_satisfaction":8.362341772151899,"autonomy":4.518072289156627},"metadata":{"satisfaction_count":3227,"comprehension_count":2579,"contact_count":414,"contactReachability_count":421,"contactSatisfaction_count":316,"autonomy_count":2324}}
