{"data":{"satisfaction":9.04565630944832,"comprehension":8.436262866191607,"contact":6.339066339066339,"contact_reachability":0.7464114832535885,"contact_satisfaction":8.571428571428571,"autonomy":4.476021314387212},"metadata":{"satisfaction_count":3154,"comprehension_count":2526,"contact_count":407,"contactReachability_count":418,"contactSatisfaction_count":301,"autonomy_count":2252}}
