{"data":{"satisfaction":9.060665362035225,"comprehension":8.464820619993034,"contact":6.351648351648351,"contact_reachability":0.7619047619047619,"contact_satisfaction":8.376811594202898,"autonomy":4.454334365325077},"metadata":{"satisfaction_count":3577,"comprehension_count":2871,"contact_count":455,"contactReachability_count":462,"contactSatisfaction_count":345,"autonomy_count":2584}}
