{"data":{"satisfaction":9.073359073359073,"comprehension":8.530927835051546,"contact":6.680555555555555,"contact_reachability":0.8055555555555556,"contact_satisfaction":8.293103448275861,"autonomy":4.4375},"metadata":{"satisfaction_count":1554,"comprehension_count":1261,"contact_count":180,"contactReachability_count":180,"contactSatisfaction_count":145,"autonomy_count":1120}}
