{"data":{"satisfaction":9.155455904334827,"comprehension":8.615988909426987,"contact":6.842948717948718,"contact_reachability":0.8269230769230769,"contact_satisfaction":8.275193798449612,"autonomy":4.546402502606882},"metadata":{"satisfaction_count":1338,"comprehension_count":1082,"contact_count":156,"contactReachability_count":156,"contactSatisfaction_count":129,"autonomy_count":959}}
