{"data":{"satisfaction":9.054054054054054,"comprehension":8.440042826552462,"contact":6.331967213114754,"contact_reachability":0.7513368983957219,"contact_satisfaction":8.489010989010989,"autonomy":4.4951923076923075},"metadata":{"satisfaction_count":2923,"comprehension_count":2335,"contact_count":366,"contactReachability_count":374,"contactSatisfaction_count":273,"autonomy_count":2080}}
