{"data":{"satisfaction":9.085923217550274,"comprehension":8.546032934131736,"contact":6.670984455958549,"contact_reachability":0.8031088082901554,"contact_satisfaction":8.306451612903226,"autonomy":4.4070647603027755},"metadata":{"satisfaction_count":1641,"comprehension_count":1336,"contact_count":193,"contactReachability_count":193,"contactSatisfaction_count":155,"autonomy_count":1189}}
