{"data":{"satisfaction":8.950819672131148,"comprehension":9.251760563380282,"contact":7.291666666666667,"contact_reachability":0.9230769230769231,"contact_satisfaction":7.954545454545454,"autonomy":8.586572438162545},"metadata":{"satisfaction_count":305,"comprehension_count":284,"contact_count":12,"contactReachability_count":13,"contactSatisfaction_count":11,"autonomy_count":283}}
