{"data":{"satisfaction":8.676507070205904,"comprehension":9.198191933240611,"contact":5.916666666666667,"contact_reachability":0.824,"contact_satisfaction":7.244897959183674,"autonomy":7.855530474040632},"metadata":{"satisfaction_count":4031,"comprehension_count":3595,"contact_count":120,"contactReachability_count":125,"contactSatisfaction_count":98,"autonomy_count":1329}}
