{"data":{"satisfaction":8.933823529411764,"comprehension":9.21259842519685,"contact":7.2727272727272725,"contact_reachability":0.9166666666666666,"contact_satisfaction":8,"autonomy":8.577075098814229},"metadata":{"satisfaction_count":272,"comprehension_count":254,"contact_count":11,"contactReachability_count":12,"contactSatisfaction_count":10,"autonomy_count":253}}
