{"data":{"satisfaction":8.681481481481482,"comprehension":9.202186548574591,"contact":5.950413223140496,"contact_reachability":0.8253968253968254,"contact_satisfaction":7.2727272727272725,"autonomy":7.8751857355126305},"metadata":{"satisfaction_count":4050,"comprehension_count":3613,"contact_count":121,"contactReachability_count":126,"contactSatisfaction_count":99,"autonomy_count":1346}}
