{"data":{"satisfaction":8.68213228035538,"comprehension":9.202627939142461,"contact":5.950413223140496,"contact_reachability":0.8253968253968254,"contact_satisfaction":7.2727272727272725,"autonomy":7.878338278931751},"metadata":{"satisfaction_count":4052,"comprehension_count":3615,"contact_count":121,"contactReachability_count":126,"contactSatisfaction_count":99,"autonomy_count":1348}}
