{"data":{"satisfaction":7.303839732888147,"comprehension":8.059772296015181,"contact":4.62962962962963,"contact_reachability":0.6545454545454545,"contact_satisfaction":7.142857142857143,"autonomy":6.989795918367347},"metadata":{"satisfaction_count":599,"comprehension_count":527,"contact_count":54,"contactReachability_count":55,"contactSatisfaction_count":35,"autonomy_count":392}}
