{"data":{"satisfaction":7.294807370184254,"comprehension":8.052380952380952,"contact":4.62962962962963,"contact_reachability":0.6545454545454545,"contact_satisfaction":7.142857142857143,"autonomy":7.0256410256410255},"metadata":{"satisfaction_count":597,"comprehension_count":525,"contact_count":54,"contactReachability_count":55,"contactSatisfaction_count":35,"autonomy_count":390}}
