{"data":{"satisfaction":9.019607843137255,"comprehension":9.02061855670103,"contact":6.666666666666667,"contact_reachability":0.6666666666666666,"contact_satisfaction":10,"autonomy":7.525773195876289},"metadata":{"satisfaction_count":102,"comprehension_count":97,"contact_count":3,"contactReachability_count":3,"contactSatisfaction_count":2,"autonomy_count":97}}
