{"data":{"satisfaction":3.6807817589576546,"comprehension":4.1568627450980395,"contact":2.236842105263158,"contact_reachability":0.4342105263157895,"contact_satisfaction":5.151515151515151,"autonomy":5.799086757990867},"metadata":{"satisfaction_count":307,"comprehension_count":255,"contact_count":76,"contactReachability_count":76,"contactSatisfaction_count":33,"autonomy_count":219}}
