{"data":{"satisfaction":3.860544217687075,"comprehension":4.287190082644628,"contact":2.142857142857143,"contact_reachability":0.4142857142857143,"contact_satisfaction":5.172413793103448,"autonomy":5.7894736842105265},"metadata":{"satisfaction_count":294,"comprehension_count":242,"contact_count":70,"contactReachability_count":70,"contactSatisfaction_count":29,"autonomy_count":209}}
