{"data":{"satisfaction":5.283400809716599,"comprehension":4.848484848484849,"contact":3.6206896551724137,"contact_reachability":0.5,"contact_satisfaction":7.241379310344827,"autonomy":5.944444444444445},"metadata":{"satisfaction_count":247,"comprehension_count":198,"contact_count":58,"contactReachability_count":58,"contactSatisfaction_count":29,"autonomy_count":180}}
