{"data":{"satisfaction":5.239043824701195,"comprehension":4.892344497607655,"contact":3.5869565217391304,"contact_reachability":0.6086956521739131,"contact_satisfaction":5.892857142857143,"autonomy":5.661375661375661},"metadata":{"satisfaction_count":251,"comprehension_count":209,"contact_count":69,"contactReachability_count":69,"contactSatisfaction_count":42,"autonomy_count":189}}
