{"data":{"satisfaction":4.657894736842105,"comprehension":4.568,"contact":3.0310880829015545,"contact_reachability":0.5129533678756477,"contact_satisfaction":5.909090909090909,"autonomy":5.703971119133574},"metadata":{"satisfaction_count":760,"comprehension_count":625,"contact_count":193,"contactReachability_count":193,"contactSatisfaction_count":99,"autonomy_count":554}}
