{"data":{"satisfaction":5.320088300220751,"comprehension":4.851351351351352,"contact":3.547008547008547,"contact_reachability":0.5641025641025641,"contact_satisfaction":6.287878787878788,"autonomy":5.641791044776119},"metadata":{"satisfaction_count":453,"comprehension_count":370,"contact_count":117,"contactReachability_count":117,"contactSatisfaction_count":66,"autonomy_count":335}}
