{"data":{"satisfaction":5.489795918367347,"comprehension":4.858247422680412,"contact":3.705357142857143,"contact_reachability":0.5178571428571429,"contact_satisfaction":7.155172413793103,"autonomy":5.762711864406779},"metadata":{"satisfaction_count":245,"comprehension_count":194,"contact_count":56,"contactReachability_count":56,"contactSatisfaction_count":29,"autonomy_count":177}}
