{"data":{"satisfaction":3.6443661971830985,"comprehension":4.148936170212766,"contact":2.462686567164179,"contact_reachability":0.44776119402985076,"contact_satisfaction":5.5,"autonomy":5.82089552238806},"metadata":{"satisfaction_count":284,"comprehension_count":235,"contact_count":67,"contactReachability_count":67,"contactSatisfaction_count":30,"autonomy_count":201}}
