{"data":{"satisfaction":4.733242134062928,"comprehension":4.647009966777409,"contact":3.1043956043956045,"contact_reachability":0.521978021978022,"contact_satisfaction":5.947368421052632,"autonomy":5.749063670411985},"metadata":{"satisfaction_count":731,"comprehension_count":602,"contact_count":182,"contactReachability_count":182,"contactSatisfaction_count":95,"autonomy_count":534}}
