{"data":{"satisfaction":7.5310173697270475,"comprehension":7.074731626754748,"contact":3.2908163265306123,"contact_reachability":0.5123152709359606,"contact_satisfaction":6.649484536082475,"autonomy":6.43611911623439},"metadata":{"satisfaction_count":1612,"comprehension_count":1211,"contact_count":196,"contactReachability_count":203,"contactSatisfaction_count":97,"autonomy_count":1041}}
