{"data":{"satisfaction":7.552729528535981,"comprehension":7.108085808580858,"contact":3.3118556701030926,"contact_reachability":0.5074626865671642,"contact_satisfaction":6.7631578947368425,"autonomy":6.484674329501916},"metadata":{"satisfaction_count":1612,"comprehension_count":1212,"contact_count":194,"contactReachability_count":201,"contactSatisfaction_count":95,"autonomy_count":1044}}
