{"data":{"satisfaction":7.433451641526176,"comprehension":7.05422314911366,"contact":3.792059219380888,"contact_reachability":0.574607329842932,"contact_satisfaction":6.740430622009569,"autonomy":6.658421963888202},"metadata":{"satisfaction_count":6762,"comprehension_count":4795,"contact_count":743,"contactReachability_count":764,"contactSatisfaction_count":418,"autonomy_count":4043}}
