{"data":{"satisfaction":7.187670485542826,"comprehension":6.991912798874824,"contact":3.47972972972973,"contact_reachability":0.5242290748898678,"contact_satisfaction":6.776315789473684,"autonomy":6.291118421052632},"metadata":{"satisfaction_count":1833,"comprehension_count":1422,"contact_count":222,"contactReachability_count":227,"contactSatisfaction_count":114,"autonomy_count":1216}}
