{"data":{"satisfaction":7.358781450419339,"comprehension":7.025072736607907,"contact":3.789325842696629,"contact_reachability":0.5677139761646804,"contact_satisfaction":6.868635437881874,"autonomy":6.598984771573604},"metadata":{"satisfaction_count":8108,"comprehension_count":5843,"contact_count":890,"contactReachability_count":923,"contactSatisfaction_count":491,"autonomy_count":4925}}
