{"data":{"satisfaction":7.585730088495575,"comprehension":7.015945330296128,"contact":3.492462311557789,"contact_reachability":0.6009615384615384,"contact_satisfaction":5.991379310344827,"autonomy":6.53169014084507},"metadata":{"satisfaction_count":1808,"comprehension_count":1317,"contact_count":199,"contactReachability_count":208,"contactSatisfaction_count":116,"autonomy_count":1136}}
