{"data":{"satisfaction":7.6002227171492205,"comprehension":7.006125574272588,"contact":3.818681318681319,"contact_reachability":0.6210526315789474,"contact_satisfaction":6.318181818181818,"autonomy":6.784452296819788},"metadata":{"satisfaction_count":1796,"comprehension_count":1306,"contact_count":182,"contactReachability_count":190,"contactSatisfaction_count":110,"autonomy_count":1132}}
