{"data":{"satisfaction":7.412254610350981,"comprehension":6.951158106747231,"contact":3.48937583001328,"contact_reachability":0.5544174135723432,"contact_satisfaction":6.487654320987654,"autonomy":6.4982456140350875},"metadata":{"satisfaction_count":6724,"comprehension_count":4965,"contact_count":753,"contactReachability_count":781,"contactSatisfaction_count":405,"autonomy_count":4275}}
