{"data":{"satisfaction":7.224887133182844,"comprehension":6.863212132996305,"contact":3.4851301115241635,"contact_reachability":0.5437125748502994,"contact_satisfaction":6.602112676056338,"autonomy":6.454237288135594},"metadata":{"satisfaction_count":7088,"comprehension_count":5143,"contact_count":807,"contactReachability_count":835,"contactSatisfaction_count":426,"autonomy_count":4425}}
