{"data":{"satisfaction":7.3956528587179085,"comprehension":6.929272455728611,"contact":3.504243281471004,"contact_reachability":0.555858310626703,"contact_satisfaction":6.502624671916011,"autonomy":6.507543903042295},"metadata":{"satisfaction_count":6349,"comprehension_count":4687,"contact_count":707,"contactReachability_count":734,"contactSatisfaction_count":381,"autonomy_count":4043}}
