{"data":{"satisfaction":7.440517601224433,"comprehension":7.05118187145927,"contact":3.829923273657289,"contact_reachability":0.5687960687960688,"contact_satisfaction":6.9489559164733175,"autonomy":6.658959537572255},"metadata":{"satisfaction_count":7187,"comprehension_count":5119,"contact_count":782,"contactReachability_count":814,"contactSatisfaction_count":431,"autonomy_count":4325}}
