{"data":{"satisfaction":7.358618982799158,"comprehension":7.026202749140894,"contact":3.806433408577878,"contact_reachability":0.5690968443960827,"contact_satisfaction":6.88265306122449,"autonomy":6.5933170334148326},"metadata":{"satisfaction_count":8081,"comprehension_count":5820,"contact_count":886,"contactReachability_count":919,"contactSatisfaction_count":490,"autonomy_count":4908}}
