{"data":{"satisfaction":7.436726659167604,"comprehension":7.046711435907564,"contact":3.839974293059126,"contact_reachability":0.5703703703703704,"contact_satisfaction":6.9476744186046515,"autonomy":6.6487245494968406},"metadata":{"satisfaction_count":7112,"comprehension_count":5063,"contact_count":778,"contactReachability_count":810,"contactSatisfaction_count":430,"autonomy_count":4273}}
