{"data":{"satisfaction":7.5588433086751845,"comprehension":7.050925925925926,"contact":4.074675324675325,"contact_reachability":0.6163522012578616,"contact_satisfaction":6.747311827956989,"autonomy":6.807610993657505},"metadata":{"satisfaction_count":1487,"comprehension_count":1080,"contact_count":154,"contactReachability_count":159,"contactSatisfaction_count":93,"autonomy_count":946}}
