{"data":{"satisfaction":7.563186813186813,"comprehension":6.985404191616767,"contact":3.826530612244898,"contact_reachability":0.5812807881773399,"contact_satisfaction":6.756756756756757,"autonomy":6.795201371036846},"metadata":{"satisfaction_count":1820,"comprehension_count":1336,"contact_count":196,"contactReachability_count":203,"contactSatisfaction_count":111,"autonomy_count":1167}}
