{"data":{"satisfaction":7.590805902383655,"comprehension":7.001953125,"contact":3.8472222222222223,"contact_reachability":0.6223404255319149,"contact_satisfaction":6.353211009174312,"autonomy":6.787003610108303},"metadata":{"satisfaction_count":1762,"comprehension_count":1280,"contact_count":180,"contactReachability_count":188,"contactSatisfaction_count":109,"autonomy_count":1108}}
