{"data":{"satisfaction":7.50796178343949,"comprehension":6.985241180705543,"contact":3.986175115207373,"contact_reachability":0.57847533632287,"contact_satisfaction":7.032520325203252,"autonomy":6.630794701986755},"metadata":{"satisfaction_count":1884,"comprehension_count":1389,"contact_count":217,"contactReachability_count":223,"contactSatisfaction_count":123,"autonomy_count":1208}}
