{"data":{"satisfaction":7.13882618510158,"comprehension":6.927842565597667,"contact":3.3616504854368934,"contact_reachability":0.5188679245283019,"contact_satisfaction":6.658653846153846,"autonomy":6.283034953111679},"metadata":{"satisfaction_count":1772,"comprehension_count":1372,"contact_count":206,"contactReachability_count":212,"contactSatisfaction_count":104,"autonomy_count":1173}}
