{"data":{"satisfaction":7.206613988879134,"comprehension":6.848900544684285,"contact":3.480769230769231,"contact_reachability":0.5390334572490706,"contact_satisfaction":6.654411764705882,"autonomy":6.421717762695998},"metadata":{"satisfaction_count":6834,"comprehension_count":4957,"contact_count":780,"contactReachability_count":807,"contactSatisfaction_count":408,"autonomy_count":4273}}
