{"data":{"satisfaction":7.4984709480122325,"comprehension":7.134297520661157,"contact":3.248663101604278,"contact_reachability":0.5233160621761658,"contact_satisfaction":6.394736842105263,"autonomy":6.572815533980583},"metadata":{"satisfaction_count":1635,"comprehension_count":1210,"contact_count":187,"contactReachability_count":193,"contactSatisfaction_count":95,"autonomy_count":1030}}
