{"data":{"satisfaction":7.392477384542136,"comprehension":6.926881720430107,"contact":3.4971509971509973,"contact_reachability":0.5541838134430727,"contact_satisfaction":6.5119363395225465,"autonomy":6.507105459985041},"metadata":{"satisfaction_count":6301,"comprehension_count":4650,"contact_count":702,"contactReachability_count":729,"contactSatisfaction_count":377,"autonomy_count":4011}}
