{"data":{"satisfaction":7.343571519228329,"comprehension":7.007936507936508,"contact":3.744158878504673,"contact_reachability":0.5635545556805399,"contact_satisfaction":6.848290598290598,"autonomy":6.602510460251046},"metadata":{"satisfaction_count":7879,"comprehension_count":5670,"contact_count":856,"contactReachability_count":889,"contactSatisfaction_count":468,"autonomy_count":4780}}
