{"data":{"satisfaction":5.45566195578655,"comprehension":5.076220662591503,"contact":4.439383030571555,"contact_reachability":0.8134393856280856,"contact_satisfaction":5.469634936881611,"autonomy":2.137653077042319},"metadata":{"satisfaction_count":28091,"comprehension_count":26502,"contact_count":18056,"contactReachability_count":18230,"contactSatisfaction_count":14655,"autonomy_count":25804}}
