{"data":{"satisfaction":5.084081483844506,"comprehension":4.78620019436346,"contact":4.267861994023363,"contact_reachability":0.802132939834999,"contact_satisfaction":5.3371836249363005,"autonomy":1.9800258372254795},"metadata":{"satisfaction_count":21943,"comprehension_count":20580,"contact_count":14724,"contactReachability_count":14909,"contactSatisfaction_count":11774,"autonomy_count":20126}}
