{"data":{"satisfaction":5.691235378945682,"comprehension":5.283665204184948,"contact":4.504212905877518,"contact_reachability":0.8185058817538321,"contact_satisfaction":5.513836477987422,"autonomy":2.200472025544912},"metadata":{"satisfaction_count":31205,"comprehension_count":29630,"contact_count":19464,"contactReachability_count":19637,"contactSatisfaction_count":15900,"autonomy_count":28812}}
