{"data":{"satisfaction":5.634845991065131,"comprehension":5.275911409729999,"contact":4.518866135760334,"contact_reachability":0.8125821596244132,"contact_satisfaction":5.573550046772684,"autonomy":2.168169693890512},"metadata":{"satisfaction_count":8506,"comprehension_count":8037,"contact_count":5274,"contactReachability_count":5325,"contactSatisfaction_count":4276,"autonomy_count":7873}}
