{"data":{"satisfaction":5.676784710511523,"comprehension":5.316139767054908,"contact":4.623641546410119,"contact_reachability":0.8272887323943662,"contact_satisfaction":5.602871329879102,"autonomy":2.134776192818495},"metadata":{"satisfaction_count":8895,"comprehension_count":8414,"contact_count":5613,"contactReachability_count":5680,"contactSatisfaction_count":4632,"autonomy_count":8132}}
