{"data":{"satisfaction":5.674617093417514,"comprehension":5.3078208142556615,"contact":4.5440786984487325,"contact_reachability":0.8140929535232384,"contact_satisfaction":5.59385188635305,"autonomy":2.183223517486062},"metadata":{"satisfaction_count":8553,"comprehension_count":8081,"contact_count":5286,"contactReachability_count":5336,"contactSatisfaction_count":4294,"autonomy_count":7892}}
