{"data":{"satisfaction":5.703829488230472,"comprehension":5.321584302325581,"contact":4.225247063210889,"contact_reachability":0.8033395176252319,"contact_satisfaction":5.266093423193121,"autonomy":2.2218077831654854},"metadata":{"satisfaction_count":8539,"comprehension_count":8256,"contact_count":5363,"contactReachability_count":5390,"contactSatisfaction_count":4303,"autonomy_count":8043}}
