{"data":{"satisfaction":5.755799451234722,"comprehension":5.330372195564777,"contact":4.383903133903134,"contact_reachability":0.8147547628698825,"contact_satisfaction":5.385625,"autonomy":2.3308171103165143},"metadata":{"satisfaction_count":8018,"comprehension_count":7711,"contact_count":4914,"contactReachability_count":4934,"contactSatisfaction_count":4000,"autonomy_count":7551}}
