{"data":{"satisfaction":5.555555555555555,"comprehension":5.178973013493254,"contact":4.17176740627391,"contact_reachability":0.7985145686535898,"contact_satisfaction":5.23021582733813,"autonomy":2.1918866709594336},"metadata":{"satisfaction_count":8289,"comprehension_count":8004,"contact_count":5228,"contactReachability_count":5251,"contactSatisfaction_count":4170,"autonomy_count":7765}}
