{"data":{"satisfaction":5.097377942555948,"comprehension":4.799218787214786,"contact":4.278875025021685,"contact_reachability":0.802886516409648,"contact_satisfaction":5.345740246748917,"autonomy":1.9823017455146594},"metadata":{"satisfaction_count":22387,"comprehension_count":20993,"contact_count":14987,"contactReachability_count":15174,"contactSatisfaction_count":11996,"autonomy_count":20567}}
