{"data":{"satisfaction":5.793774786684293,"comprehension":5.354780329505742,"contact":4.389162561576355,"contact_reachability":0.8153091265947007,"contact_satisfaction":5.388243831640058,"autonomy":2.346276257161044},"metadata":{"satisfaction_count":8321,"comprehension_count":8012,"contact_count":5075,"contactReachability_count":5095,"contactSatisfaction_count":4134,"autonomy_count":7855}}
