{"data":{"satisfaction":5.002664819058786,"comprehension":4.710466439135381,"contact":4.228997716715219,"contact_reachability":0.8003885003885004,"contact_satisfaction":5.301273193841295,"autonomy":1.9724932408604678},"metadata":{"satisfaction_count":18763,"comprehension_count":17580,"contact_count":12701,"contactReachability_count":12870,"contactSatisfaction_count":10132,"autonomy_count":17014}}
