{"data":{"satisfaction":5.65360244074161,"comprehension":5.286051129312485,"contact":4.534234915831284,"contact_reachability":0.8135180677775697,"contact_satisfaction":5.586693078536472,"autonomy":2.1634980988593155},"metadata":{"satisfaction_count":8522,"comprehension_count":8058,"contact_count":5287,"contactReachability_count":5341,"contactSatisfaction_count":4291,"autonomy_count":7890}}
