{"data":{"satisfaction":5.823185011709602,"comprehension":5.381062355658199,"contact":4.3932692307692305,"contact_reachability":0.816893315456809,"contact_satisfaction":5.382893496701225,"autonomy":2.3599950550129805},"metadata":{"satisfaction_count":8540,"comprehension_count":8227,"contact_count":5200,"contactReachability_count":5221,"contactSatisfaction_count":4244,"autonomy_count":8089}}
