{"data":{"satisfaction":5.67588813303099,"comprehension":5.270999045497932,"contact":4.476825672997922,"contact_reachability":0.8172625323492764,"contact_satisfaction":5.488209503495675,"autonomy":2.2125177153027256},"metadata":{"satisfaction_count":33075,"comprehension_count":31430,"contact_count":20691,"contactReachability_count":20866,"contactSatisfaction_count":16878,"autonomy_count":30341}}
