{"data":{"satisfaction":5.6413960476135445,"comprehension":5.300452820952148,"contact":4.533906134515891,"contact_reachability":0.8139619883040936,"contact_satisfaction":5.584319526627219,"autonomy":2.1638972809667676},"metadata":{"satisfaction_count":8653,"comprehension_count":8171,"contact_count":5412,"contactReachability_count":5472,"contactSatisfaction_count":4394,"autonomy_count":7944}}
