{"data":{"satisfaction":5.643951569698918,"comprehension":5.280011325028313,"contact":4.570273837017486,"contact_reachability":0.8270874424720579,"contact_satisfaction":5.529940119760479,"autonomy":2.078435936227162},"metadata":{"satisfaction_count":9333,"comprehension_count":8830,"contact_count":6062,"contactReachability_count":6084,"contactSatisfaction_count":5010,"autonomy_count":8593}}
