{"data":{"satisfaction":5.794787508804884,"comprehension":5.38030303030303,"contact":4.3001339456563334,"contact_reachability":0.8048734056729487,"contact_satisfaction":5.3493215900975954,"autonomy":2.2658685621648584},"metadata":{"satisfaction_count":8518,"comprehension_count":8250,"contact_count":5226,"contactReachability_count":5253,"contactSatisfaction_count":4201,"autonomy_count":8019}}
