{"data":{"satisfaction":5.091104927744368,"comprehension":4.792873211123343,"contact":4.27221552070768,"contact_reachability":0.8025680058243431,"contact_satisfaction":5.339643186196499,"autonomy":1.9878365785472558},"metadata":{"satisfaction_count":22282,"comprehension_count":20893,"contact_count":14922,"contactReachability_count":15109,"contactSatisfaction_count":11939,"autonomy_count":20389}}
