{"data":{"satisfaction":5.082948055480011,"comprehension":4.787326598675625,"contact":4.266754581727193,"contact_reachability":0.8021640395404755,"contact_satisfaction":5.335517970401692,"autonomy":1.9824049819601641},"metadata":{"satisfaction_count":22062,"comprehension_count":20689,"contact_count":14787,"contactReachability_count":14972,"contactSatisfaction_count":11825,"autonomy_count":20233}}
