{"data":{"satisfaction":5.611551528878822,"comprehension":5.276592908557718,"contact":4.5075065936295395,"contact_reachability":0.8082412060301507,"contact_satisfaction":5.589308176100629,"autonomy":2.15715647555495},"metadata":{"satisfaction_count":7947,"comprehension_count":7502,"contact_count":4929,"contactReachability_count":4975,"contactSatisfaction_count":3975,"autonomy_count":7343}}
