{"data":{"satisfaction":5.757146377525875,"comprehension":5.334272540983607,"contact":4.383471575966013,"contact_reachability":0.8147924224103185,"contact_satisfaction":5.3845675944334,"autonomy":2.3467119884952283},"metadata":{"satisfaction_count":8116,"comprehension_count":7808,"contact_count":4943,"contactReachability_count":4962,"contactSatisfaction_count":4024,"autonomy_count":7649}}
