{"data":{"satisfaction":4.957595553263423,"comprehension":4.6612942687626155,"contact":4.1800249169435215,"contact_reachability":0.800148895690297,"contact_satisfaction":5.229374480465503,"autonomy":1.9186588016144055},"metadata":{"satisfaction_count":17451,"comprehension_count":16349,"contact_count":12040,"contactReachability_count":12089,"contactSatisfaction_count":9624,"autonomy_count":16105}}
