{"data":{"satisfaction":5.749402741103986,"comprehension":5.323976915005247,"contact":4.440904419321686,"contact_reachability":0.8180515759312321,"contact_satisfaction":5.433853118712274,"autonomy":2.3046251993620417},"metadata":{"satisfaction_count":7953,"comprehension_count":7624,"contact_count":4865,"contactReachability_count":4886,"contactSatisfaction_count":3976,"autonomy_count":7524}}
