{"data":{"satisfaction":5.651944085516269,"comprehension":5.288317989549639,"contact":4.534640274076894,"contact_reachability":0.8137254901960784,"contact_satisfaction":5.584857008907642,"autonomy":2.1806615776081424},"metadata":{"satisfaction_count":8513,"comprehension_count":8038,"contact_count":5254,"contactReachability_count":5304,"contactSatisfaction_count":4266,"autonomy_count":7860}}
