{"data":{"satisfaction":5.092860271572492,"comprehension":4.7986921999065855,"contact":4.280615586116569,"contact_reachability":0.8030528426363107,"contact_satisfaction":5.346830265848671,"autonomy":1.9738406658739596},"metadata":{"satisfaction_count":22830,"comprehension_count":21410,"contact_count":15270,"contactReachability_count":15461,"contactSatisfaction_count":12225,"autonomy_count":21025}}
