{"data":{"satisfaction":5.6503806188312256,"comprehension":5.247139030922814,"contact":4.452759913015315,"contact_reachability":0.8158957415565345,"contact_satisfaction":5.467729106300778,"autonomy":2.2114748416774317},"metadata":{"satisfaction_count":34549,"comprehension_count":32856,"contact_count":21613,"contactReachability_count":21792,"contactSatisfaction_count":17601,"autonomy_count":31739}}
