{"data":{"satisfaction":5.48103186646434,"comprehension":5.100810048888413,"contact":4.432326474767142,"contact_reachability":0.8135425354462051,"contact_satisfaction":5.46009983145339,"autonomy":2.156790713052423},"metadata":{"satisfaction_count":29655,"comprehension_count":28023,"contact_count":19003,"contactReachability_count":19184,"contactSatisfaction_count":15426,"autonomy_count":27221}}
