{"data":{"satisfaction":5.819204910844782,"comprehension":5.364378590867856,"contact":4.367933605965841,"contact_reachability":0.8128444763958783,"contact_satisfaction":5.378406398104265,"autonomy":2.3410493827160495},"metadata":{"satisfaction_count":6842,"comprehension_count":6614,"contact_count":4157,"contactReachability_count":4173,"contactSatisfaction_count":3376,"autonomy_count":6480}}
