{"data":{"satisfaction":5.674061433447099,"comprehension":5.318482841661649,"contact":4.619751306541719,"contact_reachability":0.826148913430709,"contact_satisfaction":5.605729280559808,"autonomy":2.130148065198457},"metadata":{"satisfaction_count":8790,"comprehension_count":8305,"contact_count":5549,"contactReachability_count":5614,"contactSatisfaction_count":4573,"autonomy_count":8037}}
