{"data":{"satisfaction":6.325503355704698,"comprehension":6.809021113243762,"contact":2.1043165467625897,"contact_reachability":0.4397163120567376,"contact_satisfaction":4.875,"autonomy":6.148936170212766},"metadata":{"satisfaction_count":596,"comprehension_count":521,"contact_count":139,"contactReachability_count":141,"contactSatisfaction_count":60,"autonomy_count":470}}
