{"data":{"satisfaction":4.952741020793951,"comprehension":6.137140902872777,"contact":2.3849693251533743,"contact_reachability":0.4774774774774775,"contact_satisfaction":5.115131578947368,"autonomy":5.818181818181818},"metadata":{"satisfaction_count":1587,"comprehension_count":1462,"contact_count":326,"contactReachability_count":333,"contactSatisfaction_count":152,"autonomy_count":1320}}
