{"data":{"satisfaction":6.634615384615385,"comprehension":7.131578947368421,"contact":3.3333333333333335,"contact_reachability":0.7083333333333334,"contact_satisfaction":4.705882352941177,"autonomy":6.153846153846154},"metadata":{"satisfaction_count":104,"comprehension_count":95,"contact_count":24,"contactReachability_count":24,"contactSatisfaction_count":17,"autonomy_count":91}}
