{"data":{"satisfaction":6.55324259407526,"comprehension":7.026600541027953,"contact":2.547528517110266,"contact_reachability":0.4810606060606061,"contact_satisfaction":5.317460317460317,"autonomy":6.272189349112426},"metadata":{"satisfaction_count":1249,"comprehension_count":1109,"contact_count":263,"contactReachability_count":264,"contactSatisfaction_count":126,"autonomy_count":1014}}
