{"data":{"satisfaction":4.736486486486487,"comprehension":6.008804108584006,"contact":2.371794871794872,"contact_reachability":0.47962382445141066,"contact_satisfaction":5.068493150684931,"autonomy":5.715447154471545},"metadata":{"satisfaction_count":1480,"comprehension_count":1363,"contact_count":312,"contactReachability_count":319,"contactSatisfaction_count":146,"autonomy_count":1230}}
