{"data":{"satisfaction":6.6553480475382,"comprehension":7.0928571428571425,"contact":2.5933609958506225,"contact_reachability":0.49173553719008267,"contact_satisfaction":5.296610169491525,"autonomy":6.350364963503649},"metadata":{"satisfaction_count":1178,"comprehension_count":1050,"contact_count":241,"contactReachability_count":242,"contactSatisfaction_count":118,"autonomy_count":959}}
