{"data":{"satisfaction":7.427184466019417,"comprehension":7.619047619047619,"contact":3.3333333333333335,"contact_reachability":0.6363636363636364,"contact_satisfaction":5.238095238095238,"autonomy":6.761363636363637},"metadata":{"satisfaction_count":206,"comprehension_count":189,"contact_count":33,"contactReachability_count":33,"contactSatisfaction_count":21,"autonomy_count":176}}
