{"data":{"satisfaction":7.007575757575758,"comprehension":7.2883917775090685,"contact":2.6373626373626373,"contact_reachability":0.4918032786885246,"contact_satisfaction":5.393258426966292,"autonomy":6.635883905013193},"metadata":{"satisfaction_count":924,"comprehension_count":827,"contact_count":182,"contactReachability_count":183,"contactSatisfaction_count":89,"autonomy_count":758}}
