{"data":{"satisfaction":6.691259931895573,"comprehension":7.086538461538462,"contact":2.5657894736842106,"contact_reachability":0.4816753926701571,"contact_satisfaction":5.357142857142857,"autonomy":6.400560224089636},"metadata":{"satisfaction_count":881,"comprehension_count":780,"contact_count":190,"contactReachability_count":191,"contactSatisfaction_count":91,"autonomy_count":714}}
