{"data":{"satisfaction":4.946270543615676,"comprehension":6.1341798215511325,"contact":2.3849693251533743,"contact_reachability":0.4774774774774775,"contact_satisfaction":5.115131578947368,"autonomy":5.808656036446469},"metadata":{"satisfaction_count":1582,"comprehension_count":1457,"contact_count":326,"contactReachability_count":333,"contactSatisfaction_count":152,"autonomy_count":1317}}
