{"data":{"satisfaction":9.11036036036036,"comprehension":8.38388911209321,"contact":6.44489247311828,"contact_reachability":0.8049382716049382,"contact_satisfaction":8.18259385665529,"autonomy":6.204766107678729},"metadata":{"satisfaction_count":3108,"comprehension_count":2489,"contact_count":372,"contactReachability_count":405,"contactSatisfaction_count":293,"autonomy_count":2266}}
