{"data":{"satisfaction":9.132947976878613,"comprehension":8.618421052631579,"contact":6.506849315068493,"contact_reachability":0.8552631578947368,"contact_satisfaction":7.661290322580645,"autonomy":6.27906976744186},"metadata":{"satisfaction_count":519,"comprehension_count":418,"contact_count":73,"contactReachability_count":76,"contactSatisfaction_count":62,"autonomy_count":387}}
