{"data":{"satisfaction":9.069264069264069,"comprehension":8.425141242937853,"contact":4.891304347826087,"contact_reachability":0.6986301369863014,"contact_satisfaction":7.180851063829787,"autonomy":5.907692307692308},"metadata":{"satisfaction_count":462,"comprehension_count":354,"contact_count":69,"contactReachability_count":73,"contactSatisfaction_count":47,"autonomy_count":325}}
