{"data":{"satisfaction":9.195906432748538,"comprehension":8.477488151658768,"contact":6.848739495798319,"contact_reachability":0.8074074074074075,"contact_satisfaction":8.763440860215054,"autonomy":6.2105263157894735},"metadata":{"satisfaction_count":1026,"comprehension_count":844,"contact_count":119,"contactReachability_count":135,"contactSatisfaction_count":93,"autonomy_count":760}}
