{"data":{"satisfaction":9.160522435222246,"comprehension":8.26986076986077,"contact":6.621392190152801,"contact_reachability":0.8154574132492114,"contact_satisfaction":8.26271186440678,"autonomy":6.21074258878779},"metadata":{"satisfaction_count":4747,"comprehension_count":3663,"contact_count":589,"contactReachability_count":634,"contactSatisfaction_count":472,"autonomy_count":3407}}
