{"data":{"satisfaction":9.16258778463503,"comprehension":8.272677143644886,"contact":6.597222222222222,"contact_reachability":0.81421647819063,"contact_satisfaction":8.242950108459869,"autonomy":6.220706021951943},"metadata":{"satisfaction_count":4699,"comprehension_count":3627,"contact_count":576,"contactReachability_count":619,"contactSatisfaction_count":461,"autonomy_count":3371}}
