{"data":{"satisfaction":9.072052401746724,"comprehension":8.414285714285715,"contact":4.813432835820896,"contact_reachability":0.6901408450704225,"contact_satisfaction":7.166666666666667,"autonomy":5.84375},"metadata":{"satisfaction_count":458,"comprehension_count":350,"contact_count":67,"contactReachability_count":71,"contactSatisfaction_count":45,"autonomy_count":320}}
