{"data":{"satisfaction":9.08102766798419,"comprehension":8.552311435523114,"contact":6.587837837837838,"contact_reachability":0.8701298701298701,"contact_satisfaction":7.6171875,"autonomy":6.26984126984127},"metadata":{"satisfaction_count":506,"comprehension_count":411,"contact_count":74,"contactReachability_count":77,"contactSatisfaction_count":64,"autonomy_count":378}}
