{"data":{"satisfaction":9.20036918946132,"comprehension":8.373346137430644,"contact":6.631844380403458,"contact_reachability":0.8239247311827957,"contact_satisfaction":8.174955595026644,"autonomy":6.381839348079162},"metadata":{"satisfaction_count":5959,"comprehension_count":4686,"contact_count":694,"contactReachability_count":744,"contactSatisfaction_count":563,"autonomy_count":4295}}
