{"data":{"satisfaction":9.136546184738956,"comprehension":8.64102564102564,"contact":5.753968253968254,"contact_reachability":0.803030303030303,"contact_satisfaction":7.25,"autonomy":6.284916201117318},"metadata":{"satisfaction_count":498,"comprehension_count":390,"contact_count":63,"contactReachability_count":66,"contactSatisfaction_count":50,"autonomy_count":358}}
