{"data":{"satisfaction":9.247275204359672,"comprehension":8.556658395368073,"contact":7.045454545454546,"contact_reachability":0.8351063829787234,"contact_satisfaction":8.675373134328359,"autonomy":6.1900369003690034},"metadata":{"satisfaction_count":1468,"comprehension_count":1209,"contact_count":165,"contactReachability_count":188,"contactSatisfaction_count":134,"autonomy_count":1084}}
