{"data":{"satisfaction":9.197761194029852,"comprehension":8.375773195876288,"contact":6.626928471248247,"contact_reachability":0.8219895287958116,"contact_satisfaction":8.188908145580589,"autonomy":6.397922312556459},"metadata":{"satisfaction_count":6164,"comprehension_count":4850,"contact_count":713,"contactReachability_count":764,"contactSatisfaction_count":577,"autonomy_count":4428}}
