{"data":{"satisfaction":9.158280922431866,"comprehension":8.26860401955459,"contact":6.613175675675675,"contact_reachability":0.814756671899529,"contact_satisfaction":8.259493670886076,"autonomy":6.2128279883381925},"metadata":{"satisfaction_count":4770,"comprehension_count":3682,"contact_count":592,"contactReachability_count":637,"contactSatisfaction_count":474,"autonomy_count":3430}}
