{"data":{"satisfaction":9.233238231098431,"comprehension":8.53298611111111,"contact":6.867469879518072,"contact_reachability":0.8216216216216217,"contact_satisfaction":8.571428571428571,"autonomy":6.182170542635659},"metadata":{"satisfaction_count":1402,"comprehension_count":1152,"contact_count":166,"contactReachability_count":185,"contactSatisfaction_count":133,"autonomy_count":1032}}
