{"data":{"satisfaction":9.246263807667317,"comprehension":8.562945368171022,"contact":6.727528089887641,"contact_reachability":0.8214285714285714,"contact_satisfaction":8.374125874125873,"autonomy":6.1335676625659055},"metadata":{"satisfaction_count":1539,"comprehension_count":1263,"contact_count":178,"contactReachability_count":196,"contactSatisfaction_count":143,"autonomy_count":1138}}
