{"data":{"satisfaction":9.131944444444445,"comprehension":8.39323467230444,"contact":6.174242424242424,"contact_reachability":0.7638888888888888,"contact_satisfaction":8.316326530612244,"autonomy":6.139088729016787},"metadata":{"satisfaction_count":576,"comprehension_count":473,"contact_count":66,"contactReachability_count":72,"contactSatisfaction_count":49,"autonomy_count":417}}
