{"data":{"satisfaction":8.789473684210526,"comprehension":8.182414698162729,"contact":5.70945945945946,"contact_reachability":0.717948717948718,"contact_satisfaction":8.125,"autonomy":5.848484848484849},"metadata":{"satisfaction_count":475,"comprehension_count":381,"contact_count":74,"contactReachability_count":78,"contactSatisfaction_count":52,"autonomy_count":330}}
