{"data":{"satisfaction":9.201154956689123,"comprehension":8.487690504103165,"contact":6.94,"contact_reachability":0.8156028368794326,"contact_satisfaction":8.762626262626263,"autonomy":6.171875},"metadata":{"satisfaction_count":1039,"comprehension_count":853,"contact_count":125,"contactReachability_count":141,"contactSatisfaction_count":99,"autonomy_count":768}}
