{"data":{"satisfaction":8.815217391304348,"comprehension":8.233333333333333,"contact":5.390625,"contact_reachability":0.696969696969697,"contact_satisfaction":7.840909090909091,"autonomy":5.944272445820434},"metadata":{"satisfaction_count":460,"comprehension_count":375,"contact_count":64,"contactReachability_count":66,"contactSatisfaction_count":44,"autonomy_count":323}}
