{"data":{"satisfaction":9.178364987613543,"comprehension":8.469696969696969,"contact":6.709558823529412,"contact_reachability":0.7987012987012987,"contact_satisfaction":8.69047619047619,"autonomy":6.230425055928412},"metadata":{"satisfaction_count":1211,"comprehension_count":990,"contact_count":136,"contactReachability_count":154,"contactSatisfaction_count":105,"autonomy_count":894}}
