{"data":{"satisfaction":9.116895560523794,"comprehension":8.391859537110934,"contact":6.43716577540107,"contact_reachability":0.8034398034398035,"contact_satisfaction":8.188775510204081,"autonomy":6.218229623137598},"metadata":{"satisfaction_count":3131,"comprehension_count":2506,"contact_count":374,"contactReachability_count":407,"contactSatisfaction_count":294,"autonomy_count":2282}}
