{"data":{"satisfaction":8.770833333333334,"comprehension":8.1640625,"contact":5.54054054054054,"contact_reachability":0.7051282051282052,"contact_satisfaction":8.03921568627451,"autonomy":5.9411764705882355},"metadata":{"satisfaction_count":480,"comprehension_count":384,"contact_count":74,"contactReachability_count":78,"contactSatisfaction_count":51,"autonomy_count":340}}
