{"data":{"satisfaction":8.908629441624365,"comprehension":8.209677419354838,"contact":5.78125,"contact_reachability":0.7313432835820896,"contact_satisfaction":8.043478260869565,"autonomy":5.905797101449275},"metadata":{"satisfaction_count":394,"comprehension_count":310,"contact_count":64,"contactReachability_count":67,"contactSatisfaction_count":46,"autonomy_count":276}}
