{"data":{"satisfaction":9.117097477421364,"comprehension":8.392229597813355,"contact":6.3441558441558445,"contact_reachability":0.7952380952380952,"contact_satisfaction":8.168896321070234,"autonomy":6.210887269609945},"metadata":{"satisfaction_count":3211,"comprehension_count":2561,"contact_count":385,"contactReachability_count":420,"contactSatisfaction_count":299,"autonomy_count":2333}}
