{"data":{"satisfaction":9.211154698959577,"comprehension":8.376411815812338,"contact":6.59288824383164,"contact_reachability":0.8257887517146777,"contact_satisfaction":8.082740213523131,"autonomy":6.377188831045906},"metadata":{"satisfaction_count":5863,"comprehension_count":4604,"contact_count":689,"contactReachability_count":729,"contactSatisfaction_count":562,"autonomy_count":4226}}
