{"data":{"satisfaction":9.108814982240878,"comprehension":8.381700927045546,"contact":6.44489247311828,"contact_reachability":0.8049382716049382,"contact_satisfaction":8.18259385665529,"autonomy":6.207964601769912},"metadata":{"satisfaction_count":3097,"comprehension_count":2481,"contact_count":372,"contactReachability_count":405,"contactSatisfaction_count":293,"autonomy_count":2260}}
