{"data":{"satisfaction":9.006107717934482,"comprehension":8.384083044982699,"contact":5.679012345679013,"contact_reachability":0.7403100775193798,"contact_satisfaction":7.840909090909091,"autonomy":6.029298380878951},"metadata":{"satisfaction_count":1801,"comprehension_count":1445,"contact_count":243,"contactReachability_count":258,"contactSatisfaction_count":176,"autonomy_count":1297}}
