{"data":{"satisfaction":9.196529917301767,"comprehension":8.37489694971146,"contact":6.626928471248247,"contact_reachability":0.8219895287958116,"contact_satisfaction":8.188908145580589,"autonomy":6.395847438501467},"metadata":{"satisfaction_count":6167,"comprehension_count":4852,"contact_count":713,"contactReachability_count":764,"contactSatisfaction_count":577,"autonomy_count":4431}}
