{"data":{"satisfaction":9.217456734386756,"comprehension":8.504098360655737,"contact":6.776729559748428,"contact_reachability":0.8125,"contact_satisfaction":8.551587301587302,"autonomy":6.239837398373984},"metadata":{"satisfaction_count":1329,"comprehension_count":1098,"contact_count":159,"contactReachability_count":176,"contactSatisfaction_count":126,"autonomy_count":984}}
