{"data":{"satisfaction":9.096267190569744,"comprehension":8.564476885644769,"contact":6.549295774647887,"contact_reachability":0.8648648648648649,"contact_satisfaction":7.622950819672131,"autonomy":6.243386243386244},"metadata":{"satisfaction_count":509,"comprehension_count":411,"contact_count":71,"contactReachability_count":74,"contactSatisfaction_count":61,"autonomy_count":378}}
