{"data":{"satisfaction":7.460377358490566,"comprehension":7.434150772025432,"contact":4.8375,"contact_reachability":0.6699029126213593,"contact_satisfaction":7.329545454545454,"autonomy":5.919153031761309},"metadata":{"satisfaction_count":1325,"comprehension_count":1101,"contact_count":200,"contactReachability_count":206,"contactSatisfaction_count":132,"autonomy_count":1039}}
