{"data":{"satisfaction":7.4080410607356715,"comprehension":7.205274043433299,"contact":3.801546391752577,"contact_reachability":0.5786802030456852,"contact_satisfaction":6.6441441441441444,"autonomy":5.7894736842105265},"metadata":{"satisfaction_count":1169,"comprehension_count":967,"contact_count":194,"contactReachability_count":197,"contactSatisfaction_count":111,"autonomy_count":893}}
