{"data":{"satisfaction":7.412451361867705,"comprehension":7.2136871508379885,"contact":3.88412017167382,"contact_reachability":0.5738396624472574,"contact_satisfaction":6.856060606060606,"autonomy":5.786290322580645},"metadata":{"satisfaction_count":1285,"comprehension_count":1074,"contact_count":233,"contactReachability_count":237,"contactSatisfaction_count":132,"autonomy_count":992}}
