{"data":{"satisfaction":7.357692307692307,"comprehension":7.204797047970479,"contact":3.8340336134453783,"contact_reachability":0.5702479338842975,"contact_satisfaction":6.809701492537314,"autonomy":5.782652043868395},"metadata":{"satisfaction_count":1300,"comprehension_count":1084,"contact_count":238,"contactReachability_count":242,"contactSatisfaction_count":134,"autonomy_count":1003}}
