{"data":{"satisfaction":7.443181818181818,"comprehension":7.1907439446366785,"contact":3.925531914893617,"contact_reachability":0.5815899581589958,"contact_satisfaction":6.833333333333333,"autonomy":5.834109972041007},"metadata":{"satisfaction_count":1408,"comprehension_count":1156,"contact_count":235,"contactReachability_count":239,"contactSatisfaction_count":135,"autonomy_count":1073}}
