{"data":{"satisfaction":7.350449973530969,"comprehension":7.28628389154705,"contact":4.401709401709402,"contact_reachability":0.6568144499178982,"contact_satisfaction":6.848404255319149,"autonomy":5.849056603773585},"metadata":{"satisfaction_count":3778,"comprehension_count":3135,"contact_count":585,"contactReachability_count":609,"contactSatisfaction_count":376,"autonomy_count":2915}}
