{"data":{"satisfaction":7.360092223852442,"comprehension":7.304776345716452,"contact":4.171018276762402,"contact_reachability":0.6215189873417721,"contact_satisfaction":6.841541755888651,"autonomy":5.866013071895424},"metadata":{"satisfaction_count":4771,"comprehension_count":3957,"contact_count":766,"contactReachability_count":790,"contactSatisfaction_count":467,"autonomy_count":3672}}
