{"data":{"satisfaction":7.3889115368936,"comprehension":7.298616258957252,"contact":4.14765525982256,"contact_reachability":0.6111111111111112,"contact_satisfaction":6.904008438818566,"autonomy":5.863791743360505},"metadata":{"satisfaction_count":4906,"comprehension_count":4047,"contact_count":789,"contactReachability_count":810,"contactSatisfaction_count":474,"autonomy_count":3803}}
