{"data":{"satisfaction":7.398832684824903,"comprehension":7.294131566493138,"contact":4.171779141104294,"contact_reachability":0.6148325358851675,"contact_satisfaction":6.896551724137931,"autonomy":5.864585955197584},"metadata":{"satisfaction_count":5140,"comprehension_count":4226,"contact_count":815,"contactReachability_count":836,"contactSatisfaction_count":493,"autonomy_count":3973}}
