{"data":{"satisfaction":7.359749739311783,"comprehension":7.307063851181498,"contact":4.164499349804942,"contact_reachability":0.6204287515762925,"contact_satisfaction":6.842948717948718,"autonomy":5.87056593555375},"metadata":{"satisfaction_count":4795,"comprehension_count":3978,"contact_count":769,"contactReachability_count":793,"contactSatisfaction_count":468,"autonomy_count":3693}}
