{"data":{"satisfaction":7.567313713212273,"comprehension":7.316232771822358,"contact":4.232365145228216,"contact_reachability":0.6356275303643725,"contact_satisfaction":6.754966887417218,"autonomy":6.06425702811245},"metadata":{"satisfaction_count":1597,"comprehension_count":1306,"contact_count":241,"contactReachability_count":247,"contactSatisfaction_count":151,"autonomy_count":1245}}
