{"data":{"satisfaction":7.363252113376429,"comprehension":7.292040694195093,"contact":4.304451510333863,"contact_reachability":0.6401225114854517,"contact_satisfaction":6.871827411167513,"autonomy":5.878748790712673},"metadata":{"satisfaction_count":4022,"comprehension_count":3342,"contact_count":629,"contactReachability_count":653,"contactSatisfaction_count":394,"autonomy_count":3101}}
