{"data":{"satisfaction":7.376144879267278,"comprehension":7.286562263197777,"contact":4.14405684754522,"contact_reachability":0.6125786163522012,"contact_satisfaction":6.883047210300429,"autonomy":5.861790803979565},"metadata":{"satisfaction_count":4804,"comprehension_count":3959,"contact_count":774,"contactReachability_count":795,"contactSatisfaction_count":466,"autonomy_count":3719}}
