{"data":{"satisfaction":7.459203036053131,"comprehension":7.321387416455404,"contact":4.1647058823529415,"contact_reachability":0.6082949308755761,"contact_satisfaction":6.9411764705882355,"autonomy":5.950048971596474},"metadata":{"satisfaction_count":5270,"comprehension_count":4339,"contact_count":850,"contactReachability_count":868,"contactSatisfaction_count":510,"autonomy_count":4084}}
