{"data":{"satisfaction":7.477506426735219,"comprehension":7.417244033872209,"contact":3.903345724907063,"contact_reachability":0.5514705882352942,"contact_satisfaction":7.142857142857143,"autonomy":5.821138211382114},"metadata":{"satisfaction_count":1556,"comprehension_count":1299,"contact_count":269,"contactReachability_count":272,"contactSatisfaction_count":147,"autonomy_count":1230}}
