{"data":{"satisfaction":7.485528219971056,"comprehension":7.419982698961937,"contact":4.5,"contact_reachability":0.6199095022624435,"contact_satisfaction":7.385496183206107,"autonomy":5.981651376146789},"metadata":{"satisfaction_count":1382,"comprehension_count":1156,"contact_count":215,"contactReachability_count":221,"contactSatisfaction_count":131,"autonomy_count":1090}}
