{"data":{"satisfaction":7.332512988788625,"comprehension":7.266655672823219,"contact":4.351374570446735,"contact_reachability":0.655,"contact_satisfaction":6.753333333333333,"autonomy":5.815929203539823},"metadata":{"satisfaction_count":3657,"comprehension_count":3032,"contact_count":582,"contactReachability_count":600,"contactSatisfaction_count":375,"autonomy_count":2825}}
