{"data":{"satisfaction":7.481343283582089,"comprehension":7.466397849462366,"contact":4.961734693877551,"contact_reachability":0.6862745098039216,"contact_satisfaction":7.367424242424242,"autonomy":5.994263862332696},"metadata":{"satisfaction_count":1340,"comprehension_count":1116,"contact_count":196,"contactReachability_count":204,"contactSatisfaction_count":132,"autonomy_count":1046}}
