{"data":{"satisfaction":8.182419339956326,"comprehension":7.5441009363766485,"contact":5.980311441475348,"contact_reachability":0.7398174320003706,"contact_satisfaction":8.127197749504507,"autonomy":6.571472369997331},"metadata":{"satisfaction_count":195078,"comprehension_count":183046,"contact_count":21256,"contactReachability_count":21581,"contactSatisfaction_count":15641,"autonomy_count":176131}}
