{"data":{"satisfaction":8.41439170355796,"comprehension":7.825324018151546,"contact":6.501682692307693,"contact_reachability":0.7754948162111216,"contact_satisfaction":8.433212771264655,"autonomy":6.966979627181988},"metadata":{"satisfaction_count":97584,"comprehension_count":91893,"contact_count":10400,"contactReachability_count":10610,"contactSatisfaction_count":8018,"autonomy_count":87764}}
