{"data":{"satisfaction":7.95884575465006,"comprehension":7.305682788448495,"contact":5.5591423425872435,"contact_reachability":0.7087108247768606,"contact_satisfaction":7.885097358781569,"autonomy":6.3398777846794365},"metadata":{"satisfaction_count":267846,"comprehension_count":250634,"contact_count":29429,"contactReachability_count":29802,"contactSatisfaction_count":20748,"autonomy_count":238268}}
