{"data":{"satisfaction":8.403247298030895,"comprehension":7.808938699768302,"contact":6.466425279789335,"contact_reachability":0.7725931390630764,"contact_satisfaction":8.418942083996571,"autonomy":6.930165948794193},"metadata":{"satisfaction_count":101315,"comprehension_count":95383,"contact_count":10633,"contactReachability_count":10844,"contactSatisfaction_count":8167,"autonomy_count":91474}}
