{"data":{"satisfaction":8.403360868432086,"comprehension":7.823263149024282,"contact":6.251218832706505,"contact_reachability":0.7468579234972678,"contact_satisfaction":8.426117161096508,"autonomy":7.198538674729151},"metadata":{"satisfaction_count":88251,"comprehension_count":83067,"contact_count":7179,"contactReachability_count":7320,"contactSatisfaction_count":5326,"autonomy_count":79380}}
