{"data":{"satisfaction":8.266868144928521,"comprehension":7.641289809492824,"contact":6.00222507165485,"contact_reachability":0.7373737373737373,"contact_satisfaction":8.185301378317218,"autonomy":6.844099616570746},"metadata":{"satisfaction_count":147245,"comprehension_count":138315,"contact_count":13258,"contactReachability_count":13464,"contactSatisfaction_count":9722,"autonomy_count":133271}}
