{"data":{"satisfaction":8.422521980515711,"comprehension":7.835426657105723,"contact":6.506518710191083,"contact_reachability":0.7749707374170893,"contact_satisfaction":8.445614261723291,"autonomy":6.96894889554474},"metadata":{"satisfaction_count":94743,"comprehension_count":89252,"contact_count":10048,"contactReachability_count":10252,"contactSatisfaction_count":7741,"autonomy_count":85472}}
