{"data":{"satisfaction":8.449561040251782,"comprehension":7.721115895227843,"contact":6.950815494393476,"contact_reachability":0.837865055387714,"contact_satisfaction":8.315548780487806,"autonomy":4.647940074906367},"metadata":{"satisfaction_count":6037,"comprehension_count":5574,"contact_count":1962,"contactReachability_count":1986,"contactSatisfaction_count":1640,"autonomy_count":5340}}
