{"data":{"satisfaction":8.084696307966235,"comprehension":7.4422229735777,"contact":5.715432240311855,"contact_reachability":0.7188291711907348,"contact_satisfaction":7.993906350224503,"autonomy":6.57407890480712},"metadata":{"satisfaction_count":214543,"comprehension_count":201118,"contact_count":21805,"contactReachability_count":22104,"contactSatisfaction_count":15590,"autonomy_count":191674}}
