{"data":{"satisfaction":8.353646169447774,"comprehension":7.748245201262671,"contact":6.100033418736772,"contact_reachability":0.737354937595796,"contact_satisfaction":8.324718759501367,"autonomy":7.075941981513517},"metadata":{"satisfaction_count":108470,"comprehension_count":102006,"contact_count":8977,"contactReachability_count":9134,"contactSatisfaction_count":6578,"autonomy_count":97693}}
