{"data":{"satisfaction":7.937729737598719,"comprehension":7.283842556932677,"contact":5.526036565458701,"contact_reachability":0.7058102792287354,"contact_satisfaction":7.870478006137822,"autonomy":6.29266457577703},"metadata":{"satisfaction_count":274770,"comprehension_count":257058,"contact_count":30630,"contactReachability_count":31014,"contactSatisfaction_count":21506,"autonomy_count":244553}}
