{"data":{"satisfaction":8.160628013375819,"comprehension":7.521470154385633,"contact":5.950049080849545,"contact_reachability":0.7379571026722925,"contact_satisfaction":8.106534954407294,"autonomy":6.547621651175506},"metadata":{"satisfaction_count":203053,"comprehension_count":190497,"contact_count":22412,"contactReachability_count":22752,"contactSatisfaction_count":16450,"autonomy_count":182900}}
