{"data":{"satisfaction":8.261981372745065,"comprehension":7.632120441981823,"contact":6.1782208935018055,"contact_reachability":0.7565062982076466,"contact_satisfaction":8.210457271364318,"autonomy":6.687546947097328},"metadata":{"satisfaction_count":165027,"comprehension_count":155029,"contact_count":17728,"contactReachability_count":18021,"contactSatisfaction_count":13340,"autonomy_count":149104}}
