{"data":{"satisfaction":8.396389061826541,"comprehension":7.799400588217335,"contact":6.454000544909636,"contact_reachability":0.772759665063246,"contact_satisfaction":8.400118203309693,"autonomy":6.895117330143845},"metadata":{"satisfaction_count":104405,"comprehension_count":98263,"contact_count":11011,"contactReachability_count":11226,"contactSatisfaction_count":8460,"autonomy_count":94477}}
