{"data":{"satisfaction":7.939595898777454,"comprehension":7.284117043615449,"contact":5.634607605177994,"contact_reachability":0.7160870681539383,"contact_satisfaction":7.908926833225179,"autonomy":6.1865056620141585},"metadata":{"satisfaction_count":288987,"comprehension_count":270019,"contact_count":34608,"contactReachability_count":35053,"contactSatisfaction_count":24656,"autonomy_count":258212}}
