{"data":{"satisfaction":8.103062381126204,"comprehension":7.463664726736203,"contact":5.739052809622251,"contact_reachability":0.7200852720363333,"contact_satisfaction":8.012988716872211,"autonomy":6.577316276829203},"metadata":{"satisfaction_count":208204,"comprehension_count":195196,"contact_count":21284,"contactReachability_count":21578,"contactSatisfaction_count":15244,"autonomy_count":186830}}
