{"data":{"satisfaction":8.24940698868263,"comprehension":7.6170599025076635,"contact":6.152954808806489,"contact_reachability":0.7545469352299257,"contact_satisfaction":8.198059108954565,"autonomy":6.667776189637055},"metadata":{"satisfaction_count":169474,"comprehension_count":159192,"contact_count":18123,"contactReachability_count":18419,"contactSatisfaction_count":13602,"autonomy_count":153219}}
