{"data":{"satisfaction":8.359673113771475,"comprehension":7.7478238161559885,"contact":6.346138769110153,"contact_reachability":0.7645337645337645,"contact_satisfaction":8.347427039290503,"autonomy":6.8453470045832505},"metadata":{"satisfaction_count":122122,"comprehension_count":114880,"contact_count":12755,"contactReachability_count":12987,"contactSatisfaction_count":9697,"autonomy_count":110402}}
