{"data":{"satisfaction":8.454562033555916,"comprehension":7.889756337168629,"contact":6.1719441004776225,"contact_reachability":0.7450704225352113,"contact_satisfaction":8.297265160523187,"autonomy":7.289150087611841},"metadata":{"satisfaction_count":71284,"comprehension_count":67183,"contact_count":5653,"contactReachability_count":5680,"contactSatisfaction_count":4205,"autonomy_count":64489}}
