{"data":{"satisfaction":8.139848541894036,"comprehension":7.499415632590424,"contact":5.926690209760456,"contact_reachability":0.7362927565392354,"contact_satisfaction":8.092900302114804,"autonomy":6.5088882655842335},"metadata":{"satisfaction_count":209827,"comprehension_count":196794,"contact_count":23503,"contactReachability_count":23856,"contactSatisfaction_count":17212,"autonomy_count":188957}}
