{"data":{"satisfaction":7.924600328941501,"comprehension":7.270562613568691,"contact":5.521898499197684,"contact_reachability":0.7059006307677966,"contact_satisfaction":7.863719867371628,"autonomy":6.249624782373777},"metadata":{"satisfaction_count":280293,"comprehension_count":261956,"contact_count":31783,"contactReachability_count":32183,"contactSatisfaction_count":22318,"autonomy_count":249855}}
