{"data":{"satisfaction":8.202530694196152,"comprehension":7.5652856497394865,"contact":6.02866926614677,"contact_reachability":0.7438838296825007,"contact_satisfaction":8.147929193973381,"autonomy":6.624812280994494},"metadata":{"satisfaction_count":186273,"comprehension_count":174847,"contact_count":20004,"contactReachability_count":20315,"contactSatisfaction_count":14801,"autonomy_count":167804}}
