{"data":{"satisfaction":8.291843463867687,"comprehension":7.665108185172761,"contact":6.230960473313193,"contact_reachability":0.7586356320415996,"contact_satisfaction":8.257360914171324,"autonomy":6.752091403984388},"metadata":{"satisfaction_count":152246,"comprehension_count":143088,"contact_count":15888,"contactReachability_count":16154,"contactSatisfaction_count":11989,"autonomy_count":137587}}
