{"data":{"satisfaction":8.343524615867043,"comprehension":7.629420809841107,"contact":6.866549824737105,"contact_reachability":0.8332508659079664,"contact_satisfaction":8.260542168674698,"autonomy":4.680014301036826},"metadata":{"satisfaction_count":6378,"comprehension_count":5853,"contact_count":1997,"contactReachability_count":2021,"contactSatisfaction_count":1660,"autonomy_count":5594}}
