{"data":{"satisfaction":7.924720389507864,"comprehension":7.270624319211145,"contact":5.520619695200833,"contact_reachability":0.7057210519755702,"contact_satisfaction":7.863948941525462,"autonomy":6.252795434324327},"metadata":{"satisfaction_count":279943,"comprehension_count":261645,"contact_count":31693,"contactReachability_count":32092,"contactSatisfaction_count":22249,"autonomy_count":249514}}
