{"data":{"satisfaction":7.987292204814224,"comprehension":7.337295389163634,"contact":5.587977022428744,"contact_reachability":0.7103495594395494,"contact_satisfaction":7.909114448472294,"autonomy":6.406307135839564},"metadata":{"satisfaction_count":255119,"comprehension_count":238807,"contact_count":27331,"contactReachability_count":27692,"contactSatisfaction_count":19310,"autonomy_count":226981}}
