{"data":{"satisfaction":8.448673932027802,"comprehension":7.8674977150401135,"contact":6.427708859369854,"contact_reachability":0.7774986346258875,"contact_satisfaction":8.279128959276019,"autonomy":7.0037393587397565},"metadata":{"satisfaction_count":83593,"comprehension_count":78776,"contact_count":9109,"contactReachability_count":9155,"contactSatisfaction_count":7072,"autonomy_count":75414}}
