{"data":{"satisfaction":8.332437075210994,"comprehension":7.714884862542,"contact":6.310440735986307,"contact_reachability":0.7639433856502242,"contact_satisfaction":8.306110954660658,"autonomy":6.814376013502333},"metadata":{"satisfaction_count":133890,"comprehension_count":125893,"contact_count":14022,"contactReachability_count":14272,"contactSatisfaction_count":10653,"autonomy_count":120868}}
