{"data":{"satisfaction":8.031661669484228,"comprehension":7.385899842106831,"contact":5.795576106835985,"contact_reachability":0.7279099043925011,"contact_satisfaction":8.004480030502336,"autonomy":6.385134681716303},"metadata":{"satisfaction_count":250808,"comprehension_count":234969,"contact_count":28979,"contactReachability_count":29391,"contactSatisfaction_count":20982,"autonomy_count":223527}}
