{"data":{"satisfaction":8.460845430634873,"comprehension":7.89965160554348,"contact":6.160780669144981,"contact_reachability":0.7453301276123544,"contact_satisfaction":8.280039970022482,"autonomy":7.324629805296075},"metadata":{"satisfaction_count":68817,"comprehension_count":64869,"contact_count":5380,"contactReachability_count":5407,"contactSatisfaction_count":4003,"autonomy_count":62197}}
