{"data":{"satisfaction":8.285468640498227,"comprehension":7.664528830034298,"contact":6.036767760697964,"contact_reachability":0.7384300899427637,"contact_satisfaction":8.222329108193753,"autonomy":6.904927411171569},"metadata":{"satisfaction_count":138411,"comprehension_count":130038,"contact_count":12035,"contactReachability_count":12230,"contactSatisfaction_count":8836,"autonomy_count":125157}}
