{"data":{"satisfaction":8.412012644889357,"comprehension":7.834406783875861,"contact":6.245422586787755,"contact_reachability":0.7446136167767883,"contact_satisfaction":8.444741532976828,"autonomy":7.202094702321542},"metadata":{"satisfaction_count":85410,"comprehension_count":80426,"contact_count":6827,"contactReachability_count":6962,"contactSatisfaction_count":5049,"autonomy_count":77147}}
