{"data":{"satisfaction":7.978477577451165,"comprehension":7.3262036471297405,"contact":5.590980058193173,"contact_reachability":0.7108425293396392,"contact_satisfaction":7.906714171015657,"autonomy":6.377766660341228},"metadata":{"satisfaction_count":260519,"comprehension_count":243863,"contact_count":28182,"contactReachability_count":28545,"contactSatisfaction_count":19928,"autonomy_count":231868}}
