{"data":{"satisfaction":8.233712790603281,"comprehension":7.603696979370336,"contact":5.95691853442491,"contact_reachability":0.7361358979443453,"contact_satisfaction":8.136571952337306,"autonomy":6.785613062443401},"metadata":{"satisfaction_count":160141,"comprehension_count":150366,"contact_count":14902,"contactReachability_count":15129,"contactSatisfaction_count":10910,"autonomy_count":144659}}
