{"data":{"satisfaction":8.165522625104309,"comprehension":7.528871541728849,"contact":5.787496534516219,"contact_reachability":0.7219397517904981,"contact_satisfaction":8.060661054907715,"autonomy":6.6735348395535095},"metadata":{"satisfaction_count":185745,"comprehension_count":174220,"contact_count":18035,"contactReachability_count":18291,"contactSatisfaction_count":12949,"autonomy_count":167439}}
