{"data":{"satisfaction":7.956825365537729,"comprehension":7.30246084758767,"contact":5.671989010664382,"contact_reachability":0.7186042444029851,"contact_satisfaction":7.934643358955285,"autonomy":6.237339021885123},"metadata":{"satisfaction_count":284102,"comprehension_count":265884,"contact_count":33851,"contactReachability_count":34304,"contactSatisfaction_count":24198,"autonomy_count":253140}}
