{"data":{"satisfaction":8.005859638921761,"comprehension":7.360349606932676,"contact":5.618904078027802,"contact_reachability":0.7125857429794975,"contact_satisfaction":7.927592371871276,"autonomy":6.445319870588289},"metadata":{"satisfaction_count":244213,"comprehension_count":228714,"contact_count":26042,"contactReachability_count":26387,"contactSatisfaction_count":18458,"autonomy_count":217291}}
