{"data":{"satisfaction":7.950269145645845,"comprehension":7.295837841871572,"contact":5.6655394571903335,"contact_reachability":0.7179022467708064,"contact_satisfaction":7.933420418826795,"autonomy":6.218013188017297},"metadata":{"satisfaction_count":286462,"comprehension_count":268010,"contact_count":34303,"contactReachability_count":34761,"contactSatisfaction_count":24497,"autonomy_count":255535}}
