{"data":{"satisfaction":8.012837767884875,"comprehension":7.36799281870321,"contact":5.637471853404768,"contact_reachability":0.7138806942262749,"contact_satisfaction":7.939311098961181,"autonomy":6.454017186271454},"metadata":{"satisfaction_count":241475,"comprehension_count":226143,"contact_count":25758,"contactReachability_count":26101,"contactSatisfaction_count":18290,"autonomy_count":214939}}
