{"data":{"satisfaction":7.949253002806687,"comprehension":7.295020106664083,"contact":5.665154291364919,"contact_reachability":0.7179185442438506,"contact_satisfaction":7.932600285074323,"autonomy":6.22065075820097},"metadata":{"satisfaction_count":286815,"comprehension_count":268319,"contact_count":34383,"contactReachability_count":34841,"contactSatisfaction_count":24555,"autonomy_count":255671}}
