{"data":{"satisfaction":8.271203628242057,"comprehension":7.64313760544542,"contact":6.187660593319318,"contact_reachability":0.7560905538956562,"contact_satisfaction":8.227152729249166,"autonomy":6.720229515658513},"metadata":{"satisfaction_count":160739,"comprehension_count":151026,"contact_count":17124,"contactReachability_count":17404,"contactSatisfaction_count":12879,"autonomy_count":145001}}
