{"data":{"satisfaction":8.122213133560107,"comprehension":7.483201927987743,"contact":5.746721230647865,"contact_reachability":0.719828843722649,"contact_satisfaction":8.027203856749312,"autonomy":6.604005017372096},"metadata":{"satisfaction_count":200494,"comprehension_count":187968,"contact_count":20282,"contactReachability_count":20566,"contactSatisfaction_count":14520,"autonomy_count":180174}}
