{"data":{"satisfaction":7.925743813474467,"comprehension":7.271603899184354,"contact":5.519447691870202,"contact_reachability":0.7055666500249625,"contact_satisfaction":7.864088596767658,"autonomy":6.2565617324579},"metadata":{"satisfaction_count":279640,"comprehension_count":261388,"contact_count":31649,"contactReachability_count":32048,"contactSatisfaction_count":22213,"autonomy_count":249172}}
