{"data":{"satisfaction":8.143377039025397,"comprehension":7.5057659175102245,"contact":5.763769475274868,"contact_reachability":0.7208406124755935,"contact_satisfaction":8.039867713330425,"autonomy":6.644223263075722},"metadata":{"satisfaction_count":193720,"comprehension_count":181671,"contact_count":19191,"contactReachability_count":19462,"contactSatisfaction_count":13758,"autonomy_count":174216}}
