{"data":{"satisfaction":8.085364109542734,"comprehension":7.439802616373133,"contact":5.863594487735596,"contact_reachability":0.7323645171056615,"contact_satisfaction":8.048500974761579,"autonomy":6.46165549789465},"metadata":{"satisfaction_count":230741,"comprehension_count":216330,"contact_count":26051,"contactReachability_count":26424,"contactSatisfaction_count":18979,"autonomy_count":206379}}
