{"data":{"satisfaction":8.384382362840794,"comprehension":7.794928273533325,"contact":6.203465982028241,"contact_reachability":0.7452116935483871,"contact_satisfaction":8.378120665742024,"autonomy":7.117081461131935},"metadata":{"satisfaction_count":95072,"comprehension_count":89437,"contact_count":7790,"contactReachability_count":7936,"contactSatisfaction_count":5768,"autonomy_count":85906}}
