{"data":{"satisfaction":8.246592675376059,"comprehension":7.619286197957634,"contact":5.982456745019646,"contact_reachability":0.7380354354762066,"contact_satisfaction":8.15059166040571,"autonomy":6.802487562189055},"metadata":{"satisfaction_count":155694,"comprehension_count":146203,"contact_count":14507,"contactReachability_count":14731,"contactSatisfaction_count":10648,"autonomy_count":140700}}
