{"data":{"satisfaction":8.3915331260464,"comprehension":7.805290155619996,"contact":6.208513221802482,"contact_reachability":0.7435795604977495,"contact_satisfaction":8.405022831050228,"autonomy":7.1467250694937485},"metadata":{"satisfaction_count":91982,"comprehension_count":86557,"contact_count":7412,"contactReachability_count":7554,"contactSatisfaction_count":5475,"autonomy_count":83101}}
