{"data":{"satisfaction":7.939883433354663,"comprehension":7.28437919941361,"contact":5.634867946312599,"contact_reachability":0.7161419005556348,"contact_satisfaction":7.90908722602601,"autonomy":6.181907518029032},"metadata":{"satisfaction_count":289105,"comprehension_count":270127,"contact_count":34645,"contactReachability_count":35095,"contactSatisfaction_count":24683,"autonomy_count":258472}}
