{"data":{"satisfaction":8.040067540000889,"comprehension":7.394348894348894,"contact":5.802883770001759,"contact_reachability":0.7275406539301689,"contact_satisfaction":8.018904602225787,"autonomy":6.3947234998008184},"metadata":{"satisfaction_count":247557,"comprehension_count":231990,"contact_count":28435,"contactReachability_count":28841,"contactSatisfaction_count":20577,"autonomy_count":220904}}
