{"data":{"satisfaction":7.944425995876745,"comprehension":7.289805453516375,"contact":5.661406375415663,"contact_reachability":0.7180357546956325,"contact_satisfaction":7.926332477123133,"autonomy":6.201087862540078},"metadata":{"satisfaction_count":289092,"comprehension_count":270321,"contact_count":34884,"contactReachability_count":35352,"contactSatisfaction_count":24916,"autonomy_count":257937}}
