{"data":{"satisfaction":8.067097846509611,"comprehension":7.422579805690493,"contact":5.6948094612352165,"contact_reachability":0.7171695340191925,"contact_satisfaction":7.982593479462148,"autonomy":6.543570857657403},"metadata":{"satisfaction_count":221408,"comprehension_count":207504,"contact_count":22830,"contactReachability_count":23134,"contactSatisfaction_count":16287,"autonomy_count":197678}}
