{"data":{"satisfaction":8.4302827600529,"comprehension":7.842568641325152,"contact":6.392514786865185,"contact_reachability":0.7734929977674041,"contact_satisfaction":8.27634011090573,"autonomy":6.984398090946532},"metadata":{"satisfaction_count":91491,"comprehension_count":86209,"contact_count":9806,"contactReachability_count":9854,"contactSatisfaction_count":7574,"autonomy_count":82554}}
