{"data":{"satisfaction":8.006046465899294,"comprehension":7.355380744892644,"contact":5.7431592039801,"contact_reachability":0.7240333096636756,"contact_satisfaction":7.974956822107081,"autonomy":6.336068528295486},"metadata":{"satisfaction_count":264452,"comprehension_count":247633,"contact_count":30552,"contactReachability_count":30982,"contactSatisfaction_count":22002,"autonomy_count":235815}}
