{"data":{"satisfaction":8.068647994569549,"comprehension":7.4233261970513365,"contact":5.844624611283874,"contact_reachability":0.731082314290929,"contact_satisfaction":8.036396029524052,"autonomy":6.431134392961379},"metadata":{"satisfaction_count":237181,"comprehension_count":222338,"contact_count":27012,"contactReachability_count":27395,"contactSatisfaction_count":19645,"autonomy_count":212087}}
