{"data":{"satisfaction":8.185853961794958,"comprehension":7.550430367242698,"contact":5.830751355538342,"contact_reachability":0.7254625550660793,"contact_satisfaction":8.081385746139235,"autonomy":6.72393130752869},"metadata":{"satisfaction_count":176940,"comprehension_count":166021,"contact_count":16783,"contactReachability_count":17025,"contactSatisfaction_count":12109,"autonomy_count":159377}}
