{"data":{"satisfaction":8.340829306393607,"comprehension":7.729658672849931,"contact":6.112801835960886,"contact_reachability":0.7407516436071043,"contact_satisfaction":8.301151761517616,"autonomy":7.006652727618324},"metadata":{"satisfaction_count":116507,"comprehension_count":109543,"contact_count":10022,"contactReachability_count":10191,"contactSatisfaction_count":7380,"autonomy_count":105220}}
