{"data":{"satisfaction":7.938210118890723,"comprehension":7.283082353727205,"contact":5.624582158532686,"contact_reachability":0.7152327383343856,"contact_satisfaction":7.904513888888889,"autonomy":6.195191497131137},"metadata":{"satisfaction_count":288332,"comprehension_count":269411,"contact_count":34403,"contactReachability_count":34846,"contactSatisfaction_count":24480,"autonomy_count":257419}}
