{"data":{"satisfaction":8.0502133000948,"comprehension":7.405906927947844,"contact":5.6800891093270565,"contact_reachability":0.7163244140219871,"contact_satisfaction":7.971155547690675,"autonomy":6.507845219135256},"metadata":{"satisfaction_count":227848,"comprehension_count":213512,"contact_count":23791,"contactReachability_count":24105,"contactSatisfaction_count":16953,"autonomy_count":203436}}
