{"data":{"satisfaction":8.225885577020671,"comprehension":7.589244432168227,"contact":6.09937423116008,"contact_reachability":0.750131592799242,"contact_satisfaction":8.174910394265233,"autonomy":6.650902139144343},"metadata":{"satisfaction_count":177342,"comprehension_count":166537,"contact_count":18697,"contactReachability_count":18998,"contactSatisfaction_count":13950,"autonomy_count":160064}}
