{"data":{"satisfaction":7.929047711529747,"comprehension":7.275347992815136,"contact":5.523250239693192,"contact_reachability":0.7055611665193788,"contact_satisfaction":7.86951869222713,"autonomy":6.271371275551624},"metadata":{"satisfaction_count":278046,"comprehension_count":259991,"contact_count":31290,"contactReachability_count":31684,"contactSatisfaction_count":21961,"autonomy_count":247587}}
