{"data":{"satisfaction":8.300201700238249,"comprehension":7.675981535891232,"contact":6.252785789197692,"contact_reachability":0.7597938144329897,"contact_satisfaction":8.27485253296322,"autonomy":6.762317149780131},"metadata":{"satisfaction_count":147744,"comprehension_count":138864,"contact_count":15256,"contactReachability_count":15520,"contactSatisfaction_count":11528,"autonomy_count":133716}}
