{"data":{"satisfaction":7.997161406993463,"comprehension":7.344314552671466,"contact":5.741648887049008,"contact_reachability":0.7241086854091409,"contact_satisfaction":7.971043324491601,"autonomy":6.313201429877795},"metadata":{"satisfaction_count":269852,"comprehension_count":252689,"contact_count":31403,"contactReachability_count":31835,"contactSatisfaction_count":22620,"autonomy_count":240580}}
