{"data":{"satisfaction":8.46788744289608,"comprehension":7.893072800054278,"contact":6.459946826956421,"contact_reachability":0.7808439691847764,"contact_satisfaction":8.285396590066716,"autonomy":7.014961287491684},"metadata":{"satisfaction_count":78147,"comprehension_count":73695,"contact_count":8651,"contactReachability_count":8697,"contactSatisfaction_count":6745,"autonomy_count":70649}}
