{"data":{"satisfaction":7.948169670819125,"comprehension":7.294024209688339,"contact":5.6666714960447395,"contact_reachability":0.7181334705781438,"contact_satisfaction":7.932604551170243,"autonomy":6.217536079697387},"metadata":{"satisfaction_count":287380,"comprehension_count":268818,"contact_count":34511,"contactReachability_count":34974,"contactSatisfaction_count":24653,"autonomy_count":256169}}
