{"data":{"satisfaction":8.360012022377134,"comprehension":7.7582306011379565,"contact":6.10820401780344,"contact_reachability":0.7375073833431778,"contact_satisfaction":8.33648005253653,"autonomy":7.081387484299011},"metadata":{"satisfaction_count":103141,"comprehension_count":97016,"contact_count":8313,"contactReachability_count":8465,"contactSatisfaction_count":6091,"autonomy_count":93147}}
