{"data":{"satisfaction":8.346514287740826,"comprehension":7.739759933618722,"contact":6.104992657856094,"contact_reachability":0.7391976900072187,"contact_satisfaction":8.309064953604569,"autonomy":7.044528435599126},"metadata":{"satisfaction_count":112789,"comprehension_count":106054,"contact_count":9534,"contactReachability_count":9697,"contactSatisfaction_count":7005,"autonomy_count":101598}}
