{"data":{"satisfaction":8.354020979020978,"comprehension":7.738238052192719,"contact":6.343162425432304,"contact_reachability":0.7647800608263482,"contact_satisfaction":8.340200555996823,"autonomy":6.807468974154617},"metadata":{"satisfaction_count":125840,"comprehension_count":118369,"contact_count":13243,"contactReachability_count":13481,"contactSatisfaction_count":10072,"autonomy_count":114179}}
