{"data":{"satisfaction":8.43982709632243,"comprehension":7.870371694067191,"contact":6.133949982870846,"contact_reachability":0.7428815004262574,"contact_satisfaction":8.270207852193995,"autonomy":7.289846631721995},"metadata":{"satisfaction_count":74261,"comprehension_count":69950,"contact_count":5838,"contactReachability_count":5865,"contactSatisfaction_count":4330,"autonomy_count":66963}}
