{"data":{"satisfaction":8.327892022349324,"comprehension":7.713633886026761,"contact":6.078137103020914,"contact_reachability":0.7390269446824717,"contact_satisfaction":8.274021352313166,"autonomy":7.014634862924402},"metadata":{"satisfaction_count":120988,"comprehension_count":113746,"contact_count":10328,"contactReachability_count":10503,"contactSatisfaction_count":7587,"autonomy_count":108918}}
