{"data":{"satisfaction":8.130476275127126,"comprehension":7.4908723171844835,"contact":5.929568133824686,"contact_reachability":0.7370353747602921,"contact_satisfaction":8.087936292782107,"autonomy":6.479066824339744},"metadata":{"satisfaction_count":213763,"comprehension_count":200489,"contact_count":24151,"contactReachability_count":24509,"contactSatisfaction_count":17706,"autonomy_count":192804}}
