{"data":{"satisfaction":7.930128549342117,"comprehension":7.27634185254266,"contact":5.520987099672678,"contact_reachability":0.7052708313524135,"contact_satisfaction":7.869231121072131,"autonomy":6.275642374884639},"metadata":{"satisfaction_count":277481,"comprehension_count":259492,"contact_count":31162,"contactReachability_count":31551,"contactSatisfaction_count":21863,"autonomy_count":247052}}
