{"data":{"satisfaction":8.024737128568386,"comprehension":7.3783468047486735,"contact":5.777517684447938,"contact_reachability":0.7266233109815682,"contact_satisfaction":7.993735224586288,"autonomy":6.374493882337323},"metadata":{"satisfaction_count":253546,"comprehension_count":237540,"contact_count":29263,"contactReachability_count":29677,"contactSatisfaction_count":21150,"autonomy_count":225985}}
