{"data":{"satisfaction":7.944867012257158,"comprehension":7.290305867549914,"contact":5.661743619156868,"contact_reachability":0.7180089422151791,"contact_satisfaction":7.927123067657097,"autonomy":6.204200568818944},"metadata":{"satisfaction_count":288974,"comprehension_count":270215,"contact_count":34870,"contactReachability_count":35338,"contactSatisfaction_count":24905,"autonomy_count":257727}}
