{"data":{"satisfaction":8.373179579280546,"comprehension":7.7654428298784985,"contact":6.3739812727588,"contact_reachability":0.7659719268396427,"contact_satisfaction":8.37043151542753,"autonomy":6.87640670303209},"metadata":{"satisfaction_count":112474,"comprehension_count":105842,"contact_count":11534,"contactReachability_count":11755,"contactSatisfaction_count":8783,"autonomy_count":101745}}
