{"data":{"satisfaction":7.925288732721612,"comprehension":7.271094174244916,"contact":5.51913905820674,"contact_reachability":0.7056016468093069,"contact_satisfaction":7.863233441324694,"autonomy":6.253649225241411},"metadata":{"satisfaction_count":279757,"comprehension_count":261494,"contact_count":31663,"contactReachability_count":32062,"contactSatisfaction_count":22224,"autonomy_count":249368}}
