{"data":{"satisfaction":7.995908872132199,"comprehension":7.348468622831441,"contact":5.59600649228098,"contact_reachability":0.7108694032630559,"contact_satisfaction":7.914953819870802,"autonomy":6.438605360802405},"metadata":{"satisfaction_count":249320,"comprehension_count":233450,"contact_count":26493,"contactReachability_count":26846,"contactSatisfaction_count":18731,"autonomy_count":221534}}
