{"data":{"satisfaction":7.940103527328933,"comprehension":7.2846127655794914,"contact":5.635022496538994,"contact_reachability":0.716225834922985,"contact_satisfaction":7.908419348310058,"autonomy":6.181793567602066},"metadata":{"satisfaction_count":289199,"comprehension_count":270211,"contact_count":34672,"contactReachability_count":35123,"contactSatisfaction_count":24705,"autonomy_count":258535}}
