{"data":{"satisfaction":8.341556617889673,"comprehension":7.723072969356786,"contact":6.311535906708982,"contact_reachability":0.7629232219241644,"contact_satisfaction":8.319389045627007,"autonomy":6.832511896668933},"metadata":{"satisfaction_count":130321,"comprehension_count":122572,"contact_count":13549,"contactReachability_count":13793,"contactSatisfaction_count":10279,"autonomy_count":117680}}
