{"data":{"satisfaction":8.048717959235574,"comprehension":7.403365519294068,"contact":5.8181478449656545,"contact_reachability":0.7289188335614275,"contact_satisfaction":8.024371686628706,"autonomy":6.397857359245761},"metadata":{"satisfaction_count":243791,"comprehension_count":228464,"contact_count":28097,"contactReachability_count":28497,"contactSatisfaction_count":20372,"autonomy_count":217862}}
