{"data":{"satisfaction":8.459563543003851,"comprehension":7.730394713962789,"contact":6.919753086419753,"contact_reachability":0.8364963503649635,"contact_satisfaction":8.296329188869153,"autonomy":4.632686377652821},"metadata":{"satisfaction_count":6232,"comprehension_count":5751,"contact_count":2025,"contactReachability_count":2055,"contactSatisfaction_count":1689,"autonomy_count":5513}}
