{"data":{"satisfaction":8.014772687732213,"comprehension":7.366546830887088,"contact":5.754694756680353,"contact_reachability":0.724880541544996,"contact_satisfaction":7.981841945572516,"autonomy":6.366959889542104},"metadata":{"satisfaction_count":258653,"comprehension_count":242276,"contact_count":29714,"contactReachability_count":30136,"contactSatisfaction_count":21423,"autonomy_count":230314}}
