{"data":{"satisfaction":8.389943623058542,"comprehension":7.7881878675486185,"contact":6.427743603459035,"contact_reachability":0.7709663314385659,"contact_satisfaction":8.385671086299139,"autonomy":6.863823792532571},"metadata":{"satisfaction_count":107136,"comprehension_count":100837,"contact_count":11217,"contactReachability_count":11435,"contactSatisfaction_count":8598,"autonomy_count":97249}}
