{"data":{"satisfaction":8.102789043935035,"comprehension":7.4591438669359444,"contact":5.888475984975625,"contact_reachability":0.7344254548318501,"contact_satisfaction":8.060660759216717,"autonomy":6.485212472502531},"metadata":{"satisfaction_count":223876,"comprehension_count":209944,"contact_count":25026,"contactReachability_count":25394,"contactSatisfaction_count":18282,"autonomy_count":200473}}
