{"data":{"satisfaction":8.377657127081992,"comprehension":7.782765104172327,"contact":6.173086543271636,"contact_reachability":0.7434008594229589,"contact_satisfaction":8.357602438198443,"autonomy":7.080855385657056},"metadata":{"satisfaction_count":97803,"comprehension_count":92011,"contact_count":7996,"contactReachability_count":8145,"contactSatisfaction_count":5906,"autonomy_count":88615}}
