{"data":{"satisfaction":7.93846724539605,"comprehension":7.283214045867236,"contact":5.625907322455142,"contact_reachability":0.7153504371506378,"contact_satisfaction":7.905005711488251,"autonomy":6.195197539350584},"metadata":{"satisfaction_count":288448,"comprehension_count":269517,"contact_count":34442,"contactReachability_count":34885,"contactSatisfaction_count":24512,"autonomy_count":257493}}
