{"data":{"satisfaction":8.462029870000991,"comprehension":7.884526832348801,"contact":6.457866427610937,"contact_reachability":0.7795986622073579,"contact_satisfaction":8.295667194472435,"autonomy":6.989969304976979},"metadata":{"satisfaction_count":80616,"comprehension_count":76009,"contact_count":8924,"contactReachability_count":8970,"contactSatisfaction_count":6947,"autonomy_count":72976}}
