{"data":{"satisfaction":8.457403485909758,"comprehension":7.726270289343684,"contact":6.934434434434435,"contact_reachability":0.8367044893931919,"contact_satisfaction":8.31133773245351,"autonomy":4.639764142251704},"metadata":{"satisfaction_count":6139,"comprehension_count":5668,"contact_count":1998,"contactReachability_count":2027,"contactSatisfaction_count":1667,"autonomy_count":5427}}
