{"data":{"satisfaction":7.97769672305622,"comprehension":7.3240191166268405,"contact":5.707197549770291,"contact_reachability":0.7216849993956244,"contact_satisfaction":7.949658703071672,"autonomy":6.2828606158833065},"metadata":{"satisfaction_count":277179,"comprehension_count":259460,"contact_count":32650,"contactReachability_count":33092,"contactSatisfaction_count":23440,"autonomy_count":246800}}
