{"data":{"satisfaction":8.3184941954752,"comprehension":7.705096226946962,"contact":6.086936394778261,"contact_reachability":0.7413950100163904,"contact_satisfaction":8.258384625047105,"autonomy":6.988406314099706},"metadata":{"satisfaction_count":124558,"comprehension_count":117067,"contact_count":10801,"contactReachability_count":10982,"contactSatisfaction_count":7961,"autonomy_count":112130}}
