{"data":{"satisfaction":8.462720362283681,"comprehension":7.732883908247242,"contact":6.932553509208561,"contact_reachability":0.8371750858263854,"contact_satisfaction":8.305008944543829,"autonomy":4.647037307973665},"metadata":{"satisfaction_count":6183,"comprehension_count":5711,"contact_count":2009,"contactReachability_count":2039,"contactSatisfaction_count":1677,"autonomy_count":5468}}
