{"data":{"satisfaction":7.931154556739124,"comprehension":7.277165169011856,"contact":5.521041117045235,"contact_reachability":0.7052206793555972,"contact_satisfaction":7.869983948635634,"autonomy":6.27370527287898},"metadata":{"satisfaction_count":277128,"comprehension_count":259183,"contact_count":31082,"contactReachability_count":31471,"contactSatisfaction_count":21805,"autonomy_count":246886}}
