{"data":{"satisfaction":8.112752531428852,"comprehension":7.474577774531339,"contact":5.755613951266125,"contact_reachability":0.7211932701823837,"contact_satisfaction":8.023511389369922,"autonomy":6.569807876206207},"metadata":{"satisfaction_count":204430,"comprehension_count":191663,"contact_count":20930,"contactReachability_count":21219,"contactSatisfaction_count":15014,"autonomy_count":184048}}
