{"data":{"satisfaction":8.021316072268117,"comprehension":7.376536986252263,"contact":5.64230189577219,"contact_reachability":0.7131619114711752,"contact_satisfaction":7.954431087503495,"autonomy":6.464570823030731},"metadata":{"satisfaction_count":238224,"comprehension_count":223164,"contact_count":25214,"contactReachability_count":25551,"contactSatisfaction_count":17885,"autonomy_count":212325}}
