{"data":{"satisfaction":8.277028681785422,"comprehension":7.653301008475965,"contact":6.020170521828373,"contact_reachability":0.7380286069651741,"contact_satisfaction":8.202377110895988,"autonomy":6.879827263299642},"metadata":{"satisfaction_count":142913,"comprehension_count":134262,"contact_count":12667,"contactReachability_count":12864,"contactSatisfaction_count":9297,"autonomy_count":129214}}
