{"data":{"satisfaction":8.307224334600761,"comprehension":7.5896563174497755,"contact":6.81685338528982,"contact_reachability":0.8298076923076924,"contact_satisfaction":8.237198351971749,"autonomy":4.691637630662021},"metadata":{"satisfaction_count":6575,"comprehension_count":6023,"contact_count":2053,"contactReachability_count":2080,"contactSatisfaction_count":1699,"autonomy_count":5740}}
