{"data":{"satisfaction":8.030009639253086,"comprehension":7.385629991167284,"contact":5.657360508120276,"contact_reachability":0.7145237434046098,"contact_satisfaction":7.959983031674208,"autonomy":6.468292076960932},"metadata":{"satisfaction_count":234458,"comprehension_count":219638,"contact_count":24876,"contactReachability_count":25207,"contactSatisfaction_count":17680,"autonomy_count":209301}}
