{"data":{"satisfaction":8.255947584639975,"comprehension":7.630625879043601,"contact":5.985578652089477,"contact_reachability":0.7367153181238486,"contact_satisfaction":8.168989889074311,"autonomy":6.836179272200518},"metadata":{"satisfaction_count":151406,"comprehension_count":142200,"contact_count":13903,"contactReachability_count":14114,"contactSatisfaction_count":10187,"autonomy_count":136686}}
