{"data":{"satisfaction":8.214791725701332,"comprehension":7.49922311995028,"contact":6.692023974181651,"contact_reachability":0.8192990441511152,"contact_satisfaction":8.191309255079007,"autonomy":4.649122807017544},"metadata":{"satisfaction_count":7058,"comprehension_count":6436,"contact_count":2169,"contactReachability_count":2197,"contactSatisfaction_count":1772,"autonomy_count":6156}}
