{"data":{"satisfaction":8.209619722752947,"comprehension":7.5749472135741955,"contact":5.899457224088912,"contact_reachability":0.7314744079449962,"contact_satisfaction":8.109788594777047,"autonomy":6.765587648744668},"metadata":{"satisfaction_count":168009,"comprehension_count":157711,"contact_count":15476,"contactReachability_count":15708,"contactSatisfaction_count":11258,"autonomy_count":151434}}
