{"data":{"satisfaction":8.411868768092635,"comprehension":7.6925091671031955,"contact":6.899002493765586,"contact_reachability":0.8353868900936422,"contact_satisfaction":8.277977259126272,"autonomy":4.635966508918821},"metadata":{"satisfaction_count":6218,"comprehension_count":5727,"contact_count":2005,"contactReachability_count":2029,"contactSatisfaction_count":1671,"autonomy_count":5494}}
