{"data":{"satisfaction":8.366722409446279,"comprehension":7.7559278908618445,"contact":6.353500573864568,"contact_reachability":0.7643271088216356,"contact_satisfaction":8.360302049622439,"autonomy":6.876351669017396},"metadata":{"satisfaction_count":117803,"comprehension_count":110832,"contact_count":12198,"contactReachability_count":12424,"contactSatisfaction_count":9270,"autonomy_count":106350}}
