{"data":{"satisfaction":8.281878680274367,"comprehension":7.6534922285426905,"contact":6.208962922507434,"contact_reachability":0.7573713740002388,"contact_satisfaction":8.242105687127436,"autonomy":6.715165278473246},"metadata":{"satisfaction_count":156578,"comprehension_count":147141,"contact_count":16479,"contactReachability_count":16754,"contactSatisfaction_count":12414,"autonomy_count":141791}}
