{"data":{"satisfaction":8.143781161568521,"comprehension":7.432532621589561,"contact":6.600314889788574,"contact_reachability":0.812972012438916,"contact_satisfaction":8.142341842397336,"autonomy":4.646949519975225},"metadata":{"satisfaction_count":7421,"comprehension_count":6744,"contact_count":2223,"contactReachability_count":2251,"contactSatisfaction_count":1802,"autonomy_count":6458}}
