{"data":{"satisfaction":8.12089437658881,"comprehension":7.480149199596122,"contact":5.912670883493164,"contact_reachability":0.7358452629885797,"contact_satisfaction":8.078166815343444,"autonomy":6.489653338243267},"metadata":{"satisfaction_count":217537,"comprehension_count":204022,"contact_count":24505,"contactReachability_count":24868,"contactSatisfaction_count":17936,"autonomy_count":195522}}
