{"data":{"satisfaction":7.9437243636664965,"comprehension":7.2892592961892,"contact":5.6634241800937035,"contact_reachability":0.7182645956079271,"contact_satisfaction":7.9265293882447025,"autonomy":6.196480666104358},"metadata":{"satisfaction_count":289628,"comprehension_count":270783,"contact_count":35004,"contactReachability_count":35473,"contactSatisfaction_count":25010,"autonomy_count":258458}}
