{"data":{"satisfaction":8.323064088866772,"comprehension":7.703827505428396,"contact":6.289155780306222,"contact_reachability":0.7624042509143606,"contact_satisfaction":8.295044001852709,"autonomy":6.8046157710914645},"metadata":{"satisfaction_count":136654,"comprehension_count":128491,"contact_count":14238,"contactReachability_count":14491,"contactSatisfaction_count":10795,"autonomy_count":123403}}
