{"data":{"satisfaction":7.419047619047619,"comprehension":7.532608695652174,"contact":3.247422680412371,"contact_reachability":0.5151515151515151,"contact_satisfaction":6.428571428571429,"autonomy":7.046511627906977},"metadata":{"satisfaction_count":525,"comprehension_count":460,"contact_count":97,"contactReachability_count":99,"contactSatisfaction_count":49,"autonomy_count":430}}
