{"data":{"satisfaction":7.605042016806722,"comprehension":7.695984703632887,"contact":3.7,"contact_reachability":0.5588235294117647,"contact_satisfaction":6.7272727272727275,"autonomy":7.148760330578512},"metadata":{"satisfaction_count":595,"comprehension_count":523,"contact_count":100,"contactReachability_count":102,"contactSatisfaction_count":55,"autonomy_count":484}}
