{"data":{"satisfaction":6.071428571428571,"comprehension":6.369047619047619,"contact":1.0416666666666667,"contact_reachability":0.25,"contact_satisfaction":4.166666666666667,"autonomy":6.842105263157895},"metadata":{"satisfaction_count":56,"comprehension_count":42,"contact_count":12,"contactReachability_count":12,"contactSatisfaction_count":3,"autonomy_count":38}}
