{"data":{"satisfaction":7.37962962962963,"comprehension":7.51063829787234,"contact":3.1930693069306932,"contact_reachability":0.5048543689320388,"contact_satisfaction":6.45,"autonomy":7.015945330296128},"metadata":{"satisfaction_count":540,"comprehension_count":470,"contact_count":101,"contactReachability_count":103,"contactSatisfaction_count":50,"autonomy_count":439}}
