{"data":{"satisfaction":6.533333333333333,"comprehension":6.416666666666667,"contact":1.1538461538461537,"contact_reachability":0.3076923076923077,"contact_satisfaction":3.75,"autonomy":7.454545454545454},"metadata":{"satisfaction_count":75,"comprehension_count":60,"contact_count":13,"contactReachability_count":13,"contactSatisfaction_count":4,"autonomy_count":55}}
