{"data":{"satisfaction":7.591973244147157,"comprehension":7.675855513307985,"contact":3.712871287128713,"contact_reachability":0.5631067961165048,"contact_satisfaction":6.696428571428571,"autonomy":7.145790554414784},"metadata":{"satisfaction_count":598,"comprehension_count":526,"contact_count":101,"contactReachability_count":103,"contactSatisfaction_count":56,"autonomy_count":487}}
