{"data":{"satisfaction":9.36504750434899,"comprehension":9.089102124742976,"contact":7.1602209944751385,"contact_reachability":0.8278508771929824,"contact_satisfaction":8.663101604278076,"autonomy":7.147590777302223},"metadata":{"satisfaction_count":7473,"comprehension_count":7295,"contact_count":905,"contactReachability_count":912,"contactSatisfaction_count":748,"autonomy_count":7243}}
