{"data":{"satisfaction":9.400503778337532,"comprehension":9.14271047227926,"contact":7.2727272727272725,"contact_reachability":0.8409090909090909,"contact_satisfaction":8.64864864864865,"autonomy":7.237113402061856},"metadata":{"satisfaction_count":1985,"comprehension_count":1948,"contact_count":220,"contactReachability_count":220,"contactSatisfaction_count":185,"autonomy_count":1940}}
