{"data":{"satisfaction":9.234613361388742,"comprehension":9.025241675617615,"contact":7.018348623853211,"contact_reachability":0.8348623853211009,"contact_satisfaction":8.406593406593407,"autonomy":7.117360735532721},"metadata":{"satisfaction_count":1901,"comprehension_count":1862,"contact_count":218,"contactReachability_count":218,"contactSatisfaction_count":182,"autonomy_count":1849}}
