{"data":{"satisfaction":9.411094843012851,"comprehension":9.114800600700818,"contact":7.171651495448635,"contact_reachability":0.8287937743190662,"contact_satisfaction":8.657770800627944,"autonomy":7.1244563399130145},"metadata":{"satisfaction_count":6147,"comprehension_count":5993,"contact_count":769,"contactReachability_count":771,"contactSatisfaction_count":637,"autonomy_count":5978}}
