{"data":{"satisfaction":9.384157841288264,"comprehension":9.102125761855211,"contact":7.149700598802395,"contact_reachability":0.8230403800475059,"contact_satisfaction":8.70262390670554,"autonomy":7.16191904047976},"metadata":{"satisfaction_count":6893,"comprehension_count":6727,"contact_count":835,"contactReachability_count":842,"contactSatisfaction_count":686,"autonomy_count":6670}}
