{"data":{"satisfaction":9.190418435415403,"comprehension":8.955891425046268,"contact":7.41421568627451,"contact_reachability":0.8737864077669902,"contact_satisfaction":8.497191011235955,"autonomy":7.082557417752948},"metadata":{"satisfaction_count":1649,"comprehension_count":1621,"contact_count":204,"contactReachability_count":206,"contactSatisfaction_count":178,"autonomy_count":1611}}
