{"data":{"satisfaction":9.20891875381796,"comprehension":8.969489414694895,"contact":7.426470588235294,"contact_reachability":0.8592233009708737,"contact_satisfaction":8.657142857142857,"autonomy":7.065830721003135},"metadata":{"satisfaction_count":1637,"comprehension_count":1606,"contact_count":204,"contactReachability_count":206,"contactSatisfaction_count":175,"autonomy_count":1595}}
