{"data":{"satisfaction":9.336917562724015,"comprehension":9.082724425887266,"contact":7.06221198156682,"contact_reachability":0.8202764976958525,"contact_satisfaction":8.609550561797754,"autonomy":7.126315789473685},"metadata":{"satisfaction_count":1953,"comprehension_count":1916,"contact_count":217,"contactReachability_count":217,"contactSatisfaction_count":178,"autonomy_count":1900}}
