{"data":{"satisfaction":9.333847736625515,"comprehension":9.076600209863589,"contact":7.06221198156682,"contact_reachability":0.8202764976958525,"contact_satisfaction":8.609550561797754,"autonomy":7.116402116402116},"metadata":{"satisfaction_count":1944,"comprehension_count":1906,"contact_count":217,"contactReachability_count":217,"contactSatisfaction_count":178,"autonomy_count":1890}}
