{"data":{"satisfaction":9.308275862068966,"comprehension":9.039276631816897,"contact":7.088200934579439,"contact_reachability":0.8296639629200464,"contact_satisfaction":8.557827926657264,"autonomy":7.124469589816124},"metadata":{"satisfaction_count":7250,"comprehension_count":7078,"contact_count":856,"contactReachability_count":863,"contactSatisfaction_count":709,"autonomy_count":7070}}
