{"data":{"satisfaction":9.384995638266938,"comprehension":9.103604945627886,"contact":7.149700598802395,"contact_reachability":0.8230403800475059,"contact_satisfaction":8.70262390670554,"autonomy":7.15250675472831},"metadata":{"satisfaction_count":6878,"comprehension_count":6713,"contact_count":835,"contactReachability_count":842,"contactSatisfaction_count":686,"autonomy_count":6662}}
