{"data":{"satisfaction":9.251405212059275,"comprehension":8.985317252228631,"contact":7.0933014354066986,"contact_reachability":0.8285714285714286,"contact_satisfaction":8.56936416184971,"autonomy":7.229551451187335},"metadata":{"satisfaction_count":1957,"comprehension_count":1907,"contact_count":209,"contactReachability_count":210,"contactSatisfaction_count":173,"autonomy_count":1895}}
