{"data":{"satisfaction":9.265350877192983,"comprehension":8.995901639344263,"contact":7.261904761904762,"contact_reachability":0.8322147651006712,"contact_satisfaction":8.75,"autonomy":7.165413533834586},"metadata":{"satisfaction_count":1368,"comprehension_count":1342,"contact_count":147,"contactReachability_count":149,"contactSatisfaction_count":122,"autonomy_count":1330}}
