{"data":{"satisfaction":9.19315403422983,"comprehension":8.956778606965175,"contact":7.487684729064039,"contact_reachability":0.8780487804878049,"contact_satisfaction":8.539325842696629,"autonomy":7.0588235294117645},"metadata":{"satisfaction_count":1636,"comprehension_count":1608,"contact_count":203,"contactReachability_count":205,"contactSatisfaction_count":178,"autonomy_count":1598}}
