{"data":{"satisfaction":9.365791588534691,"comprehension":9.089599341383096,"contact":7.150776053215077,"contact_reachability":0.8272827282728272,"contact_satisfaction":8.657718120805368,"autonomy":7.1479894984109436},"metadata":{"satisfaction_count":7466,"comprehension_count":7288,"contact_count":902,"contactReachability_count":909,"contactSatisfaction_count":745,"autonomy_count":7237}}
