{"data":{"satisfaction":9.312808868705757,"comprehension":9.042698781989873,"contact":7.09841628959276,"contact_reachability":0.8294051627384961,"contact_satisfaction":8.5724043715847,"autonomy":7.1078900587993985},"metadata":{"satisfaction_count":7487,"comprehension_count":7307,"contact_count":884,"contactReachability_count":891,"contactSatisfaction_count":732,"autonomy_count":7313}}
