{"data":{"satisfaction":9.263529092635292,"comprehension":9.01130531280344,"contact":7.230629539951574,"contact_reachability":0.8435619735258725,"contact_satisfaction":8.58117816091954,"autonomy":7.145836229667733},"metadata":{"satisfaction_count":7373,"comprehension_count":7209,"contact_count":826,"contactReachability_count":831,"contactSatisfaction_count":696,"autonomy_count":7193}}
