{"data":{"satisfaction":9.30669067737914,"comprehension":9.038024971623155,"contact":7.08235294117647,"contact_reachability":0.8296382730455076,"contact_satisfaction":8.551136363636363,"autonomy":7.119943222143364},"metadata":{"satisfaction_count":7219,"comprehension_count":7048,"contact_count":850,"contactReachability_count":857,"contactSatisfaction_count":704,"autonomy_count":7045}}
