{"data":{"satisfaction":6.066060315940642,"comprehension":6.252599833610649,"contact":3.8382645450024864,"contact_reachability":0.7180994366887092,"contact_satisfaction":5.377046325322187,"autonomy":4.401737242128122},"metadata":{"satisfaction_count":10445,"comprehension_count":9616,"contact_count":4022,"contactReachability_count":4083,"contactSatisfaction_count":2871,"autonomy_count":9210}}
