{"data":{"satisfaction":7.361466598413105,"comprehension":7.363630094476243,"contact":4.208637787056367,"contact_reachability":0.6907269458001541,"contact_satisfaction":6.13679604261796,"autonomy":5.757810301153954},"metadata":{"satisfaction_count":15628,"comprehension_count":14501,"contact_count":3832,"contactReachability_count":3893,"contactSatisfaction_count":2628,"autonomy_count":14212}}
