{"data":{"satisfaction":6.909523580597087,"comprehension":6.982736240913811,"contact":3.969210174029451,"contact_reachability":0.700774427418026,"contact_satisfaction":5.701923076923077,"autonomy":5.385108086469176},"metadata":{"satisfaction_count":20801,"comprehension_count":19260,"contact_count":5976,"contactReachability_count":6069,"contactSatisfaction_count":4160,"autonomy_count":18735}}
