{"data":{"satisfaction":7.788425403983465,"comprehension":7.727249798224374,"contact":4.228395061728395,"contact_reachability":0.6619786614936954,"contact_satisfaction":6.447665662650603,"autonomy":6.428200602221992},"metadata":{"satisfaction_count":10644,"comprehension_count":9912,"contact_count":2025,"contactReachability_count":2062,"contactSatisfaction_count":1328,"autonomy_count":9631}}
