{"data":{"satisfaction":7.520485911443358,"comprehension":7.497870528109029,"contact":4.269352290679305,"contact_reachability":0.6856166511338925,"contact_satisfaction":6.276126335346029,"autonomy":6.067596999274018},"metadata":{"satisfaction_count":13912,"comprehension_count":12914,"contact_count":3165,"contactReachability_count":3219,"contactSatisfaction_count":2153,"autonomy_count":12397}}
