{"data":{"satisfaction":7.482495667244367,"comprehension":7.464880818949413,"contact":4.2743389423076925,"contact_reachability":0.6873522458628841,"contact_satisfaction":6.266519823788546,"autonomy":5.992869322585646},"metadata":{"satisfaction_count":14425,"comprehension_count":13383,"contact_count":3328,"contactReachability_count":3384,"contactSatisfaction_count":2270,"autonomy_count":12902}}
