{"data":{"satisfaction":5.862558723915656,"comprehension":6.098349952516619,"contact":3.781858043299534,"contact_reachability":0.7204968944099379,"contact_satisfaction":5.279265493496557,"autonomy":4.292847334914493},"metadata":{"satisfaction_count":9153,"comprehension_count":8424,"contact_count":3649,"contactReachability_count":3703,"contactSatisfaction_count":2614,"autonomy_count":8011}}
