{"data":{"satisfaction":7.432008018710324,"comprehension":7.4206434895271,"contact":4.25962348974431,"contact_reachability":0.6908185840707964,"contact_satisfaction":6.210569438754609,"autonomy":5.873991263789146},"metadata":{"satisfaction_count":14965,"comprehension_count":13893,"contact_count":3559,"contactReachability_count":3616,"contactSatisfaction_count":2441,"autonomy_count":13507}}
