{"data":{"satisfaction":5.945192509993688,"comprehension":6.159929199497545,"contact":3.7877572841486233,"contact_reachability":0.7193675889328063,"contact_satisfaction":5.295216741405082,"autonomy":4.329304774440589},"metadata":{"satisfaction_count":9506,"comprehension_count":8757,"contact_count":3741,"contactReachability_count":3795,"contactSatisfaction_count":2676,"autonomy_count":8357}}
