{"data":{"satisfaction":7.342158219091938,"comprehension":7.347730352303523,"contact":4.223460856346592,"contact_reachability":0.6939182452642074,"contact_satisfaction":6.130930489150423,"autonomy":5.713694947963333},"metadata":{"satisfaction_count":15902,"comprehension_count":14760,"contact_count":3947,"contactReachability_count":4012,"contactSatisfaction_count":2719,"autonomy_count":14509}}
