{"data":{"satisfaction":6.937033604838317,"comprehension":7.0043977458260915,"contact":3.9768076398362893,"contact_reachability":0.7006882659056572,"contact_satisfaction":5.714285714285714,"autonomy":5.414451556905718},"metadata":{"satisfaction_count":20503,"comprehension_count":18987,"contact_count":5864,"contactReachability_count":5957,"contactSatisfaction_count":4081,"autonomy_count":18434}}
