{"data":{"satisfaction":6.896052756428504,"comprehension":6.9729965156794425,"contact":3.964397303075152,"contact_reachability":0.7001295336787565,"contact_satisfaction":5.700520217545519,"autonomy":5.351765384817166},"metadata":{"satisfaction_count":21078,"comprehension_count":19516,"contact_count":6081,"contactReachability_count":6176,"contactSatisfaction_count":4229,"autonomy_count":19061}}
