{"data":{"satisfaction":7.30714769439143,"comprehension":7.320800424769364,"contact":4.209302325581396,"contact_reachability":0.6974223078776198,"contact_satisfaction":6.078119476846942,"autonomy":5.801805526841706},"metadata":{"satisfaction_count":16243,"comprehension_count":15067,"contact_count":4085,"contactReachability_count":4151,"contactSatisfaction_count":2829,"autonomy_count":14511}}
