{"data":{"satisfaction":7.7366107472862655,"comprehension":7.681274708321281,"contact":4.274340309372157,"contact_reachability":0.6683057666517658,"contact_satisfaction":6.4526098901098905,"autonomy":6.35525141326986},"metadata":{"satisfaction_count":11147,"comprehension_count":10371,"contact_count":2198,"contactReachability_count":2237,"contactSatisfaction_count":1456,"autonomy_count":10083}}
