{"data":{"satisfaction":7.762000732869183,"comprehension":7.698385350004923,"contact":4.234117647058824,"contact_reachability":0.6628122109158187,"contact_satisfaction":6.445200573065903,"autonomy":6.387286162567062},"metadata":{"satisfaction_count":10916,"comprehension_count":10157,"contact_count":2125,"contactReachability_count":2162,"contactSatisfaction_count":1396,"autonomy_count":9879}}
