{"data":{"satisfaction":7.449310624493107,"comprehension":7.436826390911739,"contact":4.266599885518031,"contact_reachability":0.6909859154929577,"contact_satisfaction":6.219232373800584,"autonomy":5.893593106032222},"metadata":{"satisfaction_count":14796,"comprehension_count":13732,"contact_count":3494,"contactReachability_count":3550,"contactSatisfaction_count":2397,"autonomy_count":13345}}
