{"data":{"satisfaction":9.07636159460977,"comprehension":8.968192993239091,"contact":4.5811518324607325,"contact_reachability":0.5773195876288659,"contact_satisfaction":8.027522935779816,"autonomy":7.711223203026481},"metadata":{"satisfaction_count":3562,"comprehension_count":3254,"contact_count":382,"contactReachability_count":388,"contactSatisfaction_count":218,"autonomy_count":3172}}
