{"data":{"satisfaction":9.03921568627451,"comprehension":8.907563025210084,"contact":4.70532319391635,"contact_reachability":0.5798069784706755,"contact_satisfaction":8.26101468624833,"autonomy":7.5222438776374885},"metadata":{"satisfaction_count":13005,"comprehension_count":11781,"contact_count":1315,"contactReachability_count":1347,"contactSatisfaction_count":749,"autonomy_count":11801}}
