{"data":{"satisfaction":9.12157960199005,"comprehension":8.954359673024523,"contact":4.688405797101449,"contact_reachability":0.601123595505618,"contact_satisfaction":7.967980295566503,"autonomy":7.572115384615385},"metadata":{"satisfaction_count":3216,"comprehension_count":2936,"contact_count":345,"contactReachability_count":356,"contactSatisfaction_count":203,"autonomy_count":2912}}
