{"data":{"satisfaction":9.068346565412496,"comprehension":8.874299316593719,"contact":4.6492128678987,"contact_reachability":0.5838881491344874,"contact_satisfaction":8.125,"autonomy":7.568630475015422},"metadata":{"satisfaction_count":14485,"comprehension_count":13023,"contact_count":1461,"contactReachability_count":1502,"contactSatisfaction_count":836,"autonomy_count":12968}}
