{"data":{"satisfaction":8.990348923533778,"comprehension":8.92983410388904,"contact":4.6464019851116625,"contact_reachability":0.5490196078431373,"contact_satisfaction":8.550228310502282,"autonomy":7.7417551704863055},"metadata":{"satisfaction_count":4041,"comprehension_count":3677,"contact_count":403,"contactReachability_count":408,"contactSatisfaction_count":219,"autonomy_count":3578}}
