{"data":{"satisfaction":9.073911871715403,"comprehension":8.879710796433656,"contact":4.661616161616162,"contact_reachability":0.5848068107400131,"contact_satisfaction":8.13454759106933,"autonomy":7.50522076372315},"metadata":{"satisfaction_count":14842,"comprehension_count":13347,"contact_count":1485,"contactReachability_count":1527,"contactSatisfaction_count":851,"autonomy_count":13408}}
