{"data":{"satisfaction":9.068135569433723,"comprehension":8.873652133145804,"contact":4.628851540616247,"contact_reachability":0.5817438692098093,"contact_satisfaction":8.120393120393121,"autonomy":7.547287791152103},"metadata":{"satisfaction_count":14251,"comprehension_count":12798,"contact_count":1428,"contactReachability_count":1468,"contactSatisfaction_count":814,"autonomy_count":12794}}
