{"data":{"satisfaction":8.984695905657878,"comprehension":8.81487190780298,"contact":4.63903743315508,"contact_reachability":0.5845253576072822,"contact_satisfaction":8.09801633605601,"autonomy":7.472854380484902},"metadata":{"satisfaction_count":15094,"comprehension_count":13623,"contact_count":1496,"contactReachability_count":1538,"contactSatisfaction_count":857,"autonomy_count":13446}}
