{"data":{"satisfaction":9.146229307173513,"comprehension":8.987554658594012,"contact":4.663173652694611,"contact_reachability":0.5971014492753624,"contact_satisfaction":7.987179487179487,"autonomy":7.6205023761031905},"metadata":{"satisfaction_count":3262,"comprehension_count":2973,"contact_count":334,"contactReachability_count":345,"contactSatisfaction_count":195,"autonomy_count":2946}}
