{"data":{"satisfaction":8.982141644598357,"comprehension":8.811950063924193,"contact":4.646551724137931,"contact_reachability":0.5837801608579088,"contact_satisfaction":8.127261761158021,"autonomy":7.572575663990118},"metadata":{"satisfaction_count":14727,"comprehension_count":13297,"contact_count":1450,"contactReachability_count":1492,"contactSatisfaction_count":829,"autonomy_count":12952}}
