{"data":{"satisfaction":8.982968840719954,"comprehension":8.8132323521006,"contact":4.635248547449968,"contact_reachability":0.5835427135678392,"contact_satisfaction":8.103837471783295,"autonomy":7.406158042058422},"metadata":{"satisfaction_count":15501,"comprehension_count":13996,"contact_count":1549,"contactReachability_count":1592,"contactSatisfaction_count":886,"autonomy_count":13933}}
