{"data":{"satisfaction":9.044755244755244,"comprehension":8.973378212974296,"contact":4.717391304347826,"contact_reachability":0.5870786516853933,"contact_satisfaction":8.219696969696969,"autonomy":7.662051604782882},"metadata":{"satisfaction_count":3575,"comprehension_count":3268,"contact_count":345,"contactReachability_count":356,"contactSatisfaction_count":198,"autonomy_count":3178}}
