{"data":{"satisfaction":8.975484954941194,"comprehension":8.798346055979644,"contact":4.564553093964859,"contact_reachability":0.5829562594268477,"contact_satisfaction":7.9034391534391535,"autonomy":7.388713933100689},"metadata":{"satisfaction_count":13094,"comprehension_count":11790,"contact_count":1309,"contactReachability_count":1326,"contactSatisfaction_count":756,"autonomy_count":11749}}
