{"data":{"satisfaction":9.112444725205306,"comprehension":8.953125,"contact":4.554093567251462,"contact_reachability":0.5823863636363636,"contact_satisfaction":7.987179487179487,"autonomy":7.584760573226145},"metadata":{"satisfaction_count":3166,"comprehension_count":2880,"contact_count":342,"contactReachability_count":352,"contactSatisfaction_count":195,"autonomy_count":2861}}
