{"data":{"satisfaction":8.983768753233315,"comprehension":8.813198224004584,"contact":4.629689521345408,"contact_reachability":0.5827564505978603,"contact_satisfaction":8.105889014722537,"autonomy":7.4059420185598155},"metadata":{"satisfaction_count":15464,"comprehension_count":13964,"contact_count":1546,"contactReachability_count":1589,"contactSatisfaction_count":883,"autonomy_count":13901}}
