{"data":{"satisfaction":9.066985645933014,"comprehension":8.95597210113339,"contact":4.75,"contact_reachability":0.5793450881612091,"contact_satisfaction":8.307174887892376,"autonomy":7.689562890276539},"metadata":{"satisfaction_count":3762,"comprehension_count":3441,"contact_count":390,"contactReachability_count":397,"contactSatisfaction_count":223,"autonomy_count":3363}}
