{"data":{"satisfaction":9.168756718022214,"comprehension":9.022379269729093,"contact":4.522968197879859,"contact_reachability":0.5850340136054422,"contact_satisfaction":7.950310559006211,"autonomy":7.632831086439334},"metadata":{"satisfaction_count":2791,"comprehension_count":2547,"contact_count":283,"contactReachability_count":294,"contactSatisfaction_count":161,"autonomy_count":2522}}
