{"data":{"satisfaction":9.03671030165054,"comprehension":8.94383775351014,"contact":4.634308510638298,"contact_reachability":0.5837696335078534,"contact_satisfaction":8.02995391705069,"autonomy":7.647622087456113},"metadata":{"satisfaction_count":3514,"comprehension_count":3205,"contact_count":376,"contactReachability_count":382,"contactSatisfaction_count":217,"autonomy_count":3133}}
