{"data":{"satisfaction":8.991097922848665,"comprehension":8.929416987274342,"contact":4.742547425474255,"contact_reachability":0.574468085106383,"contact_satisfaction":8.373205741626794,"autonomy":7.626658624849216},"metadata":{"satisfaction_count":3707,"comprehension_count":3379,"contact_count":369,"contactReachability_count":376,"contactSatisfaction_count":209,"autonomy_count":3316}}
