{"data":{"satisfaction":3.875,"comprehension":4.652777777777778,"contact":2.857142857142857,"contact_reachability":0.42857142857142855,"contact_satisfaction":6.666666666666667,"autonomy":7.222222222222222},"metadata":{"satisfaction_count":40,"comprehension_count":36,"contact_count":7,"contactReachability_count":7,"contactSatisfaction_count":3,"autonomy_count":36}}
