{"data":{"satisfaction":4.1477272727272725,"comprehension":4.39873417721519,"contact":4.473684210526316,"contact_reachability":0.6842105263157895,"contact_satisfaction":6.538461538461538,"autonomy":5.625},"metadata":{"satisfaction_count":88,"comprehension_count":79,"contact_count":19,"contactReachability_count":19,"contactSatisfaction_count":13,"autonomy_count":80}}
