{"data":{"satisfaction":3.877551020408163,"comprehension":4.388888888888889,"contact":4.166666666666667,"contact_reachability":0.6666666666666666,"contact_satisfaction":6.25,"autonomy":6.222222222222222},"metadata":{"satisfaction_count":49,"comprehension_count":45,"contact_count":12,"contactReachability_count":12,"contactSatisfaction_count":8,"autonomy_count":45}}
