{"data":{"satisfaction":4.055555555555555,"comprehension":4.320987654320987,"contact":4.473684210526316,"contact_reachability":0.6842105263157895,"contact_satisfaction":6.538461538461538,"autonomy":5.679012345679013},"metadata":{"satisfaction_count":90,"comprehension_count":81,"contact_count":19,"contactReachability_count":19,"contactSatisfaction_count":13,"autonomy_count":81}}
