{"data":{"satisfaction":9.574468085106384,"comprehension":9.377076411960132,"contact":7.589285714285714,"contact_reachability":0.9310344827586207,"contact_satisfaction":8.173076923076923,"autonomy":8.068965517241379},"metadata":{"satisfaction_count":329,"comprehension_count":301,"contact_count":28,"contactReachability_count":29,"contactSatisfaction_count":26,"autonomy_count":290}}
