{"data":{"satisfaction":9.514851485148515,"comprehension":9.30406852248394,"contact":7.352941176470588,"contact_reachability":0.8653846153846154,"contact_satisfaction":8.522727272727273,"autonomy":7.858719646799117},"metadata":{"satisfaction_count":505,"comprehension_count":467,"contact_count":51,"contactReachability_count":52,"contactSatisfaction_count":44,"autonomy_count":453}}
