{"data":{"satisfaction":9.507042253521126,"comprehension":9.115384615384615,"contact":7.916666666666667,"contact_reachability":0.9444444444444444,"contact_satisfaction":8.382352941176471,"autonomy":7.7486910994764395},"metadata":{"satisfaction_count":213,"comprehension_count":195,"contact_count":18,"contactReachability_count":18,"contactSatisfaction_count":17,"autonomy_count":191}}
