{"data":{"satisfaction":9.50859950859951,"comprehension":9.269436997319035,"contact":7.5,"contact_reachability":0.9210526315789473,"contact_satisfaction":8.161764705882353,"autonomy":7.928176795580111},"metadata":{"satisfaction_count":407,"comprehension_count":373,"contact_count":37,"contactReachability_count":38,"contactSatisfaction_count":34,"autonomy_count":362}}
