{"data":{"satisfaction":9.497607655502392,"comprehension":9.136125654450261,"contact":7.794117647058823,"contact_reachability":0.9411764705882353,"contact_satisfaction":8.28125,"autonomy":7.807486631016043},"metadata":{"satisfaction_count":209,"comprehension_count":191,"contact_count":17,"contactReachability_count":17,"contactSatisfaction_count":16,"autonomy_count":187}}
