{"data":{"satisfaction":5.43312101910828,"comprehension":5.209497206703911,"contact":3.761467889908257,"contact_reachability":0.6158536585365854,"contact_satisfaction":6.119402985074627,"autonomy":3.814589665653495},"metadata":{"satisfaction_count":785,"comprehension_count":716,"contact_count":327,"contactReachability_count":328,"contactSatisfaction_count":201,"autonomy_count":658}}
