{"data":{"satisfaction":6.597131681877444,"comprehension":6.266519823788546,"contact":5.0265188042430085,"contact_reachability":0.7097078228086711,"contact_satisfaction":7.150205761316872,"autonomy":4.261867501304121},"metadata":{"satisfaction_count":2301,"comprehension_count":2043,"contact_count":1037,"contactReachability_count":1061,"contactSatisfaction_count":729,"autonomy_count":1917}}
