{"data":{"satisfaction":6.884057971014493,"comprehension":6.702488687782806,"contact":4.781553398058253,"contact_reachability":0.6682692307692307,"contact_satisfaction":7.189781021897811,"autonomy":4.739336492890995},"metadata":{"satisfaction_count":483,"comprehension_count":442,"contact_count":206,"contactReachability_count":208,"contactSatisfaction_count":137,"autonomy_count":422}}
