{"data":{"satisfaction":5.270049099836334,"comprehension":5.044964028776978,"contact":3.635458167330677,"contact_reachability":0.6190476190476191,"contact_satisfaction":5.887096774193548,"autonomy":3.6862745098039214},"metadata":{"satisfaction_count":611,"comprehension_count":556,"contact_count":251,"contactReachability_count":252,"contactSatisfaction_count":155,"autonomy_count":510}}
