{"data":{"satisfaction":6.429243065350259,"comprehension":6.084781463928383,"contact":4.851871101871102,"contact_reachability":0.7004089979550102,"contact_satisfaction":6.976831091180867,"autonomy":4.156992813709231},"metadata":{"satisfaction_count":2127,"comprehension_count":1899,"contact_count":962,"contactReachability_count":978,"contactSatisfaction_count":669,"autonomy_count":1809}}
