{"data":{"satisfaction":6.591007349762213,"comprehension":6.262773722627737,"contact":5.016810758885687,"contact_reachability":0.707981220657277,"contact_satisfaction":7.154109589041096,"autonomy":4.257528556593977},"metadata":{"satisfaction_count":2313,"comprehension_count":2055,"contact_count":1041,"contactReachability_count":1065,"contactSatisfaction_count":730,"autonomy_count":1926}}
