{"data":{"satisfaction":5.4260651629072685,"comprehension":5.220994475138122,"contact":3.697289156626506,"contact_reachability":0.6066066066066066,"contact_satisfaction":6.106965174129353,"autonomy":3.973013493253373},"metadata":{"satisfaction_count":798,"comprehension_count":724,"contact_count":332,"contactReachability_count":333,"contactSatisfaction_count":201,"autonomy_count":667}}
