{"data":{"satisfaction":6.8646408839779,"comprehension":6.745283018867925,"contact":4.517045454545454,"contact_reachability":0.6836158192090396,"contact_satisfaction":6.625,"autonomy":4.026402640264027},"metadata":{"satisfaction_count":362,"comprehension_count":318,"contact_count":176,"contactReachability_count":177,"contactSatisfaction_count":120,"autonomy_count":303}}
