{"data":{"satisfaction":5.531135531135531,"comprehension":5.342281879194631,"contact":3.8615384615384616,"contact_reachability":0.6165644171779141,"contact_satisfaction":6.275,"autonomy":4.078947368421052},"metadata":{"satisfaction_count":819,"comprehension_count":745,"contact_count":325,"contactReachability_count":326,"contactSatisfaction_count":200,"autonomy_count":684}}
