{"data":{"satisfaction":6.445031204992799,"comprehension":6.093329747175901,"contact":4.885272145144077,"contact_reachability":0.7009443861490031,"contact_satisfaction":7.020705521472393,"autonomy":4.16243654822335},"metadata":{"satisfaction_count":2083,"comprehension_count":1859,"contact_count":937,"contactReachability_count":953,"contactSatisfaction_count":652,"autonomy_count":1773}}
