{"data":{"satisfaction":6.423290203327172,"comprehension":6.069767441860465,"contact":4.8346897253306205,"contact_reachability":0.7007007007007007,"contact_satisfaction":6.948099415204679,"autonomy":4.125950054288817},"metadata":{"satisfaction_count":2164,"comprehension_count":1935,"contact_count":983,"contactReachability_count":999,"contactSatisfaction_count":684,"autonomy_count":1842}}
