{"data":{"satisfaction":7.542465753424658,"comprehension":7.815533980582524,"contact":5.253164556962025,"contact_reachability":0.6984615384615385,"contact_satisfaction":7.614678899082569,"autonomy":6.268656716417911},"metadata":{"satisfaction_count":1825,"comprehension_count":1751,"contact_count":316,"contactReachability_count":325,"contactSatisfaction_count":218,"autonomy_count":1675}}
