{"data":{"satisfaction":7.53976961053209,"comprehension":7.813036020583191,"contact":5.253164556962025,"contact_reachability":0.6984615384615385,"contact_satisfaction":7.614678899082569,"autonomy":6.264196054991034},"metadata":{"satisfaction_count":1823,"comprehension_count":1749,"contact_count":316,"contactReachability_count":325,"contactSatisfaction_count":218,"autonomy_count":1673}}
