{"data":{"satisfaction":5.789625360230548,"comprehension":6.1828644501278776,"contact":3.703825857519789,"contact_reachability":0.5978975032851511,"contact_satisfaction":6.211283185840708,"autonomy":3.9470108695652173},"metadata":{"satisfaction_count":1735,"comprehension_count":1564,"contact_count":758,"contactReachability_count":761,"contactSatisfaction_count":452,"autonomy_count":1472}}
