{"data":{"satisfaction":5.853658536585366,"comprehension":6.160964666292765,"contact":3.8662456946039034,"contact_reachability":0.6311010215664018,"contact_satisfaction":6.167582417582418,"autonomy":3.9881656804733727},"metadata":{"satisfaction_count":1968,"comprehension_count":1783,"contact_count":871,"contactReachability_count":881,"contactSatisfaction_count":546,"autonomy_count":1690}}
