{"data":{"satisfaction":5.894226887363747,"comprehension":6.157728231394999,"contact":3.665519399249061,"contact_reachability":0.6116264687693259,"contact_satisfaction":6.038659793814433,"autonomy":4.00479233226837},"metadata":{"satisfaction_count":7431,"comprehension_count":6638,"contact_count":3196,"contactReachability_count":3234,"contactSatisfaction_count":1940,"autonomy_count":6260}}
