{"data":{"satisfaction":5.8839894282932255,"comprehension":6.1607559496033595,"contact":3.568503937007874,"contact_reachability":0.6180124223602484,"contact_satisfaction":5.825192802056555,"autonomy":3.919165148252443},"metadata":{"satisfaction_count":7189,"comprehension_count":6429,"contact_count":3175,"contactReachability_count":3220,"contactSatisfaction_count":1945,"autonomy_count":6037}}
