{"data":{"satisfaction":5.885387618516453,"comprehension":6.162872290659598,"contact":3.570751737207833,"contact_reachability":0.6181874805356586,"contact_satisfaction":5.827319587628866,"autonomy":3.9193227091633465},"metadata":{"satisfaction_count":7172,"comprehension_count":6413,"contact_count":3166,"contactReachability_count":3211,"contactSatisfaction_count":1940,"autonomy_count":6024}}
