{"data":{"satisfaction":5.974409448818897,"comprehension":6.308760683760684,"contact":3.30607476635514,"contact_reachability":0.5688073394495413,"contact_satisfaction":5.895833333333333,"autonomy":3.8321995464852607},"metadata":{"satisfaction_count":508,"comprehension_count":468,"contact_count":214,"contactReachability_count":218,"contactSatisfaction_count":120,"autonomy_count":441}}
