{"data":{"satisfaction":5.858085808580858,"comprehension":6.2041788856304985,"contact":3.7519747235387046,"contact_reachability":0.6087636932707355,"contact_satisfaction":6.201044386422977,"autonomy":4.026377036462374},"metadata":{"satisfaction_count":1515,"comprehension_count":1364,"contact_count":633,"contactReachability_count":639,"contactSatisfaction_count":383,"autonomy_count":1289}}
