{"data":{"satisfaction":5.915769690756877,"comprehension":6.156244005371187,"contact":3.4916795665634677,"contact_reachability":0.6137239784117193,"contact_satisfaction":5.70322376738306,"autonomy":3.937217890849405},"metadata":{"satisfaction_count":5853,"comprehension_count":5213,"contact_count":2584,"contactReachability_count":2594,"contactSatisfaction_count":1582,"autonomy_count":4874}}
