{"data":{"satisfaction":5.917000174003828,"comprehension":6.1969785008715865,"contact":3.676531031648171,"contact_reachability":0.6052845528455284,"contact_satisfaction":6.118331053351573,"autonomy":4.018537590113286},"metadata":{"satisfaction_count":5747,"comprehension_count":5163,"contact_count":2433,"contactReachability_count":2460,"contactSatisfaction_count":1462,"autonomy_count":4855}}
