{"data":{"satisfaction":5.85100742311771,"comprehension":6.2251461988304095,"contact":3.8517441860465116,"contact_reachability":0.6359447004608295,"contact_satisfaction":6.089154411764706,"autonomy":3.9143920595533497},"metadata":{"satisfaction_count":1886,"comprehension_count":1710,"contact_count":860,"contactReachability_count":868,"contactSatisfaction_count":544,"autonomy_count":1612}}
