{"data":{"satisfaction":5.805819809736989,"comprehension":6.166977032898821,"contact":3.695090439276486,"contact_reachability":0.5917843388960206,"contact_satisfaction":6.271929824561403,"autonomy":3.989501312335958},"metadata":{"satisfaction_count":1787,"comprehension_count":1611,"contact_count":774,"contactReachability_count":779,"contactSatisfaction_count":456,"autonomy_count":1524}}
