{"data":{"satisfaction":6.098710317460317,"comprehension":6.277502750275027,"contact":3.742442563482467,"contact_reachability":0.60984393757503,"contact_satisfaction":6.165338645418327,"autonomy":4.058651026392962},"metadata":{"satisfaction_count":2016,"comprehension_count":1818,"contact_count":827,"contactReachability_count":833,"contactSatisfaction_count":502,"autonomy_count":1705}}
