{"data":{"satisfaction":5.822072072072072,"comprehension":6.120689655172414,"contact":3.4341397849462365,"contact_reachability":0.6021220159151194,"contact_satisfaction":5.754504504504505,"autonomy":3.9021164021164023},"metadata":{"satisfaction_count":888,"comprehension_count":812,"contact_count":372,"contactReachability_count":377,"contactSatisfaction_count":222,"autonomy_count":756}}
