{"data":{"satisfaction":5.8947962205612745,"comprehension":6.15302575446358,"contact":3.6771004942339376,"contact_reachability":0.6134809508303484,"contact_satisfaction":6.038961038961039,"autonomy":4.004336224149433},"metadata":{"satisfaction_count":7091,"comprehension_count":6329,"contact_count":3035,"contactReachability_count":3071,"contactSatisfaction_count":1848,"autonomy_count":5996}}
