{"data":{"satisfaction":9.059531348955035,"comprehension":8.889655172413793,"contact":6.0476190476190474,"contact_reachability":0.75,"contact_satisfaction":8.14102564102564,"autonomy":8.279266572637518},"metadata":{"satisfaction_count":1579,"comprehension_count":1450,"contact_count":105,"contactReachability_count":108,"contactSatisfaction_count":78,"autonomy_count":1418}}
