{"data":{"satisfaction":9.00943396226415,"comprehension":8.951822916666666,"contact":5.476190476190476,"contact_reachability":0.7391304347826086,"contact_satisfaction":7.666666666666667,"autonomy":8.364116094986807},"metadata":{"satisfaction_count":424,"comprehension_count":384,"contact_count":21,"contactReachability_count":23,"contactSatisfaction_count":15,"autonomy_count":379}}
