{"data":{"satisfaction":9.052890528905289,"comprehension":8.887768817204302,"contact":5.886363636363637,"contact_reachability":0.7433628318584071,"contact_satisfaction":7.993827160493828,"autonomy":8.292181069958847},"metadata":{"satisfaction_count":1626,"comprehension_count":1488,"contact_count":110,"contactReachability_count":113,"contactSatisfaction_count":81,"autonomy_count":1458}}
