{"data":{"satisfaction":9.044444444444444,"comprehension":8.90852390852391,"contact":6.136363636363637,"contact_reachability":0.7876106194690266,"contact_satisfaction":7.848837209302325,"autonomy":8.336871903750884},"metadata":{"satisfaction_count":1575,"comprehension_count":1443,"contact_count":110,"contactReachability_count":113,"contactSatisfaction_count":86,"autonomy_count":1413}}
