{"data":{"satisfaction":9.04659717964439,"comprehension":8.890750670241287,"contact":5.923423423423423,"contact_reachability":0.7456140350877193,"contact_satisfaction":8.018292682926829,"autonomy":8.284347231715653},"metadata":{"satisfaction_count":1631,"comprehension_count":1492,"contact_count":111,"contactReachability_count":114,"contactSatisfaction_count":82,"autonomy_count":1463}}
