{"data":{"satisfaction":9.01840490797546,"comprehension":9.03061224489796,"contact":4.705882352941177,"contact_reachability":0.6842105263157895,"contact_satisfaction":7.2727272727272725,"autonomy":8.287671232876713},"metadata":{"satisfaction_count":326,"comprehension_count":294,"contact_count":17,"contactReachability_count":19,"contactSatisfaction_count":11,"autonomy_count":292}}
