{"data":{"satisfaction":9.026299311208517,"comprehension":8.873383253914227,"contact":5.46218487394958,"contact_reachability":0.7,"contact_satisfaction":7.831325301204819,"autonomy":8.182461103253182},"metadata":{"satisfaction_count":1597,"comprehension_count":1469,"contact_count":119,"contactReachability_count":120,"contactSatisfaction_count":83,"autonomy_count":1414}}
