{"data":{"satisfaction":9.025974025974026,"comprehension":8.97783251231527,"contact":5.961538461538462,"contact_reachability":0.8148148148148148,"contact_satisfaction":7.380952380952381,"autonomy":8.32512315270936},"metadata":{"satisfaction_count":231,"comprehension_count":203,"contact_count":26,"contactReachability_count":27,"contactSatisfaction_count":21,"autonomy_count":203}}
