{"data":{"satisfaction":9.0608228980322,"comprehension":8.878143133462283,"contact":5.486111111111111,"contact_reachability":0.7222222222222222,"contact_satisfaction":7.596153846153846,"autonomy":8.277886497064578},"metadata":{"satisfaction_count":559,"comprehension_count":517,"contact_count":36,"contactReachability_count":36,"contactSatisfaction_count":26,"autonomy_count":511}}
