{"data":{"satisfaction":9.027690371302706,"comprehension":8.874829001367988,"contact":5.46218487394958,"contact_reachability":0.7,"contact_satisfaction":7.831325301204819,"autonomy":8.173418621179815},"metadata":{"satisfaction_count":1589,"comprehension_count":1462,"contact_count":119,"contactReachability_count":120,"contactSatisfaction_count":83,"autonomy_count":1407}}
