{"data":{"satisfaction":9.057052297939778,"comprehension":8.895599654874893,"contact":4.831460674157303,"contact_reachability":0.6404494382022472,"contact_satisfaction":7.543859649122807,"autonomy":8.132260947274352},"metadata":{"satisfaction_count":1262,"comprehension_count":1159,"contact_count":89,"contactReachability_count":89,"contactSatisfaction_count":57,"autonomy_count":1119}}
