{"data":{"satisfaction":7.242462311557789,"comprehension":6.553514376996805,"contact":5.38563829787234,"contact_reachability":0.7329842931937173,"contact_satisfaction":7.390510948905109,"autonomy":5.125},"metadata":{"satisfaction_count":796,"comprehension_count":626,"contact_count":188,"contactReachability_count":191,"contactSatisfaction_count":137,"autonomy_count":560}}
