{"data":{"satisfaction":7.08,"comprehension":6.596774193548387,"contact":5.686813186813187,"contact_reachability":0.7692307692307693,"contact_satisfaction":7.392857142857143,"autonomy":5.0187265917602994},"metadata":{"satisfaction_count":375,"comprehension_count":310,"contact_count":91,"contactReachability_count":91,"contactSatisfaction_count":70,"autonomy_count":267}}
