{"data":{"satisfaction":7.733118971061093,"comprehension":7.115384615384615,"contact":6.505681818181818,"contact_reachability":0.8571428571428571,"contact_satisfaction":7.633333333333334,"autonomy":4.821428571428571},"metadata":{"satisfaction_count":311,"comprehension_count":260,"contact_count":88,"contactReachability_count":91,"contactSatisfaction_count":75,"autonomy_count":224}}
