{"data":{"satisfaction":7.3522595596755504,"comprehension":6.675257731958763,"contact":5.672169811320755,"contact_reachability":0.7614678899082569,"contact_satisfaction":7.515625,"autonomy":5.11437908496732},"metadata":{"satisfaction_count":863,"comprehension_count":679,"contact_count":212,"contactReachability_count":218,"contactSatisfaction_count":160,"autonomy_count":612}}
