{"data":{"satisfaction":6.8,"comprehension":6.281645569620253,"contact":5.147058823529412,"contact_reachability":0.7115384615384616,"contact_satisfaction":7.291666666666667,"autonomy":5.357142857142857},"metadata":{"satisfaction_count":200,"comprehension_count":158,"contact_count":51,"contactReachability_count":52,"contactSatisfaction_count":36,"autonomy_count":140}}
