{"data":{"satisfaction":7.038043478260869,"comprehension":6.617647058823529,"contact":5.714285714285714,"contact_reachability":0.7662337662337663,"contact_satisfaction":7.4576271186440675,"autonomy":5.265151515151516},"metadata":{"satisfaction_count":368,"comprehension_count":306,"contact_count":77,"contactReachability_count":77,"contactSatisfaction_count":59,"autonomy_count":264}}
