{"data":{"satisfaction":7.306501547987616,"comprehension":6.573886639676114,"contact":5.233333333333333,"contact_reachability":0.7133757961783439,"contact_satisfaction":7.476190476190476,"autonomy":5.204545454545454},"metadata":{"satisfaction_count":646,"comprehension_count":494,"contact_count":150,"contactReachability_count":157,"contactSatisfaction_count":105,"autonomy_count":440}}
