{"data":{"satisfaction":7.642276422764228,"comprehension":7.0230263157894735,"contact":6.590909090909091,"contact_reachability":0.8725490196078431,"contact_satisfaction":7.587209302325581,"autonomy":4.943396226415095},"metadata":{"satisfaction_count":369,"comprehension_count":304,"contact_count":99,"contactReachability_count":102,"contactSatisfaction_count":86,"autonomy_count":265}}
