{"data":{"satisfaction":7.149178255372946,"comprehension":6.467213114754099,"contact":4.944134078212291,"contact_reachability":0.6827956989247311,"contact_satisfaction":7.375,"autonomy":5.2865064695009245},"metadata":{"satisfaction_count":791,"comprehension_count":610,"contact_count":179,"contactReachability_count":186,"contactSatisfaction_count":120,"autonomy_count":541}}
