{"data":{"satisfaction":7.214580467675378,"comprehension":6.532258064516129,"contact":5.077160493827161,"contact_reachability":0.6982248520710059,"contact_satisfaction":7.40990990990991,"autonomy":5.2631578947368425},"metadata":{"satisfaction_count":727,"comprehension_count":558,"contact_count":162,"contactReachability_count":169,"contactSatisfaction_count":111,"autonomy_count":494}}
