{"data":{"satisfaction":7.238219895287958,"comprehension":6.580698835274543,"contact":5.394736842105263,"contact_reachability":0.7241379310344828,"contact_satisfaction":7.5,"autonomy":5.213358070500927},"metadata":{"satisfaction_count":764,"comprehension_count":601,"contact_count":171,"contactReachability_count":174,"contactSatisfaction_count":123,"autonomy_count":539}}
