{"data":{"satisfaction":7.145618556701031,"comprehension":6.475752508361204,"contact":4.943181818181818,"contact_reachability":0.6775956284153005,"contact_satisfaction":7.435897435897436,"autonomy":5.291902071563088},"metadata":{"satisfaction_count":776,"comprehension_count":598,"contact_count":176,"contactReachability_count":183,"contactSatisfaction_count":117,"autonomy_count":531}}
