{"data":{"satisfaction":7.22972972972973,"comprehension":6.422413793103448,"contact":5.511363636363637,"contact_reachability":0.7333333333333333,"contact_satisfaction":7.578125,"autonomy":5.436893203883495},"metadata":{"satisfaction_count":148,"comprehension_count":116,"contact_count":44,"contactReachability_count":45,"contactSatisfaction_count":32,"autonomy_count":103}}
