{"data":{"satisfaction":9.634146341463415,"comprehension":8.949579831932773,"contact":8.653846153846153,"contact_reachability":0.8846153846153846,"contact_satisfaction":9.782608695652174,"autonomy":7.361702127659575},"metadata":{"satisfaction_count":246,"comprehension_count":238,"contact_count":26,"contactReachability_count":26,"contactSatisfaction_count":23,"autonomy_count":235}}
