{"data":{"satisfaction":5.833697075512877,"comprehension":5.802078626299141,"contact":5.352564102564102,"contact_reachability":0.7160493827160493,"contact_satisfaction":7.590909090909091,"autonomy":5.323336457357076},"metadata":{"satisfaction_count":2291,"comprehension_count":2213,"contact_count":312,"contactReachability_count":324,"contactSatisfaction_count":220,"autonomy_count":2134}}
