{"data":{"satisfaction":7.33502538071066,"comprehension":7.157894736842105,"contact":6.470588235294118,"contact_reachability":0.8823529411764706,"contact_satisfaction":7.333333333333333,"autonomy":6.324324324324325},"metadata":{"satisfaction_count":197,"comprehension_count":190,"contact_count":17,"contactReachability_count":17,"contactSatisfaction_count":15,"autonomy_count":185}}
