{"data":{"satisfaction":7.254464285714286,"comprehension":7.222222222222222,"contact":7.82051282051282,"contact_reachability":0.9230769230769231,"contact_satisfaction":8.472222222222221,"autonomy":6.201923076923077},"metadata":{"satisfaction_count":224,"comprehension_count":216,"contact_count":39,"contactReachability_count":39,"contactSatisfaction_count":36,"autonomy_count":208}}
