{"data":{"satisfaction":5.818908122503329,"comprehension":5.7927389705882355,"contact":5.366449511400652,"contact_reachability":0.7147335423197492,"contact_satisfaction":7.627314814814815,"autonomy":5.319351763584366},"metadata":{"satisfaction_count":2253,"comprehension_count":2176,"contact_count":307,"contactReachability_count":319,"contactSatisfaction_count":216,"autonomy_count":2098}}
