{"data":{"satisfaction":7.105263157894737,"comprehension":7.1022727272727275,"contact":7.82051282051282,"contact_reachability":0.9230769230769231,"contact_satisfaction":8.472222222222221,"autonomy":6.226415094339623},"metadata":{"satisfaction_count":228,"comprehension_count":220,"contact_count":39,"contactReachability_count":39,"contactSatisfaction_count":36,"autonomy_count":212}}
