{"data":{"satisfaction":6.5,"comprehension":6.412037037037037,"contact":5.277777777777778,"contact_reachability":0.7777777777777778,"contact_satisfaction":6.785714285714286,"autonomy":5.686274509803922},"metadata":{"satisfaction_count":110,"comprehension_count":108,"contact_count":9,"contactReachability_count":9,"contactSatisfaction_count":7,"autonomy_count":102}}
