{"data":{"satisfaction":5.833698030634573,"comprehension":5.803126415949253,"contact":5.352564102564102,"contact_reachability":0.7160493827160493,"contact_satisfaction":7.590909090909091,"autonomy":5.328947368421052},"metadata":{"satisfaction_count":2285,"comprehension_count":2207,"contact_count":312,"contactReachability_count":324,"contactSatisfaction_count":220,"autonomy_count":2128}}
