{"data":{"satisfaction":7.555555555555555,"comprehension":7.412280701754386,"contact":7.8125,"contact_reachability":0.9166666666666666,"contact_satisfaction":8.522727272727273,"autonomy":6.5030674846625764},"metadata":{"satisfaction_count":180,"comprehension_count":171,"contact_count":24,"contactReachability_count":24,"contactSatisfaction_count":22,"autonomy_count":163}}
