{"data":{"satisfaction":7.753574991686066,"comprehension":7.244065281899109,"contact":5.178202479338843,"contact_reachability":0.6966632962588474,"contact_satisfaction":7.50374251497006,"autonomy":5.177720776841334},"metadata":{"satisfaction_count":3007,"comprehension_count":2696,"contact_count":968,"contactReachability_count":989,"contactSatisfaction_count":668,"autonomy_count":2729}}
