{"data":{"satisfaction":7.7844311377245505,"comprehension":7.278375370919881,"contact":5.216494845360825,"contact_reachability":0.7033299697275479,"contact_satisfaction":7.485207100591716,"autonomy":5.15084621044886},"metadata":{"satisfaction_count":3006,"comprehension_count":2696,"contact_count":970,"contactReachability_count":991,"contactSatisfaction_count":676,"autonomy_count":2718}}
