{"data":{"satisfaction":7.739338555265448,"comprehension":7.397483690587139,"contact":5.264136904761905,"contact_reachability":0.6991150442477876,"contact_satisfaction":7.558760683760684,"autonomy":5.357824427480916},"metadata":{"satisfaction_count":2298,"comprehension_count":2146,"contact_count":672,"contactReachability_count":678,"contactSatisfaction_count":468,"autonomy_count":2096}}
