{"data":{"satisfaction":6.794871794871795,"comprehension":6.51360544217687,"contact":3.8068181818181817,"contact_reachability":0.5681818181818182,"contact_satisfaction":6.7,"autonomy":4.859154929577465},"metadata":{"satisfaction_count":156,"comprehension_count":147,"contact_count":44,"contactReachability_count":44,"contactSatisfaction_count":25,"autonomy_count":142}}
