{"data":{"satisfaction":7.590336987413723,"comprehension":7.2659667541557305,"contact":4.963815789473684,"contact_reachability":0.6619170984455959,"contact_satisfaction":7.560120240480962,"autonomy":5.261756876663709},"metadata":{"satisfaction_count":2463,"comprehension_count":2286,"contact_count":760,"contactReachability_count":772,"contactSatisfaction_count":499,"autonomy_count":2254}}
