{"data":{"satisfaction":7.127659574468085,"comprehension":6.666666666666667,"contact":3.6538461538461537,"contact_reachability":0.5384615384615384,"contact_satisfaction":6.785714285714286,"autonomy":4.886363636363637},"metadata":{"satisfaction_count":94,"comprehension_count":90,"contact_count":26,"contactReachability_count":26,"contactSatisfaction_count":14,"autonomy_count":88}}
