{"data":{"satisfaction":7.785904255319149,"comprehension":7.279466271312083,"contact":5.216494845360825,"contact_reachability":0.7033299697275479,"contact_satisfaction":7.485207100591716,"autonomy":5.154411764705882},"metadata":{"satisfaction_count":3008,"comprehension_count":2698,"contact_count":970,"contactReachability_count":991,"contactSatisfaction_count":676,"autonomy_count":2720}}
