{"data":{"satisfaction":7.509803921568627,"comprehension":7.199895615866389,"contact":5.42332268370607,"contact_reachability":0.7341772151898734,"contact_satisfaction":7.4126637554585155,"autonomy":5.075431034482759},"metadata":{"satisfaction_count":1020,"comprehension_count":958,"contact_count":313,"contactReachability_count":316,"contactSatisfaction_count":229,"autonomy_count":928}}
