{"data":{"satisfaction":7.120622568093385,"comprehension":6.8354430379746836,"contact":4.714285714285714,"contact_reachability":0.5857142857142857,"contact_satisfaction":8.048780487804878,"autonomy":5.6118143459915615},"metadata":{"satisfaction_count":257,"comprehension_count":237,"contact_count":70,"contactReachability_count":70,"contactSatisfaction_count":41,"autonomy_count":237}}
