{"data":{"satisfaction":8.099529780564263,"comprehension":7.760372565622354,"contact":5.601351351351352,"contact_reachability":0.7165775401069518,"contact_satisfaction":7.850378787878788,"autonomy":5.474137931034483},"metadata":{"satisfaction_count":1276,"comprehension_count":1181,"contact_count":370,"contactReachability_count":374,"contactSatisfaction_count":264,"autonomy_count":1160}}
