{"data":{"satisfaction":8.556485355648535,"comprehension":8.095238095238095,"contact":6.692708333333333,"contact_reachability":0.8514851485148515,"contact_satisfaction":7.932098765432099,"autonomy":6.216867469879518},"metadata":{"satisfaction_count":478,"comprehension_count":420,"contact_count":96,"contactReachability_count":101,"contactSatisfaction_count":81,"autonomy_count":415}}
