{"data":{"satisfaction":8.857758620689655,"comprehension":8.321078431372548,"contact":6.293103448275862,"contact_reachability":0.8387096774193549,"contact_satisfaction":7.604166666666667,"autonomy":7.309644670050761},"metadata":{"satisfaction_count":232,"comprehension_count":204,"contact_count":29,"contactReachability_count":31,"contactSatisfaction_count":24,"autonomy_count":197}}
