{"data":{"satisfaction":8.465909090909092,"comprehension":8.059125964010283,"contact":6.189024390243903,"contact_reachability":0.8604651162790697,"contact_satisfaction":7.25,"autonomy":6.276041666666667},"metadata":{"satisfaction_count":440,"comprehension_count":389,"contact_count":82,"contactReachability_count":86,"contactSatisfaction_count":70,"autonomy_count":384}}
