{"data":{"satisfaction":8.813559322033898,"comprehension":8.117283950617283,"contact":6.785714285714286,"contact_reachability":0.8378378378378378,"contact_satisfaction":8.189655172413794,"autonomy":6.363636363636363},"metadata":{"satisfaction_count":177,"comprehension_count":162,"contact_count":35,"contactReachability_count":37,"contactSatisfaction_count":29,"autonomy_count":154}}
