{"data":{"satisfaction":8.41688654353562,"comprehension":7.988165680473373,"contact":5.9,"contact_reachability":0.8461538461538461,"contact_satisfaction":7.023809523809524,"autonomy":6.006006006006006},"metadata":{"satisfaction_count":379,"comprehension_count":338,"contact_count":75,"contactReachability_count":78,"contactSatisfaction_count":63,"autonomy_count":333}}
