{"data":{"satisfaction":8.954248366013072,"comprehension":8.160714285714286,"contact":6.854838709677419,"contact_reachability":0.8484848484848485,"contact_satisfaction":8.173076923076923,"autonomy":6.417910447761194},"metadata":{"satisfaction_count":153,"comprehension_count":140,"contact_count":31,"contactReachability_count":33,"contactSatisfaction_count":26,"autonomy_count":134}}
