{"data":{"satisfaction":8.592233009708737,"comprehension":8.111233480176212,"contact":6.757425742574258,"contact_reachability":0.8584905660377359,"contact_satisfaction":7.936046511627907,"autonomy":6.241610738255034},"metadata":{"satisfaction_count":515,"comprehension_count":454,"contact_count":101,"contactReachability_count":106,"contactSatisfaction_count":86,"autonomy_count":447}}
