{"data":{"satisfaction":8.810264385692069,"comprehension":8.18695652173913,"contact":6.444954128440367,"contact_reachability":0.808695652173913,"contact_satisfaction":8.074712643678161,"autonomy":7.055655296229802},"metadata":{"satisfaction_count":643,"comprehension_count":575,"contact_count":109,"contactReachability_count":115,"contactSatisfaction_count":87,"autonomy_count":557}}
