{"data":{"satisfaction":8.706293706293707,"comprehension":8.205765407554672,"contact":6.702127659574468,"contact_reachability":0.8514851485148515,"contact_satisfaction":7.974683544303797,"autonomy":6.835699797160244},"metadata":{"satisfaction_count":572,"comprehension_count":503,"contact_count":94,"contactReachability_count":101,"contactSatisfaction_count":79,"autonomy_count":493}}
