{"data":{"satisfaction":7.897245762711864,"comprehension":7.990679824561403,"contact":3.59375,"contact_reachability":0.5416666666666666,"contact_satisfaction":6.634615384615385,"autonomy":7.227833894500561},"metadata":{"satisfaction_count":944,"comprehension_count":912,"contact_count":48,"contactReachability_count":48,"contactSatisfaction_count":26,"autonomy_count":891}}
