{"data":{"satisfaction":6.929535726045439,"comprehension":7.2889002383384405,"contact":3.6824324324324325,"contact_reachability":0.5398230088495575,"contact_satisfaction":6.927966101694915,"autonomy":6.237042156185211},"metadata":{"satisfaction_count":3037,"comprehension_count":2937,"contact_count":222,"contactReachability_count":226,"contactSatisfaction_count":118,"autonomy_count":2894}}
