{"data":{"satisfaction":6.922106590980763,"comprehension":7.296217802412781,"contact":3.668122270742358,"contact_reachability":0.5364806866952789,"contact_satisfaction":6.9421487603305785,"autonomy":6.271130261849519},"metadata":{"satisfaction_count":3171,"comprehension_count":3067,"contact_count":229,"contactReachability_count":233,"contactSatisfaction_count":121,"autonomy_count":3017}}
