{"data":{"satisfaction":9.074712643678161,"comprehension":9.08500590318772,"contact":3.0405405405405403,"contact_reachability":0.5263157894736842,"contact_satisfaction":5.921052631578948,"autonomy":8.214716525934861},"metadata":{"satisfaction_count":870,"comprehension_count":847,"contact_count":37,"contactReachability_count":38,"contactSatisfaction_count":19,"autonomy_count":829}}
