{"data":{"satisfaction":6.888059701492537,"comprehension":7.324106113033449,"contact":3.7313432835820897,"contact_reachability":0.5507246376811594,"contact_satisfaction":6.944444444444445,"autonomy":6.18767177071064},"metadata":{"satisfaction_count":2680,"comprehension_count":2601,"contact_count":201,"contactReachability_count":207,"contactSatisfaction_count":108,"autonomy_count":2547}}
