{"data":{"satisfaction":7.068095838587642,"comprehension":7.444371727748691,"contact":3.95,"contact_reachability":0.5490196078431373,"contact_satisfaction":7.314814814814815,"autonomy":6.276595744680851},"metadata":{"satisfaction_count":793,"comprehension_count":764,"contact_count":50,"contactReachability_count":51,"contactSatisfaction_count":27,"autonomy_count":752}}
