{"data":{"satisfaction":7.124645892351275,"comprehension":7.344428364688857,"contact":3.351063829787234,"contact_reachability":0.5319148936170213,"contact_satisfaction":6.3,"autonomy":6.172106824925816},"metadata":{"satisfaction_count":706,"comprehension_count":691,"contact_count":47,"contactReachability_count":47,"contactSatisfaction_count":25,"autonomy_count":674}}
