{"data":{"satisfaction":6.891625615763547,"comprehension":7.311800610376399,"contact":3.6403508771929824,"contact_reachability":0.5341880341880342,"contact_satisfaction":6.974789915966387,"autonomy":6.190311418685121},"metadata":{"satisfaction_count":3045,"comprehension_count":2949,"contact_count":228,"contactReachability_count":234,"contactSatisfaction_count":119,"autonomy_count":2890}}
