{"data":{"satisfaction":7.204386522568341,"comprehension":7.506570302233903,"contact":3.5286458333333335,"contact_reachability":0.5309278350515464,"contact_satisfaction":6.707920792079208,"autonomy":6.548376297288249},"metadata":{"satisfaction_count":3146,"comprehension_count":3044,"contact_count":192,"contactReachability_count":194,"contactSatisfaction_count":101,"autonomy_count":2987}}
