{"data":{"satisfaction":6.710353866317169,"comprehension":7.25,"contact":4.081632653061225,"contact_reachability":0.6122448979591837,"contact_satisfaction":6.666666666666667,"autonomy":6.317934782608695},"metadata":{"satisfaction_count":763,"comprehension_count":750,"contact_count":49,"contactReachability_count":49,"contactSatisfaction_count":30,"autonomy_count":736}}
