{"data":{"satisfaction":6.81877444589309,"comprehension":7.333555259653795,"contact":4.111111111111111,"contact_reachability":0.5869565217391305,"contact_satisfaction":7.115384615384615,"autonomy":6.309362279511533},"metadata":{"satisfaction_count":767,"comprehension_count":751,"contact_count":45,"contactReachability_count":46,"contactSatisfaction_count":26,"autonomy_count":737}}
