{"data":{"satisfaction":6.92965154503616,"comprehension":7.291808293677771,"contact":3.6824324324324325,"contact_reachability":0.5398230088495575,"contact_satisfaction":6.927966101694915,"autonomy":6.238785369220152},"metadata":{"satisfaction_count":3042,"comprehension_count":2942,"contact_count":222,"contactReachability_count":226,"contactSatisfaction_count":118,"autonomy_count":2898}}
