{"data":{"satisfaction":7.093023255813954,"comprehension":7.408963585434174,"contact":3.152173913043478,"contact_reachability":0.5217391304347826,"contact_satisfaction":6.041666666666667,"autonomy":6.353111432706223},"metadata":{"satisfaction_count":731,"comprehension_count":714,"contact_count":46,"contactReachability_count":46,"contactSatisfaction_count":24,"autonomy_count":691}}
