{"data":{"satisfaction":7.149917627677101,"comprehension":7.445101351351352,"contact":3.064516129032258,"contact_reachability":0.5161290322580645,"contact_satisfaction":5.9375,"autonomy":6.497373029772329},"metadata":{"satisfaction_count":607,"comprehension_count":592,"contact_count":31,"contactReachability_count":31,"contactSatisfaction_count":16,"autonomy_count":571}}
