{"data":{"satisfaction":6.889838556505223,"comprehension":7.3048023521724925,"contact":3.641078838174274,"contact_reachability":0.5303643724696356,"contact_satisfaction":7.02,"autonomy":6.184605131622792},"metadata":{"satisfaction_count":3159,"comprehension_count":3061,"contact_count":241,"contactReachability_count":247,"contactSatisfaction_count":125,"autonomy_count":3001}}
