{"data":{"satisfaction":6.8962774419344575,"comprehension":7.308702791461412,"contact":3.6652542372881354,"contact_reachability":0.5330578512396694,"contact_satisfaction":7.032520325203252,"autonomy":6.184254606365159},"metadata":{"satisfaction_count":3143,"comprehension_count":3045,"contact_count":236,"contactReachability_count":242,"contactSatisfaction_count":123,"autonomy_count":2985}}
