{"data":{"satisfaction":6.904450261780105,"comprehension":7.345013477088949,"contact":4.277777777777778,"contact_reachability":0.6086956521739131,"contact_satisfaction":7.12962962962963,"autonomy":6.320109439124487},"metadata":{"satisfaction_count":764,"comprehension_count":742,"contact_count":45,"contactReachability_count":46,"contactSatisfaction_count":27,"autonomy_count":731}}
