{"data":{"satisfaction":7.11734693877551,"comprehension":7.3842592592592595,"contact":3.701923076923077,"contact_reachability":0.5,"contact_satisfaction":7.403846153846154,"autonomy":6.308724832214765},"metadata":{"satisfaction_count":784,"comprehension_count":756,"contact_count":52,"contactReachability_count":52,"contactSatisfaction_count":26,"autonomy_count":745}}
