{"data":{"satisfaction":7.778346994535519,"comprehension":7.947748064743139,"contact":3.359872611464968,"contact_reachability":0.5126582278481012,"contact_satisfaction":6.59375,"autonomy":6.965120460266092},"metadata":{"satisfaction_count":2928,"comprehension_count":2842,"contact_count":157,"contactReachability_count":158,"contactSatisfaction_count":80,"autonomy_count":2781}}
