{"data":{"satisfaction":8.111753371868978,"comprehension":8.282778864970647,"contact":4.404761904761905,"contact_reachability":0.6363636363636364,"contact_satisfaction":7.115384615384615,"autonomy":8.214285714285714},"metadata":{"satisfaction_count":519,"comprehension_count":511,"contact_count":21,"contactReachability_count":22,"contactSatisfaction_count":13,"autonomy_count":504}}
