{"data":{"satisfaction":8.375496031746032,"comprehension":8.501315789473685,"contact":3.53125,"contact_reachability":0.5432098765432098,"contact_satisfaction":6.569767441860465,"autonomy":8.469827586206897},"metadata":{"satisfaction_count":2016,"comprehension_count":1900,"contact_count":80,"contactReachability_count":81,"contactSatisfaction_count":43,"autonomy_count":1856}}
