{"data":{"satisfaction":8.021052631578947,"comprehension":8.218142548596113,"contact":4.821428571428571,"contact_reachability":0.6785714285714286,"contact_satisfaction":7.105263157894737,"autonomy":8.03921568627451},"metadata":{"satisfaction_count":475,"comprehension_count":463,"contact_count":28,"contactReachability_count":28,"contactSatisfaction_count":19,"autonomy_count":459}}
