{"data":{"satisfaction":8.360037700282753,"comprehension":8.486513486513486,"contact":3.651685393258427,"contact_reachability":0.5555555555555556,"contact_satisfaction":6.63265306122449,"autonomy":8.441492079713848},"metadata":{"satisfaction_count":2122,"comprehension_count":2002,"contact_count":89,"contactReachability_count":90,"contactSatisfaction_count":49,"autonomy_count":1957}}
