{"data":{"satisfaction":8.247863247863247,"comprehension":8.42671335667834,"contact":3.521505376344086,"contact_reachability":0.5425531914893617,"contact_satisfaction":6.55,"autonomy":8.421319796954315},"metadata":{"satisfaction_count":2106,"comprehension_count":1999,"contact_count":93,"contactReachability_count":94,"contactSatisfaction_count":50,"autonomy_count":1970}}
