{"data":{"satisfaction":8.14453125,"comprehension":8.266932270916335,"contact":4.583333333333333,"contact_reachability":0.6842105263157895,"contact_satisfaction":6.875,"autonomy":8.282828282828282},"metadata":{"satisfaction_count":512,"comprehension_count":502,"contact_count":18,"contactReachability_count":19,"contactSatisfaction_count":12,"autonomy_count":495}}
