{"data":{"satisfaction":8.358561967833491,"comprehension":8.486710130391174,"contact":3.651685393258427,"contact_reachability":0.5555555555555556,"contact_satisfaction":6.63265306122449,"autonomy":8.440225756798359},"metadata":{"satisfaction_count":2114,"comprehension_count":1994,"contact_count":89,"contactReachability_count":90,"contactSatisfaction_count":49,"autonomy_count":1949}}
