{"data":{"satisfaction":8.001792114695341,"comprehension":8.477443609022556,"contact":2.573529411764706,"contact_reachability":0.38235294117647056,"contact_satisfaction":6.730769230769231,"autonomy":8.38345864661654},"metadata":{"satisfaction_count":558,"comprehension_count":532,"contact_count":34,"contactReachability_count":34,"contactSatisfaction_count":13,"autonomy_count":532}}
