{"data":{"satisfaction":8.138075313807532,"comprehension":8.398494414764448,"contact":3.165137614678899,"contact_reachability":0.4727272727272727,"contact_satisfaction":6.764705882352941,"autonomy":8.321060382916054},"metadata":{"satisfaction_count":2151,"comprehension_count":2059,"contact_count":109,"contactReachability_count":110,"contactSatisfaction_count":51,"autonomy_count":2037}}
