{"data":{"satisfaction":7.829181494661921,"comprehension":8.247706422018348,"contact":2.3333333333333335,"contact_reachability":0.36666666666666664,"contact_satisfaction":6.363636363636363,"autonomy":8.28996282527881},"metadata":{"satisfaction_count":562,"comprehension_count":545,"contact_count":30,"contactReachability_count":30,"contactSatisfaction_count":11,"autonomy_count":538}}
