{"data":{"satisfaction":5.782608695652174,"comprehension":6.1342592592592595,"contact":5.548780487804878,"contact_reachability":0.8048780487804879,"contact_satisfaction":6.893939393939394,"autonomy":5.208333333333333},"metadata":{"satisfaction_count":115,"comprehension_count":108,"contact_count":41,"contactReachability_count":41,"contactSatisfaction_count":33,"autonomy_count":96}}
