{"data":{"satisfaction":6.593406593406593,"comprehension":6.569767441860465,"contact":5.197368421052632,"contact_reachability":0.7631578947368421,"contact_satisfaction":6.810344827586207,"autonomy":5.443037974683544},"metadata":{"satisfaction_count":91,"comprehension_count":86,"contact_count":38,"contactReachability_count":38,"contactSatisfaction_count":29,"autonomy_count":79}}
