{"data":{"satisfaction":6.803097345132743,"comprehension":6.622474747474747,"contact":4.932885906040268,"contact_reachability":0.7712418300653595,"contact_satisfaction":6.447368421052632,"autonomy":5.278514588859417},"metadata":{"satisfaction_count":452,"comprehension_count":396,"contact_count":149,"contactReachability_count":153,"contactSatisfaction_count":114,"autonomy_count":377}}
