{"data":{"satisfaction":6.686746987951807,"comprehension":6.688311688311688,"contact":4.916666666666667,"contact_reachability":0.8064516129032258,"contact_satisfaction":6.145833333333333,"autonomy":5.571428571428571},"metadata":{"satisfaction_count":83,"comprehension_count":77,"contact_count":30,"contactReachability_count":31,"contactSatisfaction_count":24,"autonomy_count":70}}
