{"data":{"satisfaction":6.771058315334773,"comprehension":6.601466992665037,"contact":4.891304347826087,"contact_reachability":0.7515151515151515,"contact_satisfaction":6.5625,"autonomy":5.370843989769821},"metadata":{"satisfaction_count":463,"comprehension_count":409,"contact_count":161,"contactReachability_count":165,"contactSatisfaction_count":120,"autonomy_count":391}}
