{"data":{"satisfaction":7.321285140562249,"comprehension":7.310531496062992,"contact":4.682926829268292,"contact_reachability":0.7028301886792453,"contact_satisfaction":6.76056338028169,"autonomy":6.440860215053763},"metadata":{"satisfaction_count":1245,"comprehension_count":1016,"contact_count":205,"contactReachability_count":212,"contactSatisfaction_count":142,"autonomy_count":930}}
