{"data":{"satisfaction":7.323434991974318,"comprehension":7.313176007866273,"contact":4.682926829268292,"contact_reachability":0.7028301886792453,"contact_satisfaction":6.76056338028169,"autonomy":6.4446831364124595},"metadata":{"satisfaction_count":1246,"comprehension_count":1017,"contact_count":205,"contactReachability_count":212,"contactSatisfaction_count":142,"autonomy_count":931}}
