{"data":{"satisfaction":6.381578947368421,"comprehension":6.634615384615385,"contact":3.75,"contact_reachability":0.9333333333333333,"contact_satisfaction":4.038461538461538,"autonomy":5.2272727272727275},"metadata":{"satisfaction_count":76,"comprehension_count":52,"contact_count":14,"contactReachability_count":15,"contactSatisfaction_count":13,"autonomy_count":44}}
