{"data":{"satisfaction":7.313341493268054,"comprehension":7.361526946107785,"contact":4.568965517241379,"contact_reachability":0.675,"contact_satisfaction":6.883116883116883,"autonomy":6.759868421052632},"metadata":{"satisfaction_count":817,"comprehension_count":668,"contact_count":116,"contactReachability_count":120,"contactSatisfaction_count":77,"autonomy_count":608}}
