{"data":{"satisfaction":6.506024096385542,"comprehension":6.696428571428571,"contact":4.444444444444445,"contact_reachability":0.8947368421052632,"contact_satisfaction":5,"autonomy":4.8979591836734695},"metadata":{"satisfaction_count":83,"comprehension_count":56,"contact_count":18,"contactReachability_count":19,"contactSatisfaction_count":16,"autonomy_count":49}}
