{"data":{"satisfaction":7.472972972972973,"comprehension":7.430213464696223,"contact":4.802158273381295,"contact_reachability":0.7482517482517482,"contact_satisfaction":6.480582524271845,"autonomy":6.247787610619469},"metadata":{"satisfaction_count":740,"comprehension_count":609,"contact_count":139,"contactReachability_count":143,"contactSatisfaction_count":103,"autonomy_count":565}}
