{"data":{"satisfaction":7.803738317757009,"comprehension":7.759955752212389,"contact":4.89247311827957,"contact_reachability":0.7157894736842105,"contact_satisfaction":6.893939393939394,"autonomy":6.595238095238095},"metadata":{"satisfaction_count":535,"comprehension_count":452,"contact_count":93,"contactReachability_count":95,"contactSatisfaction_count":66,"autonomy_count":420}}
