{"data":{"satisfaction":7.317073170731708,"comprehension":7.309619238476954,"contact":4.655172413793103,"contact_reachability":0.719047619047619,"contact_satisfaction":6.5625,"autonomy":6.447368421052632},"metadata":{"satisfaction_count":1230,"comprehension_count":998,"contact_count":203,"contactReachability_count":210,"contactSatisfaction_count":144,"autonomy_count":912}}
