{"data":{"satisfaction":6.904018728053063,"comprehension":7.422062350119904,"contact":3.7964876033057853,"contact_reachability":0.5603271983640081,"contact_satisfaction":6.830855018587361,"autonomy":6.643584521384929},"metadata":{"satisfaction_count":2563,"comprehension_count":2502,"contact_count":484,"contactReachability_count":489,"contactSatisfaction_count":269,"autonomy_count":2455}}
