{"data":{"satisfaction":6.925925925925926,"comprehension":7.436051159072742,"contact":3.8193018480492813,"contact_reachability":0.5609756097560976,"contact_satisfaction":6.863468634686347,"autonomy":6.640879478827362},"metadata":{"satisfaction_count":2565,"comprehension_count":2502,"contact_count":487,"contactReachability_count":492,"contactSatisfaction_count":271,"autonomy_count":2456}}
