{"data":{"satisfaction":6.61871162833318,"comprehension":7.167963258037305,"contact":3.540170556552962,"contact_reachability":0.5305309734513274,"contact_satisfaction":6.758783204798629,"autonomy":6.428914736133808},"metadata":{"satisfaction_count":10913,"comprehension_count":10669,"contact_count":2228,"contactReachability_count":2260,"contactSatisfaction_count":1167,"autonomy_count":10403}}
