{"data":{"satisfaction":6.479155531801176,"comprehension":7.086522689994532,"contact":3.5961375212224107,"contact_reachability":0.5381727158948686,"contact_satisfaction":6.783426741393114,"autonomy":6.371647872642851},"metadata":{"satisfaction_count":11226,"comprehension_count":10974,"contact_count":2356,"contactReachability_count":2397,"contactSatisfaction_count":1249,"autonomy_count":10553}}
