{"data":{"satisfaction":6.4006998197434,"comprehension":7.03497830802603,"contact":3.5749628896585848,"contact_reachability":0.5446913580246914,"contact_satisfaction":6.574158325750682,"autonomy":6.323512811829778},"metadata":{"satisfaction_count":9431,"comprehension_count":9220,"contact_count":2021,"contactReachability_count":2025,"contactSatisfaction_count":1099,"autonomy_count":8859}}
