{"data":{"satisfaction":7.058951018638925,"comprehension":7.407366563740626,"contact":3.0794701986754967,"contact_reachability":0.4779735682819383,"contact_satisfaction":6.458333333333333,"autonomy":6.460017969451932},"metadata":{"satisfaction_count":2307,"comprehension_count":2267,"contact_count":453,"contactReachability_count":454,"contactSatisfaction_count":216,"autonomy_count":2226}}
