{"data":{"satisfaction":6.477726063829787,"comprehension":7.130132337970818,"contact":3.6352459016393444,"contact_reachability":0.5363489499192245,"contact_satisfaction":6.865325077399381,"autonomy":6.460421707569997},"metadata":{"satisfaction_count":3008,"comprehension_count":2947,"contact_count":610,"contactReachability_count":619,"contactSatisfaction_count":323,"autonomy_count":2893}}
