{"data":{"satisfaction":6.735667314994906,"comprehension":7.260605485432286,"contact":3.5435086086551886,"contact_reachability":0.5274067250115154,"contact_satisfaction":6.7809439002671414,"autonomy":6.5830229366790824},"metadata":{"satisfaction_count":10797,"comprehension_count":10537,"contact_count":2149,"contactReachability_count":2171,"contactSatisfaction_count":1123,"autonomy_count":10202}}
