{"data":{"satisfaction":6.409538621047175,"comprehension":7.0403456685399215,"contact":3.619804400977995,"contact_reachability":0.5405664906385022,"contact_satisfaction":6.803768382352941,"autonomy":6.318457300275482},"metadata":{"satisfaction_count":9645,"comprehension_count":9431,"contact_count":2045,"contactReachability_count":2083,"contactSatisfaction_count":1088,"autonomy_count":9075}}
