{"data":{"satisfaction":6.435413786292711,"comprehension":7.057962233666566,"contact":3.6446066886481394,"contact_reachability":0.5427646786870088,"contact_satisfaction":6.823192239858907,"autonomy":6.3407205125512025},"metadata":{"satisfaction_count":10126,"comprehension_count":9903,"contact_count":2123,"contactReachability_count":2163,"contactSatisfaction_count":1134,"autonomy_count":9521}}
