{"data":{"satisfaction":6.650044130626655,"comprehension":7.187528221800776,"contact":3.572048611111111,"contact_reachability":0.533818493150685,"contact_satisfaction":6.773662551440329,"autonomy":6.443270300333704},"metadata":{"satisfaction_count":11330,"comprehension_count":11073,"contact_count":2304,"contactReachability_count":2336,"contactSatisfaction_count":1215,"autonomy_count":10788}}
