{"data":{"satisfaction":6.5121375590020225,"comprehension":7.153925619834711,"contact":3.6041666666666665,"contact_reachability":0.5336617405582923,"contact_satisfaction":6.843354430379747,"autonomy":6.461916461916462},"metadata":{"satisfaction_count":2966,"comprehension_count":2904,"contact_count":600,"contactReachability_count":609,"contactSatisfaction_count":316,"autonomy_count":2849}}
