{"data":{"satisfaction":6.637714899713467,"comprehension":7.179310976727139,"contact":3.566418237615081,"contact_reachability":0.5326415910073498,"contact_satisfaction":6.779166666666667,"autonomy":6.434144965685814},"metadata":{"satisfaction_count":11168,"comprehension_count":10914,"contact_count":2281,"contactReachability_count":2313,"contactSatisfaction_count":1200,"autonomy_count":10637}}
