{"data":{"satisfaction":6.313493300093487,"comprehension":7.0274147274466054,"contact":3.4479015918958034,"contact_reachability":0.5114285714285715,"contact_satisfaction":6.826647564469914,"autonomy":6.336346029696578},"metadata":{"satisfaction_count":3209,"comprehension_count":3137,"contact_count":691,"contactReachability_count":700,"contactSatisfaction_count":349,"autonomy_count":3098}}
