{"data":{"satisfaction":6.8060263653484,"comprehension":7.309322033898305,"contact":3.4686346863468636,"contact_reachability":0.5155393053016454,"contact_satisfaction":6.787003610108303,"autonomy":6.604816423213581},"metadata":{"satisfaction_count":2655,"comprehension_count":2596,"contact_count":542,"contactReachability_count":547,"contactSatisfaction_count":277,"autonomy_count":2533}}
