{"data":{"satisfaction":6.438940657184895,"comprehension":7.062938816449348,"contact":3.6352996254681647,"contact_reachability":0.5413602941176471,"contact_satisfaction":6.823374340949034,"autonomy":6.343143393863494},"metadata":{"satisfaction_count":10195,"comprehension_count":9970,"contact_count":2136,"contactReachability_count":2176,"contactSatisfaction_count":1138,"autonomy_count":9582}}
