{"data":{"satisfaction":7.11734693877551,"comprehension":7.421908893709327,"contact":3.2119565217391304,"contact_reachability":0.4793926247288503,"contact_satisfaction":6.715909090909091,"autonomy":6.444640494044993},"metadata":{"satisfaction_count":2352,"comprehension_count":2305,"contact_count":460,"contactReachability_count":461,"contactSatisfaction_count":220,"autonomy_count":2267}}
