{"data":{"satisfaction":7.187096774193549,"comprehension":7.478060552874068,"contact":3.4038901601830664,"contact_reachability":0.5068493150684932,"contact_satisfaction":6.730769230769231,"autonomy":6.460098082924654},"metadata":{"satisfaction_count":2325,"comprehension_count":2279,"contact_count":437,"contactReachability_count":438,"contactSatisfaction_count":221,"autonomy_count":2243}}
