{"data":{"satisfaction":6.257100149476831,"comprehension":6.9786875191659,"contact":3.478107344632768,"contact_reachability":0.5338983050847458,"contact_satisfaction":6.514550264550264,"autonomy":6.359950093574548},"metadata":{"satisfaction_count":3345,"comprehension_count":3261,"contact_count":708,"contactReachability_count":708,"contactSatisfaction_count":378,"autonomy_count":3206}}
