{"data":{"satisfaction":6.478554302459817,"comprehension":7.086020528658371,"contact":3.5854430379746836,"contact_reachability":0.5362919950228121,"contact_satisfaction":6.787140575079873,"autonomy":6.370335380255078},"metadata":{"satisfaction_count":11261,"comprehension_count":11009,"contact_count":2370,"contactReachability_count":2411,"contactSatisfaction_count":1252,"autonomy_count":10585}}
