{"data":{"satisfaction":6.732294356326079,"comprehension":7.259306500377929,"contact":3.54292343387471,"contact_reachability":0.5277905374368397,"contact_satisfaction":6.774622892635315,"autonomy":6.586270871985158},"metadata":{"satisfaction_count":10844,"comprehension_count":10584,"contact_count":2155,"contactReachability_count":2177,"contactSatisfaction_count":1127,"autonomy_count":10241}}
