{"data":{"satisfaction":6,"comprehension":5.593220338983051,"contact":5.4411764705882355,"contact_reachability":0.7647058823529411,"contact_satisfaction":7.115384615384615,"autonomy":4.761904761904762},"metadata":{"satisfaction_count":105,"comprehension_count":59,"contact_count":17,"contactReachability_count":17,"contactSatisfaction_count":13,"autonomy_count":42}}
