{"data":{"satisfaction":5.921259842519685,"comprehension":5.724137931034483,"contact":5.586734693877551,"contact_reachability":0.7448979591836735,"contact_satisfaction":7.5,"autonomy":5.041551246537396},"metadata":{"satisfaction_count":635,"comprehension_count":435,"contact_count":98,"contactReachability_count":98,"contactSatisfaction_count":73,"autonomy_count":361}}
