{"data":{"satisfaction":5.706775700934579,"comprehension":5.602968460111318,"contact":5.5,"contact_reachability":0.8091603053435115,"contact_satisfaction":6.947368421052632,"autonomy":5.368171021377672},"metadata":{"satisfaction_count":856,"comprehension_count":539,"contact_count":120,"contactReachability_count":131,"contactSatisfaction_count":95,"autonomy_count":421}}
