{"data":{"satisfaction":5.4787234042553195,"comprehension":5.601851851851852,"contact":6.071428571428571,"contact_reachability":0.8571428571428571,"contact_satisfaction":7.083333333333333,"autonomy":4.358974358974359},"metadata":{"satisfaction_count":94,"comprehension_count":54,"contact_count":14,"contactReachability_count":14,"contactSatisfaction_count":12,"autonomy_count":39}}
