{"data":{"satisfaction":5.836065573770492,"comprehension":5.872641509433962,"contact":5.494186046511628,"contact_reachability":0.7586206896551724,"contact_satisfaction":7.269230769230769,"autonomy":5.196629213483146},"metadata":{"satisfaction_count":610,"comprehension_count":424,"contact_count":86,"contactReachability_count":87,"contactSatisfaction_count":65,"autonomy_count":356}}
