{"data":{"satisfaction":5.699052132701421,"comprehension":5.610795454545454,"contact":5.431034482758621,"contact_reachability":0.8031496062992126,"contact_satisfaction":6.923076923076923,"autonomy":5.377128953771289},"metadata":{"satisfaction_count":844,"comprehension_count":528,"contact_count":116,"contactReachability_count":127,"contactSatisfaction_count":91,"autonomy_count":411}}
