{"data":{"satisfaction":5.88006230529595,"comprehension":5.673076923076923,"contact":5.541237113402062,"contact_reachability":0.7422680412371134,"contact_satisfaction":7.465277777777778,"autonomy":5.068493150684931},"metadata":{"satisfaction_count":642,"comprehension_count":442,"contact_count":97,"contactReachability_count":97,"contactSatisfaction_count":72,"autonomy_count":365}}
