{"data":{"satisfaction":5.746781115879829,"comprehension":5.708712613784135,"contact":5.621621621621622,"contact_reachability":0.7979274611398963,"contact_satisfaction":7.123287671232877,"autonomy":5.118858954041205},"metadata":{"satisfaction_count":1165,"comprehension_count":769,"contact_count":185,"contactReachability_count":193,"contactSatisfaction_count":146,"autonomy_count":631}}
