{"data":{"satisfaction":5.794460641399417,"comprehension":5.768828451882845,"contact":5.590909090909091,"contact_reachability":0.7747747747747747,"contact_satisfaction":7.235294117647059,"autonomy":5.161290322580645},"metadata":{"satisfaction_count":686,"comprehension_count":478,"contact_count":110,"contactReachability_count":111,"contactSatisfaction_count":85,"autonomy_count":403}}
