{"data":{"satisfaction":6.284403669724771,"comprehension":5.957446808510638,"contact":5.603448275862069,"contact_reachability":0.7333333333333333,"contact_satisfaction":7.738095238095238,"autonomy":5.523809523809524},"metadata":{"satisfaction_count":218,"comprehension_count":141,"contact_count":29,"contactReachability_count":30,"contactSatisfaction_count":21,"autonomy_count":105}}
