{"data":{"satisfaction":5.950342465753424,"comprehension":5.749354005167959,"contact":5.489130434782608,"contact_reachability":0.7419354838709677,"contact_satisfaction":7.426470588235294,"autonomy":5.21875},"metadata":{"satisfaction_count":584,"comprehension_count":387,"contact_count":92,"contactReachability_count":93,"contactSatisfaction_count":68,"autonomy_count":320}}
