{"data":{"satisfaction":5.7894736842105265,"comprehension":5.6724683544303796,"contact":5.484375,"contact_reachability":0.7784431137724551,"contact_satisfaction":7.134146341463414,"autonomy":5.087378640776699},"metadata":{"satisfaction_count":988,"comprehension_count":632,"contact_count":160,"contactReachability_count":167,"contactSatisfaction_count":123,"autonomy_count":515}}
