{"data":{"satisfaction":5.779645191409897,"comprehension":5.653409090909091,"contact":5.565476190476191,"contact_reachability":0.7828571428571428,"contact_satisfaction":7.1923076923076925,"autonomy":5.043630017452007},"metadata":{"satisfaction_count":1071,"comprehension_count":704,"contact_count":168,"contactReachability_count":175,"contactSatisfaction_count":130,"autonomy_count":573}}
