{"data":{"satisfaction":5.784499054820416,"comprehension":5.677233429394812,"contact":5.568862275449102,"contact_reachability":0.7816091954022989,"contact_satisfaction":7.209302325581396,"autonomy":5.035335689045937},"metadata":{"satisfaction_count":1058,"comprehension_count":694,"contact_count":167,"contactReachability_count":174,"contactSatisfaction_count":129,"autonomy_count":566}}
