{"data":{"satisfaction":9.313492063492063,"comprehension":9.104010025062657,"contact":5.446428571428571,"contact_reachability":0.686046511627907,"contact_satisfaction":8.026315789473685,"autonomy":8.5},"metadata":{"satisfaction_count":1260,"comprehension_count":1197,"contact_count":84,"contactReachability_count":86,"contactSatisfaction_count":57,"autonomy_count":1180}}
