{"data":{"satisfaction":9.454066265060241,"comprehension":9.189888535031848,"contact":6.851851851851852,"contact_reachability":0.8148148148148148,"contact_satisfaction":8.409090909090908,"autonomy":8.765036086607859},"metadata":{"satisfaction_count":1328,"comprehension_count":1256,"contact_count":54,"contactReachability_count":54,"contactSatisfaction_count":44,"autonomy_count":1247}}
