{"data":{"satisfaction":9.326431836515193,"comprehension":9.099942808121247,"contact":5.145739910313901,"contact_reachability":0.6652173913043479,"contact_satisfaction":7.859589041095891,"autonomy":8.617791944363953},"metadata":{"satisfaction_count":3719,"comprehension_count":3497,"contact_count":223,"contactReachability_count":230,"contactSatisfaction_count":146,"autonomy_count":3451}}
