{"data":{"satisfaction":9.340189507742085,"comprehension":9.098007870142647,"contact":5.273109243697479,"contact_reachability":0.6869918699186992,"contact_satisfaction":7.795031055900621,"autonomy":8.645241038318913},"metadata":{"satisfaction_count":4327,"comprehension_count":4066,"contact_count":238,"contactReachability_count":246,"contactSatisfaction_count":161,"autonomy_count":4045}}
