{"data":{"satisfaction":9.376528117359413,"comprehension":9.165228645383952,"contact":5.6521739130434785,"contact_reachability":0.7368421052631579,"contact_satisfaction":7.959183673469388,"autonomy":8.684668989547038},"metadata":{"satisfaction_count":1227,"comprehension_count":1159,"contact_count":69,"contactReachability_count":76,"contactSatisfaction_count":49,"autonomy_count":1148}}
