{"data":{"satisfaction":9.31184128952263,"comprehension":9.087013843111404,"contact":5.024390243902439,"contact_reachability":0.6473429951690821,"contact_satisfaction":7.803030303030303,"autonomy":8.548172757475083},"metadata":{"satisfaction_count":3226,"comprehension_count":3034,"contact_count":205,"contactReachability_count":207,"contactSatisfaction_count":132,"autonomy_count":3010}}
