{"data":{"satisfaction":9.417330677290837,"comprehension":9.163146779303062,"contact":6.451612903225806,"contact_reachability":0.8064516129032258,"contact_satisfaction":8,"autonomy":8.760593220338983},"metadata":{"satisfaction_count":1004,"comprehension_count":947,"contact_count":31,"contactReachability_count":31,"contactSatisfaction_count":25,"autonomy_count":944}}
