{"data":{"satisfaction":9.401251117068812,"comprehension":9.197355996222852,"contact":5.394736842105263,"contact_reachability":0.725,"contact_satisfaction":7.592592592592593,"autonomy":8.789025543992432},"metadata":{"satisfaction_count":1119,"comprehension_count":1059,"contact_count":38,"contactReachability_count":40,"contactSatisfaction_count":27,"autonomy_count":1057}}
