{"data":{"satisfaction":9.368664609960335,"comprehension":9.14159085607651,"contact":6.106194690265487,"contact_reachability":0.7564102564102564,"contact_satisfaction":8.165680473372781,"autonomy":8.710439300897496},"metadata":{"satisfaction_count":4538,"comprehension_count":4287,"contact_count":226,"contactReachability_count":234,"contactSatisfaction_count":169,"autonomy_count":4234}}
