{"data":{"satisfaction":9.397865853658537,"comprehension":9.1941982272361,"contact":7.053571428571429,"contact_reachability":0.8214285714285714,"contact_satisfaction":8.58695652173913,"autonomy":8.8130081300813},"metadata":{"satisfaction_count":1312,"comprehension_count":1241,"contact_count":56,"contactReachability_count":56,"contactSatisfaction_count":46,"autonomy_count":1230}}
