{"data":{"satisfaction":9.328358208955224,"comprehension":9.104914196567863,"contact":5.182186234817814,"contact_reachability":0.671875,"contact_satisfaction":7.852760736196319,"autonomy":8.618057383521979},"metadata":{"satisfaction_count":4087,"comprehension_count":3846,"contact_count":247,"contactReachability_count":256,"contactSatisfaction_count":163,"autonomy_count":3799}}
