{"data":{"satisfaction":9.347060118916538,"comprehension":9.10299976564331,"contact":5.391566265060241,"contact_reachability":0.7003891050583657,"contact_satisfaction":7.805232558139535,"autonomy":8.652532391048291},"metadata":{"satisfaction_count":4541,"comprehension_count":4267,"contact_count":249,"contactReachability_count":257,"contactSatisfaction_count":172,"autonomy_count":4245}}
