{"data":{"satisfaction":9.374708896134141,"comprehension":9.136890093642188,"contact":6.020642201834862,"contact_reachability":0.7522123893805309,"contact_satisfaction":8.101851851851851,"autonomy":8.693592620294192},"metadata":{"satisfaction_count":4294,"comprehension_count":4058,"contact_count":218,"contactReachability_count":226,"contactSatisfaction_count":162,"autonomy_count":4011}}
