{"data":{"satisfaction":9.343130705856156,"comprehension":9.101303317535544,"contact":5.357142857142857,"contact_reachability":0.6956521739130435,"contact_satisfaction":7.8125,"autonomy":8.655082123303975},"metadata":{"satisfaction_count":4491,"comprehension_count":4220,"contact_count":245,"contactReachability_count":253,"contactSatisfaction_count":168,"autonomy_count":4201}}
