{"data":{"satisfaction":9.421097770154374,"comprehension":9.184043517679058,"contact":6.5131578947368425,"contact_reachability":0.8421052631578947,"contact_satisfaction":7.734375,"autonomy":8.796718322698268},"metadata":{"satisfaction_count":1166,"comprehension_count":1103,"contact_count":38,"contactReachability_count":38,"contactSatisfaction_count":32,"autonomy_count":1097}}
