{"data":{"satisfaction":9.367816091954023,"comprehension":9.138978930307943,"contact":6.076388888888889,"contact_reachability":0.7435897435897436,"contact_satisfaction":8.413461538461538,"autonomy":8.657331136738057},"metadata":{"satisfaction_count":1305,"comprehension_count":1234,"contact_count":72,"contactReachability_count":78,"contactSatisfaction_count":52,"autonomy_count":1214}}
