{"data":{"satisfaction":9.404347826086957,"comprehension":9.1796875,"contact":6.283783783783784,"contact_reachability":0.8108108108108109,"contact_satisfaction":7.75,"autonomy":8.817005545286506},"metadata":{"satisfaction_count":1150,"comprehension_count":1088,"contact_count":37,"contactReachability_count":37,"contactSatisfaction_count":30,"autonomy_count":1082}}
