{"data":{"satisfaction":6.666666666666667,"comprehension":6.038961038961039,"contact":6.590909090909091,"contact_reachability":0.9090909090909091,"contact_satisfaction":7.25,"autonomy":4.027777777777778},"metadata":{"satisfaction_count":87,"comprehension_count":77,"contact_count":11,"contactReachability_count":11,"contactSatisfaction_count":10,"autonomy_count":72}}
