{"data":{"satisfaction":6.683168316831683,"comprehension":6.575875486381323,"contact":4.846938775510204,"contact_reachability":0.7450980392156863,"contact_satisfaction":6.597222222222222,"autonomy":4.91869918699187},"metadata":{"satisfaction_count":303,"comprehension_count":257,"contact_count":49,"contactReachability_count":51,"contactSatisfaction_count":36,"autonomy_count":246}}
