{"data":{"satisfaction":6.655948553054662,"comprehension":6.566037735849057,"contact":4.846938775510204,"contact_reachability":0.7450980392156863,"contact_satisfaction":6.597222222222222,"autonomy":4.960629921259843},"metadata":{"satisfaction_count":311,"comprehension_count":265,"contact_count":49,"contactReachability_count":51,"contactSatisfaction_count":36,"autonomy_count":254}}
