{"data":{"satisfaction":6.67741935483871,"comprehension":6.590909090909091,"contact":4.846938775510204,"contact_reachability":0.7450980392156863,"contact_satisfaction":6.597222222222222,"autonomy":4.940711462450593},"metadata":{"satisfaction_count":310,"comprehension_count":264,"contact_count":49,"contactReachability_count":51,"contactSatisfaction_count":36,"autonomy_count":253}}
