{"data":{"satisfaction":6.228070175438597,"comprehension":6.702127659574468,"contact":8.333333333333334,"contact_reachability":1,"contact_satisfaction":8.333333333333334,"autonomy":6.956521739130435},"metadata":{"satisfaction_count":57,"comprehension_count":47,"contact_count":6,"contactReachability_count":6,"contactSatisfaction_count":6,"autonomy_count":46}}
