{"data":{"satisfaction":6.9186046511627906,"comprehension":6.282894736842105,"contact":6.346153846153846,"contact_reachability":0.8461538461538461,"contact_satisfaction":7.5,"autonomy":3.8028169014084505},"metadata":{"satisfaction_count":86,"comprehension_count":76,"contact_count":13,"contactReachability_count":13,"contactSatisfaction_count":11,"autonomy_count":71}}
