{"data":{"satisfaction":5.911236297198538,"comprehension":5.5347257171615505,"contact":2.939426717144402,"contact_reachability":0.5257201646090535,"contact_satisfaction":5.862998921251348,"autonomy":5.314364876385337},"metadata":{"satisfaction_count":13136,"comprehension_count":9935,"contact_count":1849,"contactReachability_count":1944,"contactSatisfaction_count":927,"autonomy_count":9384}}
