{"data":{"satisfaction":6.265748608262526,"comprehension":6.061669474078233,"contact":3.7878024193548385,"contact_reachability":0.6282671829622459,"contact_satisfaction":6.1800986842105265,"autonomy":5.365901898734177},"metadata":{"satisfaction_count":6826,"comprehension_count":5343,"contact_count":992,"contactReachability_count":1033,"contactSatisfaction_count":608,"autonomy_count":5056}}
