{"data":{"satisfaction":6.3210268243438135,"comprehension":6.183075817463169,"contact":3.915289256198347,"contact_reachability":0.6149193548387096,"contact_satisfaction":6.467576791808874,"autonomy":5.539291217257319},"metadata":{"satisfaction_count":3467,"comprehension_count":2783,"contact_count":484,"contactReachability_count":496,"contactSatisfaction_count":293,"autonomy_count":2596}}
