{"data":{"satisfaction":6.387009472259811,"comprehension":6.325726141078838,"contact":3.851010101010101,"contact_reachability":0.625615763546798,"contact_satisfaction":6.25,"autonomy":5.912343470483005},"metadata":{"satisfaction_count":1478,"comprehension_count":1205,"contact_count":198,"contactReachability_count":203,"contactSatisfaction_count":122,"autonomy_count":1118}}
