{"data":{"satisfaction":5.737917485265226,"comprehension":5.395709674060189,"contact":2.8058226495726495,"contact_reachability":0.5221374045801527,"contact_satisfaction":5.629689174705252,"autonomy":5.134623943035158},"metadata":{"satisfaction_count":12725,"comprehension_count":9603,"contact_count":1872,"contactReachability_count":1965,"contactSatisfaction_count":933,"autonomy_count":8988}}
