{"data":{"satisfaction":6.276249630286897,"comprehension":6.070011337868481,"contact":3.788265306122449,"contact_reachability":0.6287952987267384,"contact_satisfaction":6.177204658901831,"autonomy":5.389376996805112},"metadata":{"satisfaction_count":6762,"comprehension_count":5292,"contact_count":980,"contactReachability_count":1021,"contactSatisfaction_count":601,"autonomy_count":5008}}
