{"data":{"satisfaction":6.131474103585657,"comprehension":6.003688092729188,"contact":4.073604060913706,"contact_reachability":0.6990291262135923,"contact_satisfaction":5.944444444444445,"autonomy":4.967177242888402},"metadata":{"satisfaction_count":1255,"comprehension_count":949,"contact_count":197,"contactReachability_count":206,"contactSatisfaction_count":135,"autonomy_count":914}}
