{"data":{"satisfaction":5.724708171206226,"comprehension":5.3961513652977855,"contact":2.728494623655914,"contact_reachability":0.5201044386422976,"contact_satisfaction":5.393198724760893,"autonomy":5.13448275862069},"metadata":{"satisfaction_count":12336,"comprehension_count":9302,"contact_count":1860,"contactReachability_count":1915,"contactSatisfaction_count":941,"autonomy_count":8700}}
