{"data":{"satisfaction":6.025293586269196,"comprehension":5.909631391200951,"contact":4.037267080745342,"contact_reachability":0.6836158192090396,"contact_satisfaction":6.190476190476191,"autonomy":4.956521739130435},"metadata":{"satisfaction_count":1107,"comprehension_count":841,"contact_count":161,"contactReachability_count":177,"contactSatisfaction_count":105,"autonomy_count":805}}
