{"data":{"satisfaction":5.997067448680352,"comprehension":5.689102564102564,"contact":3.892857142857143,"contact_reachability":0.673202614379085,"contact_satisfaction":6.055555555555555,"autonomy":5.217983651226158},"metadata":{"satisfaction_count":1023,"comprehension_count":780,"contact_count":140,"contactReachability_count":153,"contactSatisfaction_count":90,"autonomy_count":734}}
