{"data":{"satisfaction":6.327251324308417,"comprehension":6.19692532942899,"contact":3.9293478260869565,"contact_reachability":0.6220806794055201,"contact_satisfaction":6.409574468085107,"autonomy":5.589159465828751},"metadata":{"satisfaction_count":3398,"comprehension_count":2732,"contact_count":460,"contactReachability_count":471,"contactSatisfaction_count":282,"autonomy_count":2546}}
