{"data":{"satisfaction":6.347358997314235,"comprehension":6.215187523208318,"contact":3.9079822616407984,"contact_reachability":0.6212121212121212,"contact_satisfaction":6.385869565217392,"autonomy":5.628480509148767},"metadata":{"satisfaction_count":3351,"comprehension_count":2693,"contact_count":451,"contactReachability_count":462,"contactSatisfaction_count":276,"autonomy_count":2514}}
