{"data":{"satisfaction":5.91803032577691,"comprehension":5.547843331680714,"contact":2.9447115384615383,"contact_reachability":0.5266903914590747,"contact_satisfaction":5.858129649309245,"autonomy":5.308667854522587},"metadata":{"satisfaction_count":13322,"comprehension_count":10085,"contact_count":1872,"contactReachability_count":1967,"contactSatisfaction_count":941,"autonomy_count":9541}}
