{"data":{"satisfaction":5.766293663995161,"comprehension":5.430956904309569,"contact":2.8538579458354625,"contact_reachability":0.5270599707459775,"contact_satisfaction":5.658561296859169,"autonomy":5.1347034394633155},"metadata":{"satisfaction_count":13226,"comprehension_count":10001,"contact_count":1957,"contactReachability_count":2051,"contactSatisfaction_count":987,"autonomy_count":9391}}
