{"data":{"satisfaction":6.077795786061588,"comprehension":6.018817204301075,"contact":3.9563106796116503,"contact_reachability":0.7023255813953488,"contact_satisfaction":5.73943661971831,"autonomy":4.888143176733781},"metadata":{"satisfaction_count":1234,"comprehension_count":930,"contact_count":206,"contactReachability_count":215,"contactSatisfaction_count":142,"autonomy_count":894}}
