{"data":{"satisfaction":6.360095865787897,"comprehension":6.3099630996309966,"contact":3.925339366515837,"contact_reachability":0.6331877729257642,"contact_satisfaction":6.3321167883211675,"autonomy":5.875796178343949},"metadata":{"satisfaction_count":1669,"comprehension_count":1355,"contact_count":221,"contactReachability_count":229,"contactSatisfaction_count":137,"autonomy_count":1256}}
