{"data":{"satisfaction":6.307116104868914,"comprehension":6.244175209692451,"contact":3.9171122994652405,"contact_reachability":0.6307692307692307,"contact_satisfaction":6.369565217391305,"autonomy":5.77},"metadata":{"satisfaction_count":1335,"comprehension_count":1073,"contact_count":187,"contactReachability_count":195,"contactSatisfaction_count":115,"autonomy_count":1000}}
