{"data":{"satisfaction":5.731147276828875,"comprehension":5.397393440871702,"contact":2.7368843683083512,"contact_reachability":0.5205408216328653,"contact_satisfaction":5.4043340380549685,"autonomy":5.1393012103219915},"metadata":{"satisfaction_count":12412,"comprehension_count":9361,"contact_count":1868,"contactReachability_count":1923,"contactSatisfaction_count":946,"autonomy_count":8758}}
