{"data":{"satisfaction":5.990384615384615,"comprehension":5.706658291457287,"contact":3.7847222222222223,"contact_reachability":0.6708860759493671,"contact_satisfaction":5.923913043478261,"autonomy":5.2069425901201605},"metadata":{"satisfaction_count":1040,"comprehension_count":796,"contact_count":144,"contactReachability_count":158,"contactSatisfaction_count":92,"autonomy_count":749}}
