{"data":{"satisfaction":6.102678571428571,"comprehension":5.7438739789965,"contact":3.954248366013072,"contact_reachability":0.6566265060240963,"contact_satisfaction":6.302083333333333,"autonomy":5.284653465346534},"metadata":{"satisfaction_count":1120,"comprehension_count":857,"contact_count":153,"contactReachability_count":166,"contactSatisfaction_count":96,"autonomy_count":808}}
