{"data":{"satisfaction":5.898994622398877,"comprehension":5.5121913420807935,"contact":2.9083885209713025,"contact_reachability":0.5228106974305191,"contact_satisfaction":5.842572062084257,"autonomy":5.289680804547442},"metadata":{"satisfaction_count":12831,"comprehension_count":9679,"contact_count":1812,"contactReachability_count":1907,"contactSatisfaction_count":902,"autonomy_count":9148}}
