{"data":{"satisfaction":5.749242600792356,"comprehension":5.40770655417224,"contact":2.8197674418604652,"contact_reachability":0.5229219143576826,"contact_satisfaction":5.645502645502646,"autonomy":5.143422354104847},"metadata":{"satisfaction_count":12873,"comprehension_count":9719,"contact_count":1892,"contactReachability_count":1985,"contactSatisfaction_count":945,"autonomy_count":9099}}
