{"data":{"satisfaction":6.35532331809275,"comprehension":6.289219629927595,"contact":3.9130434782608696,"contact_reachability":0.627906976744186,"contact_satisfaction":6.377952755905512,"autonomy":5.921739130434783},"metadata":{"satisfaction_count":1531,"comprehension_count":1243,"contact_count":207,"contactReachability_count":215,"contactSatisfaction_count":127,"autonomy_count":1150}}
