{"data":{"satisfaction":6.264251695771396,"comprehension":6.058720501474927,"contact":3.7854349951124147,"contact_reachability":0.6253521126760564,"contact_satisfaction":6.205929487179487,"autonomy":5.349834340284545},"metadata":{"satisfaction_count":6929,"comprehension_count":5424,"contact_count":1023,"contactReachability_count":1065,"contactSatisfaction_count":624,"autonomy_count":5131}}
