{"data":{"satisfaction":6.171079429735234,"comprehension":5.864793678665496,"contact":3.9220183486238533,"contact_reachability":0.6551724137931034,"contact_satisfaction":6.195652173913044,"autonomy":5.288104089219331},"metadata":{"satisfaction_count":1473,"comprehension_count":1139,"contact_count":218,"contactReachability_count":232,"contactSatisfaction_count":138,"autonomy_count":1076}}
