{"data":{"satisfaction":5.76725181598063,"comprehension":5.431051736215351,"contact":2.8554987212276215,"contact_reachability":0.527086383601757,"contact_satisfaction":5.661764705882353,"autonomy":5.1369790001065985},"metadata":{"satisfaction_count":13216,"comprehension_count":9993,"contact_count":1955,"contactReachability_count":2049,"contactSatisfaction_count":986,"autonomy_count":9381}}
