{"data":{"satisfaction":9.048469387755102,"comprehension":8.825588796944622,"contact":5.918708240534521,"contact_reachability":0.7390350877192983,"contact_satisfaction":8.053030303030303,"autonomy":6.513202437373053},"metadata":{"satisfaction_count":1960,"comprehension_count":1571,"contact_count":449,"contactReachability_count":456,"contactSatisfaction_count":330,"autonomy_count":1477}}
