{"data":{"satisfaction":9.182384779399705,"comprehension":8.770999115826703,"contact":6.1683514774494554,"contact_reachability":0.7829754601226994,"contact_satisfaction":7.908773678963111,"autonomy":6.506540369869192},"metadata":{"satisfaction_count":6097,"comprehension_count":4524,"contact_count":1286,"contactReachability_count":1304,"contactSatisfaction_count":1003,"autonomy_count":4434}}
