{"data":{"satisfaction":9.153743315508022,"comprehension":8.776981599433828,"contact":6.16436203645506,"contact_reachability":0.7725875845113707,"contact_satisfaction":8.032350532350533,"autonomy":6.5304633345494345},"metadata":{"satisfaction_count":7480,"comprehension_count":5652,"contact_count":1591,"contactReachability_count":1627,"contactSatisfaction_count":1221,"autonomy_count":5482}}
