{"data":{"satisfaction":9.080531340805313,"comprehension":8.768623625399078,"contact":6.117283950617284,"contact_reachability":0.7730024213075061,"contact_satisfaction":7.959839357429719,"autonomy":6.353823637028906},"metadata":{"satisfaction_count":7227,"comprehension_count":5638,"contact_count":1620,"contactReachability_count":1652,"contactSatisfaction_count":1245,"autonomy_count":5466}}
