{"data":{"satisfaction":9.195747001090513,"comprehension":8.835286009648518,"contact":6.383248730964467,"contact_reachability":0.817283950617284,"contact_satisfaction":7.859375,"autonomy":6.499282639885222},"metadata":{"satisfaction_count":1834,"comprehension_count":1451,"contact_count":394,"contactReachability_count":405,"contactSatisfaction_count":320,"autonomy_count":1394}}
