{"data":{"satisfaction":9.154348115594619,"comprehension":8.77666137845937,"contact":6.16614420062696,"contact_reachability":0.7725321888412017,"contact_satisfaction":8.035130718954248,"autonomy":6.529721868751136},"metadata":{"satisfaction_count":7509,"comprehension_count":5673,"contact_count":1595,"contactReachability_count":1631,"contactSatisfaction_count":1224,"autonomy_count":5501}}
