{"data":{"satisfaction":9.141811279826465,"comprehension":8.744374437443744,"contact":6.193528693528694,"contact_reachability":0.7815126050420168,"contact_satisfaction":7.963108320251178,"autonomy":6.391808626313882},"metadata":{"satisfaction_count":7376,"comprehension_count":5555,"contact_count":1638,"contactReachability_count":1666,"contactSatisfaction_count":1274,"autonomy_count":5518}}
