{"data":{"satisfaction":9.170389278876835,"comprehension":8.804706853839802,"contact":6.519174041297935,"contact_reachability":0.8299120234604106,"contact_satisfaction":7.864768683274021,"autonomy":6.506849315068493},"metadata":{"satisfaction_count":1567,"comprehension_count":1211,"contact_count":339,"contactReachability_count":341,"contactSatisfaction_count":281,"autonomy_count":1168}}
