{"data":{"satisfaction":9.141847901371381,"comprehension":8.745401030169242,"contact":6.188473520249222,"contact_reachability":0.7819963257807716,"contact_satisfaction":7.952361889511609,"autonomy":6.395327276098646},"metadata":{"satisfaction_count":7219,"comprehension_count":5436,"contact_count":1605,"contactReachability_count":1633,"contactSatisfaction_count":1249,"autonomy_count":5393}}
