{"data":{"satisfaction":8.906474820143885,"comprehension":8.673939766441302,"contact":5.717391304347826,"contact_reachability":0.7266949152542372,"contact_satisfaction":7.945619335347432,"autonomy":6.275510204081633},"metadata":{"satisfaction_count":2085,"comprehension_count":1627,"contact_count":460,"contactReachability_count":472,"contactSatisfaction_count":331,"autonomy_count":1568}}
