{"data":{"satisfaction":9.186366135239142,"comprehension":8.83623693379791,"contact":6.359649122807017,"contact_reachability":0.8150851581508516,"contact_satisfaction":7.856037151702786,"autonomy":6.372832369942197},"metadata":{"satisfaction_count":1819,"comprehension_count":1435,"contact_count":399,"contactReachability_count":411,"contactSatisfaction_count":323,"autonomy_count":1384}}
