{"data":{"satisfaction":9.17705735660848,"comprehension":8.788220305762446,"contact":6.196491228070175,"contact_reachability":0.7786154900616861,"contact_satisfaction":8.012704174228675,"autonomy":6.543657995563621},"metadata":{"satisfaction_count":6817,"comprehension_count":5102,"contact_count":1425,"contactReachability_count":1459,"contactSatisfaction_count":1102,"autonomy_count":4959}}
