{"data":{"satisfaction":9.196919691969198,"comprehension":8.829268292682928,"contact":6.430348258706467,"contact_reachability":0.821256038647343,"contact_satisfaction":7.8810975609756095,"autonomy":6.425992779783393},"metadata":{"satisfaction_count":1818,"comprehension_count":1435,"contact_count":402,"contactReachability_count":414,"contactSatisfaction_count":328,"autonomy_count":1385}}
