{"data":{"satisfaction":9.135303472038165,"comprehension":8.73702726473175,"contact":6.18515205724508,"contact_reachability":0.7806451612903226,"contact_satisfaction":7.960475825019187,"autonomy":6.400212690535271},"metadata":{"satisfaction_count":7546,"comprehension_count":5685,"contact_count":1677,"contactReachability_count":1705,"contactSatisfaction_count":1303,"autonomy_count":5642}}
