{"data":{"satisfaction":9.167107350608143,"comprehension":8.899932614555256,"contact":6.136919315403423,"contact_reachability":0.7756563245823389,"contact_satisfaction":7.968253968253968,"autonomy":6.572036905606813},"metadata":{"satisfaction_count":1891,"comprehension_count":1484,"contact_count":409,"contactReachability_count":419,"contactSatisfaction_count":315,"autonomy_count":1409}}
