{"data":{"satisfaction":9.153596538669552,"comprehension":8.835997220291869,"contact":6.267688679245283,"contact_reachability":0.7985948477751756,"contact_satisfaction":7.862426035502959,"autonomy":6.399427344309234},"metadata":{"satisfaction_count":1849,"comprehension_count":1439,"contact_count":424,"contactReachability_count":427,"contactSatisfaction_count":338,"autonomy_count":1397}}
