{"data":{"satisfaction":9.152977412731007,"comprehension":8.89410621761658,"contact":6.258741258741258,"contact_reachability":0.7795454545454545,"contact_satisfaction":8.087349397590362,"autonomy":6.567884217780841},"metadata":{"satisfaction_count":1948,"comprehension_count":1544,"contact_count":429,"contactReachability_count":440,"contactSatisfaction_count":332,"autonomy_count":1451}}
