{"data":{"satisfaction":9.126521969295924,"comprehension":8.792749658002736,"contact":6.284562211981567,"contact_reachability":0.7986270022883295,"contact_satisfaction":7.882947976878612,"autonomy":6.402826855123675},"metadata":{"satisfaction_count":1889,"comprehension_count":1462,"contact_count":434,"contactReachability_count":437,"contactSatisfaction_count":346,"autonomy_count":1415}}
