{"data":{"satisfaction":9.071524064171124,"comprehension":8.765225596157146,"contact":6.109112709832134,"contact_reachability":0.7724340175953079,"contact_satisfaction":7.9609375,"autonomy":6.348841323191226},"metadata":{"satisfaction_count":7480,"comprehension_count":5829,"contact_count":1668,"contactReachability_count":1705,"contactSatisfaction_count":1280,"autonomy_count":5653}}
