{"data":{"satisfaction":8.944578313253013,"comprehension":8.69054972205065,"contact":5.861884368308351,"contact_reachability":0.7362869198312236,"contact_satisfaction":8.00438596491228,"autonomy":6.313423249839435},"metadata":{"satisfaction_count":2075,"comprehension_count":1619,"contact_count":467,"contactReachability_count":474,"contactSatisfaction_count":342,"autonomy_count":1557}}
