{"data":{"satisfaction":9.11525974025974,"comprehension":8.807718814610613,"contact":6.2011494252873565,"contact_reachability":0.7881548974943052,"contact_satisfaction":7.887426900584796,"autonomy":6.381766381766382},"metadata":{"satisfaction_count":1848,"comprehension_count":1451,"contact_count":435,"contactReachability_count":439,"contactSatisfaction_count":342,"autonomy_count":1404}}
