{"data":{"satisfaction":9.180145892800507,"comprehension":8.764643237486688,"contact":6.226379440665155,"contact_reachability":0.7837638376383764,"contact_satisfaction":7.997572815533981,"autonomy":6.506521739130434},"metadata":{"satisfaction_count":6306,"comprehension_count":4695,"contact_count":1323,"contactReachability_count":1355,"contactSatisfaction_count":1030,"autonomy_count":4600}}
