{"data":{"satisfaction":9.181561618062089,"comprehension":8.767872161480236,"contact":6.2247569184741955,"contact_reachability":0.7830533235938641,"contact_satisfaction":8.002403846153847,"autonomy":6.507629486352891},"metadata":{"satisfaction_count":6378,"comprehension_count":4756,"contact_count":1337,"contactReachability_count":1369,"contactSatisfaction_count":1040,"autonomy_count":4653}}
