{"data":{"satisfaction":9.201312910284464,"comprehension":8.873607242339833,"contact":6.358974358974359,"contact_reachability":0.8232323232323232,"contact_satisfaction":7.75,"autonomy":6.423410404624278},"metadata":{"satisfaction_count":1828,"comprehension_count":1436,"contact_count":390,"contactReachability_count":396,"contactSatisfaction_count":320,"autonomy_count":1384}}
