{"data":{"satisfaction":7.865446922050696,"comprehension":7.621178034563862,"contact":5.557355800388853,"contact_reachability":0.7368421052631579,"contact_satisfaction":7.601950354609929,"autonomy":7.302344884830878},"metadata":{"satisfaction_count":10494,"comprehension_count":9779,"contact_count":1543,"contactReachability_count":1577,"contactSatisfaction_count":1128,"autonomy_count":9638}}
