{"data":{"satisfaction":8.882418541068972,"comprehension":8.218962911158236,"contact":6.269630059021923,"contact_reachability":0.8053927315357562,"contact_satisfaction":7.848825702599288,"autonomy":6.813619936282473},"metadata":{"satisfaction_count":111191,"comprehension_count":88652,"contact_count":18976,"contactReachability_count":19619,"contactSatisfaction_count":15158,"autonomy_count":79413}}
