{"data":{"satisfaction":8.495953111917387,"comprehension":8.078892471079081,"contact":6.112184249628529,"contact_reachability":0.794263974246415,"contact_satisfaction":7.7263335837716,"autonomy":6.86401833460657},"metadata":{"satisfaction_count":17915,"comprehension_count":15819,"contact_count":3365,"contactReachability_count":3417,"contactSatisfaction_count":2662,"autonomy_count":15708}}
