{"data":{"satisfaction":8.245202409301022,"comprehension":7.874215541953978,"contact":5.9150394682176985,"contact_reachability":0.7709429380817483,"contact_satisfaction":7.733568712656165,"autonomy":7.119625575122957},"metadata":{"satisfaction_count":14278,"comprehension_count":12907,"contact_count":2407,"contactReachability_count":2471,"contactSatisfaction_count":1841,"autonomy_count":12606}}
