{"data":{"satisfaction":8.914093648585999,"comprehension":8.240875016080555,"contact":6.222968632908682,"contact_reachability":0.808151718357083,"contact_satisfaction":7.740179760319574,"autonomy":6.7856628572176625},"metadata":{"satisfaction_count":107850,"comprehension_count":85507,"contact_count":18682,"contactReachability_count":19088,"contactSatisfaction_count":15020,"autonomy_count":76389}}
