{"data":{"satisfaction":7.770242070116861,"comprehension":7.566415762674342,"contact":5.3641801548205486,"contact_reachability":0.7270214236351071,"contact_satisfaction":7.429337231968811,"autonomy":7.339459822929508},"metadata":{"satisfaction_count":9584,"comprehension_count":9034,"contact_count":1421,"contactReachability_count":1447,"contactSatisfaction_count":1026,"autonomy_count":8923}}
