{"data":{"satisfaction":8.88682444620824,"comprehension":8.222390103671511,"contact":6.278533975954663,"contact_reachability":0.8059724427598217,"contact_satisfaction":7.854303319419598,"autonomy":6.81268710447535},"metadata":{"satisfaction_count":110872,"comprehension_count":88356,"contact_count":18881,"contactReachability_count":19523,"contactSatisfaction_count":15093,"autonomy_count":79167}}
