{"data":{"satisfaction":7.824476491505334,"comprehension":7.596021947873799,"contact":5.455158462575859,"contact_reachability":0.7250495703899538,"contact_satisfaction":7.582005623242737,"autonomy":7.316211878009631},"metadata":{"satisfaction_count":10124,"comprehension_count":9477,"contact_count":1483,"contactReachability_count":1513,"contactSatisfaction_count":1067,"autonomy_count":9345}}
