{"data":{"satisfaction":8.667664670658683,"comprehension":8.392351274787535,"contact":6.0866477272727275,"contact_reachability":0.7817164179104478,"contact_satisfaction":7.819343065693431,"autonomy":7.3219047619047615},"metadata":{"satisfaction_count":5678,"comprehension_count":5295,"contact_count":1056,"contactReachability_count":1072,"contactSatisfaction_count":822,"autonomy_count":5250}}
