{"data":{"satisfaction":8.655375043207743,"comprehension":8.373750462791559,"contact":6.032407407407407,"contact_reachability":0.7775752051048314,"contact_satisfaction":7.793062200956938,"autonomy":7.306904894844593},"metadata":{"satisfaction_count":5786,"comprehension_count":5402,"contact_count":1080,"contactReachability_count":1097,"contactSatisfaction_count":836,"autonomy_count":5373}}
