{"data":{"satisfaction":7.941545123062899,"comprehension":7.745163240628779,"contact":5.469910846953938,"contact_reachability":0.737381126554499,"contact_satisfaction":7.459473150962513,"autonomy":7.4041406345706235},"metadata":{"satisfaction_count":8776,"comprehension_count":8270,"contact_count":1346,"contactReachability_count":1367,"contactSatisfaction_count":987,"autonomy_count":8163}}
