{"data":{"satisfaction":7.912164034358548,"comprehension":7.650889927413742,"contact":5.590256089943785,"contact_reachability":0.7402200488997555,"contact_satisfaction":7.610544217687075,"autonomy":7.310881877022654},"metadata":{"satisfaction_count":10827,"comprehension_count":10057,"contact_count":1601,"contactReachability_count":1636,"contactSatisfaction_count":1176,"autonomy_count":9888}}
