{"data":{"satisfaction":7.944535073409462,"comprehension":7.6665197374865315,"contact":5.652634766807995,"contact_reachability":0.7449584816132859,"contact_satisfaction":7.643325143325144,"autonomy":7.303516286482718},"metadata":{"satisfaction_count":11034,"comprehension_count":10209,"contact_count":1651,"contactReachability_count":1686,"contactSatisfaction_count":1221,"autonomy_count":10039}}
