{"data":{"satisfaction":8.76415962098207,"comprehension":7.917555081734187,"contact":6.233020698576973,"contact_reachability":0.8025597590814982,"contact_satisfaction":7.826078128806952,"autonomy":6.757112710837062},"metadata":{"satisfaction_count":79363,"comprehension_count":63315,"contact_count":15460,"contactReachability_count":15939,"contactSatisfaction_count":12313,"autonomy_count":66817}}
