{"data":{"satisfaction":7.739154013015185,"comprehension":7.535673187571922,"contact":5.395025603511339,"contact_reachability":0.7255747126436781,"contact_satisfaction":7.4873096446700504,"autonomy":7.309035863996274},"metadata":{"satisfaction_count":9220,"comprehension_count":8690,"contact_count":1367,"contactReachability_count":1392,"contactSatisfaction_count":985,"autonomy_count":8588}}
