{"data":{"satisfaction":7.712882096069869,"comprehension":7.522861926841834,"contact":5.353717026378897,"contact_reachability":0.7232704402515723,"contact_satisfaction":7.449944382647386,"autonomy":7.2428144101963845},"metadata":{"satisfaction_count":8244,"comprehension_count":7764,"contact_count":1251,"contactReachability_count":1272,"contactSatisfaction_count":899,"autonomy_count":7689}}
