{"data":{"satisfaction":8.881554164349652,"comprehension":8.219574310193618,"contact":6.265380166158376,"contact_reachability":0.8053605940392635,"contact_satisfaction":7.843789085642815,"autonomy":6.817178129626377},"metadata":{"satisfaction_count":111494,"comprehension_count":88938,"contact_count":19018,"contactReachability_count":19662,"contactSatisfaction_count":15191,"autonomy_count":79706}}
