{"data":{"satisfaction":7.773860617208257,"comprehension":7.568886960295075,"contact":5.457920792079208,"contact_reachability":0.7289784572619875,"contact_satisfaction":7.53662109375,"autonomy":7.32938985650126},"metadata":{"satisfaction_count":9786,"comprehension_count":9218,"contact_count":1414,"contactReachability_count":1439,"contactSatisfaction_count":1024,"autonomy_count":9129}}
