{"data":{"satisfaction":8.870846853837472,"comprehension":8.21762371872589,"contact":6.257238134629304,"contact_reachability":0.804552276138069,"contact_satisfaction":7.841107871720117,"autonomy":6.846702755905512},"metadata":{"satisfaction_count":113408,"comprehension_count":90730,"contact_count":19342,"contactReachability_count":19990,"contactSatisfaction_count":15435,"autonomy_count":81280}}
