{"data":{"satisfaction":8.877502086922544,"comprehension":8.220115338459488,"contact":6.260100088620132,"contact_reachability":0.8045594391486357,"contact_satisfaction":7.8447543767964465,"autonomy":6.83575837196044},"metadata":{"satisfaction_count":112606,"comprehension_count":89996,"contact_count":19183,"contactReachability_count":19827,"contactSatisfaction_count":15308,"autonomy_count":80686}}
