{"data":{"satisfaction":7.913713578580268,"comprehension":7.705675450101348,"contact":5.457930007446016,"contact_reachability":0.7344093910491563,"contact_satisfaction":7.471967380224261,"autonomy":7.401451027811366},"metadata":{"satisfaction_count":8889,"comprehension_count":8387,"contact_count":1343,"contactReachability_count":1363,"contactSatisfaction_count":981,"autonomy_count":8270}}
