{"data":{"satisfaction":8.474402730375427,"comprehension":8.063717610750338,"contact":6.134187770228536,"contact_reachability":0.7908516400842612,"contact_satisfaction":7.810656704679513,"autonomy":6.922374429223744},"metadata":{"satisfaction_count":17580,"comprehension_count":15553,"contact_count":3238,"contactReachability_count":3323,"contactSatisfaction_count":2543,"autonomy_count":15330}}
