{"data":{"satisfaction":8.496161121620117,"comprehension":8.077917165731577,"contact":6.107491856677524,"contact_reachability":0.7935258092738408,"contact_satisfaction":7.727613338328962,"autonomy":6.864476777431857},"metadata":{"satisfaction_count":17974,"comprehension_count":15863,"contact_count":3377,"contactReachability_count":3429,"contactSatisfaction_count":2669,"autonomy_count":15739}}
