{"data":{"satisfaction":8.90932027034493,"comprehension":8.238434679720669,"contact":6.2960217778017356,"contact_reachability":0.8077323884952063,"contact_satisfaction":7.8593297893816025,"autonomy":6.8004881975642055},"metadata":{"satisfaction_count":108602,"comprehension_count":86206,"contact_count":18551,"contactReachability_count":19192,"contactSatisfaction_count":14861,"autonomy_count":77018}}
