{"data":{"satisfaction":8.76553725787116,"comprehension":7.918262080313914,"contact":6.233877762654741,"contact_reachability":0.8025521750062862,"contact_satisfaction":7.827351888020833,"autonomy":6.762477684933767},"metadata":{"satisfaction_count":79245,"comprehension_count":63202,"contact_count":15429,"contactReachability_count":15908,"contactSatisfaction_count":12288,"autonomy_count":66659}}
