{"data":{"satisfaction":8.391959798994975,"comprehension":8.147920759659463,"contact":6.038024475524476,"contact_reachability":0.7818181818181819,"contact_satisfaction":7.743834080717488,"autonomy":7.307438016528925},"metadata":{"satisfaction_count":6567,"comprehension_count":6108,"contact_count":1144,"contactReachability_count":1155,"contactSatisfaction_count":892,"autonomy_count":6050}}
