{"data":{"satisfaction":8.885459379083494,"comprehension":8.220980981886434,"contact":6.274595366550302,"contact_reachability":0.8056678090950944,"contact_satisfaction":7.852485602700734,"autonomy":6.812634873361013},"metadata":{"satisfaction_count":110965,"comprehension_count":88442,"contact_count":18906,"contactReachability_count":19549,"contactSatisfaction_count":15107,"autonomy_count":79241}}
