{"data":{"satisfaction":8.058633807476017,"comprehension":7.741870101792632,"contact":5.744345081536034,"contact_reachability":0.7575757575757576,"contact_satisfaction":7.641707487753674,"autonomy":7.219315156522537},"metadata":{"satisfaction_count":12092,"comprehension_count":11101,"contact_count":1901,"contactReachability_count":1947,"contactSatisfaction_count":1429,"autonomy_count":10893}}
