{"data":{"satisfaction":8.870926511939496,"comprehension":8.218047307942314,"contact":6.2574958643507035,"contact_reachability":0.8045718287314926,"contact_satisfaction":7.841225626740947,"autonomy":6.84818968909878},"metadata":{"satisfaction_count":113447,"comprehension_count":90767,"contact_count":19344,"contactReachability_count":19992,"contactSatisfaction_count":15437,"autonomy_count":81312}}
