{"data":{"satisfaction":8.913527143280925,"comprehension":8.240330425835419,"contact":6.22310533076429,"contact_reachability":0.808171817705605,"contact_satisfaction":7.740147783251231,"autonomy":6.784382482630484},"metadata":{"satisfaction_count":107872,"comprehension_count":85526,"contact_count":18684,"contactReachability_count":19090,"contactSatisfaction_count":15022,"autonomy_count":76427}}
