{"data":{"satisfaction":8.408181818181818,"comprehension":8.009797917942437,"contact":6.074907625125966,"contact_reachability":0.7850834151128557,"contact_satisfaction":7.795258620689655,"autonomy":6.947310496629522},"metadata":{"satisfaction_count":16500,"comprehension_count":14697,"contact_count":2977,"contactReachability_count":3057,"contactSatisfaction_count":2320,"autonomy_count":14538}}
