{"data":{"satisfaction":7.767847041520534,"comprehension":7.579541361507984,"contact":5.350746268656716,"contact_reachability":0.7268722466960352,"contact_satisfaction":7.4070247933884295,"autonomy":7.3020883924235065},"metadata":{"satisfaction_count":8839,"comprehension_count":8329,"contact_count":1340,"contactReachability_count":1362,"contactSatisfaction_count":968,"autonomy_count":8236}}
