{"data":{"satisfaction":8.878583323685781,"comprehension":8.220329535573343,"contact":6.263130389338908,"contact_reachability":0.8050457555993731,"contact_satisfaction":7.843772498200144,"autonomy":6.831337139161474},"metadata":{"satisfaction_count":112291,"comprehension_count":89702,"contact_count":19135,"contactReachability_count":19779,"contactSatisfaction_count":15279,"autonomy_count":80403}}
