{"data":{"satisfaction":8.880689852685844,"comprehension":8.219933159877984,"contact":6.265940697979533,"contact_reachability":0.8053708310066501,"contact_satisfaction":7.844261218054005,"autonomy":6.820979930934388},"metadata":{"satisfaction_count":111734,"comprehension_count":89168,"contact_count":19055,"contactReachability_count":19699,"contactSatisfaction_count":15221,"autonomy_count":79924}}
