{"data":{"satisfaction":8.028935380462292,"comprehension":7.722543087642098,"contact":5.693618171984856,"contact_reachability":0.7518518518518519,"contact_satisfaction":7.628623188405797,"autonomy":7.23845076994867},"metadata":{"satisfaction_count":11854,"comprehension_count":10908,"contact_count":1849,"contactReachability_count":1890,"contactSatisfaction_count":1380,"autonomy_count":10715}}
