{"data":{"satisfaction":8.550670799015029,"comprehension":7.886285268430193,"contact":6.087056655918931,"contact_reachability":0.7893731745675129,"contact_satisfaction":7.763254516081656,"autonomy":6.995212272216523},"metadata":{"satisfaction_count":47108,"comprehension_count":39731,"contact_count":8684,"contactReachability_count":8902,"contactSatisfaction_count":6809,"autonomy_count":40938}}
