{"data":{"satisfaction":7.955555555555556,"comprehension":7.758923169993951,"contact":5.510393466963623,"contact_reachability":0.7410387710314558,"contact_satisfaction":7.474823766364552,"autonomy":7.406364749082007},"metadata":{"satisfaction_count":8775,"comprehension_count":8265,"contact_count":1347,"contactReachability_count":1367,"contactSatisfaction_count":993,"autonomy_count":8170}}
