{"data":{"satisfaction":8.777840164701479,"comprehension":8.500503524672709,"contact":6.075268817204301,"contact_reachability":0.7895752895752896,"contact_satisfaction":7.720496894409938,"autonomy":7.220304568527919},"metadata":{"satisfaction_count":5343,"comprehension_count":4965,"contact_count":1023,"contactReachability_count":1036,"contactSatisfaction_count":805,"autonomy_count":4925}}
