{"data":{"satisfaction":8.40347104899401,"comprehension":8.14477587343441,"contact":6.029543419874664,"contact_reachability":0.7812223206377326,"contact_satisfaction":7.741379310344827,"autonomy":7.317478795942125},"metadata":{"satisfaction_count":6511,"comprehension_count":6068,"contact_count":1117,"contactReachability_count":1129,"contactSatisfaction_count":870,"autonomy_count":6013}}
