{"data":{"satisfaction":8.09610410604591,"comprehension":7.772128393315059,"contact":5.791515778582514,"contact_reachability":0.7623612512613521,"contact_satisfaction":7.6573187414500685,"autonomy":7.176449470472088},"metadata":{"satisfaction_count":12372,"comprehension_count":11309,"contact_count":1933,"contactReachability_count":1982,"contactSatisfaction_count":1462,"autonomy_count":11142}}
