{"data":{"satisfaction":7.81809985348811,"comprehension":7.6215070456173875,"contact":5.339391691394659,"contact_reachability":0.7251461988304093,"contact_satisfaction":7.404835390946502,"autonomy":7.3369630973986695},"metadata":{"satisfaction_count":8873,"comprehension_count":8374,"contact_count":1348,"contactReachability_count":1368,"contactSatisfaction_count":972,"autonomy_count":8265}}
