{"data":{"satisfaction":7.902296179232128,"comprehension":7.646529305861172,"contact":5.56436271401395,"contact_reachability":0.738833746898263,"contact_satisfaction":7.590830449826989,"autonomy":7.320195042665583},"metadata":{"satisfaction_count":10757,"comprehension_count":9998,"contact_count":1577,"contactReachability_count":1612,"contactSatisfaction_count":1156,"autonomy_count":9844}}
