{"data":{"satisfaction":8.15015360983103,"comprehension":7.810049742854734,"contact":5.854147031102733,"contact_reachability":0.7665137614678899,"contact_satisfaction":7.701487910725357,"autonomy":7.011397214014352},"metadata":{"satisfaction_count":13020,"comprehension_count":11861,"contact_count":2122,"contactReachability_count":2180,"contactSatisfaction_count":1613,"autonomy_count":11845}}
