{"data":{"satisfaction":8.911948754026733,"comprehension":8.239287006665343,"contact":6.297233650931139,"contact_reachability":0.8079840945953016,"contact_satisfaction":7.858566409944602,"autonomy":6.782413450994726},"metadata":{"satisfaction_count":108028,"comprehension_count":85667,"contact_count":18472,"contactReachability_count":19113,"contactSatisfaction_count":14802,"autonomy_count":76604}}
