{"data":{"satisfaction":8.665082717353044,"comprehension":8.391677675033025,"contact":6.068720379146919,"contact_reachability":0.7824463118580766,"contact_satisfaction":7.788929440389294,"autonomy":7.313915857605178},"metadata":{"satisfaction_count":5682,"comprehension_count":5299,"contact_count":1055,"contactReachability_count":1071,"contactSatisfaction_count":822,"autonomy_count":5253}}
