{"data":{"satisfaction":8.498248929901607,"comprehension":8.079648526077097,"contact":6.106921029281278,"contact_reachability":0.7931838042528401,"contact_satisfaction":7.730250842381131,"autonomy":6.859808339150853},"metadata":{"satisfaction_count":17989,"comprehension_count":15876,"contact_count":3381,"contactReachability_count":3433,"contactSatisfaction_count":2671,"autonomy_count":15757}}
