{"data":{"satisfaction":7.838142913231253,"comprehension":7.60135489969541,"contact":5.523138832997988,"contact_reachability":0.7311475409836066,"contact_satisfaction":7.617946345975948,"autonomy":7.318477449621495},"metadata":{"satisfaction_count":10188,"comprehension_count":9521,"contact_count":1491,"contactReachability_count":1525,"contactSatisfaction_count":1081,"autonomy_count":9379}}
