{"data":{"satisfaction":8.549144937351846,"comprehension":7.886612810155799,"contact":6.087755570870664,"contact_reachability":0.7895562528014344,"contact_satisfaction":7.76215582893966,"autonomy":6.990071543290991},"metadata":{"satisfaction_count":47248,"comprehension_count":39859,"contact_count":8706,"contactReachability_count":8924,"contactSatisfaction_count":6828,"autonomy_count":41094}}
