{"data":{"satisfaction":7.85530582578553,"comprehension":7.651102156909221,"contact":5.334313005143277,"contact_reachability":0.720492396813903,"contact_satisfaction":7.446153846153846,"autonomy":7.377660214019478},"metadata":{"satisfaction_count":8943,"comprehension_count":8438,"contact_count":1361,"contactReachability_count":1381,"contactSatisfaction_count":975,"autonomy_count":8317}}
