{"data":{"satisfaction":8.39778380823157,"comprehension":8.129719853836784,"contact":6.082781456953643,"contact_reachability":0.7840314136125655,"contact_satisfaction":7.783898305084746,"autonomy":7.33758274086786},"metadata":{"satisfaction_count":4422,"comprehension_count":4105,"contact_count":755,"contactReachability_count":764,"contactSatisfaction_count":590,"autonomy_count":4079}}
