{"data":{"satisfaction":8.359067017082786,"comprehension":8.115060188032686,"contact":5.890784174366264,"contact_reachability":0.7705799812909261,"contact_satisfaction":7.674382716049383,"autonomy":7.409949311443054},"metadata":{"satisfaction_count":24352,"comprehension_count":22762,"contact_count":4221,"contactReachability_count":4276,"contactSatisfaction_count":3240,"autonomy_count":22293}}
