{"data":{"satisfaction":8.55148658448151,"comprehension":7.886274509803922,"contact":6.085899513776337,"contact_reachability":0.789247797605602,"contact_satisfaction":7.762847017129356,"autonomy":6.988870366738576},"metadata":{"satisfaction_count":46886,"comprehension_count":39525,"contact_count":8638,"contactReachability_count":8854,"contactSatisfaction_count":6772,"autonomy_count":40792}}
