{"data":{"satisfaction":8.498667702897746,"comprehension":8.079862858580775,"contact":6.109144542772861,"contact_reachability":0.7934340499709471,"contact_satisfaction":7.7304964539007095,"autonomy":6.853847128913677},"metadata":{"satisfaction_count":18014,"comprehension_count":15896,"contact_count":3390,"contactReachability_count":3442,"contactSatisfaction_count":2679,"autonomy_count":15778}}
