{"data":{"satisfaction":8.896952038630506,"comprehension":8.230734583105273,"contact":6.286994080947048,"contact_reachability":0.8069506032793647,"contact_satisfaction":7.855286827903258,"autonomy":6.8145582354888825},"metadata":{"satisfaction_count":110172,"comprehension_count":87696,"contact_count":18753,"contactReachability_count":19394,"contactSatisfaction_count":15009,"autonomy_count":78526}}
