{"data":{"satisfaction":8.49214806505889,"comprehension":8.075739307018658,"contact":6.152567975830816,"contact_reachability":0.7922804949911608,"contact_satisfaction":7.817658349328215,"autonomy":6.866692229038855},"metadata":{"satisfaction_count":17830,"comprehension_count":15758,"contact_count":3310,"contactReachability_count":3394,"contactSatisfaction_count":2605,"autonomy_count":15648}}
