{"data":{"satisfaction":8.766377338943006,"comprehension":7.918620864494867,"contact":6.235883956386293,"contact_reachability":0.8026564270426791,"contact_satisfaction":7.828770471767294,"autonomy":6.760076890731063},"metadata":{"satisfaction_count":79149,"comprehension_count":63112,"contact_count":15408,"contactReachability_count":15886,"contactSatisfaction_count":12273,"autonomy_count":66588}}
