{"data":{"satisfaction":8.548131226600672,"comprehension":7.8857773209316315,"contact":6.085847000802844,"contact_reachability":0.7895266868076536,"contact_satisfaction":7.759944428195379,"autonomy":6.985462148101328},"metadata":{"satisfaction_count":47277,"comprehension_count":39887,"contact_count":8719,"contactReachability_count":8937,"contactSatisfaction_count":6838,"autonomy_count":41134}}
