{"data":{"satisfaction":8.406356062943535,"comprehension":8.142786234281932,"contact":6.020089285714286,"contact_reachability":0.7791519434628975,"contact_satisfaction":7.75,"autonomy":7.3285379725660755},"metadata":{"satisfaction_count":6482,"comprehension_count":6044,"contact_count":1120,"contactReachability_count":1132,"contactSatisfaction_count":870,"autonomy_count":5978}}
