{"data":{"satisfaction":8.661787767903816,"comprehension":8.380044843049328,"contact":6.045751633986928,"contact_reachability":0.7784926470588235,"contact_satisfaction":7.801204819277109,"autonomy":7.293233082706767},"metadata":{"satisfaction_count":5739,"comprehension_count":5352,"contact_count":1071,"contactReachability_count":1088,"contactSatisfaction_count":830,"autonomy_count":5320}}
