{"data":{"satisfaction":8.39411046689045,"comprehension":8.142622950819671,"contact":6.025416301489921,"contact_reachability":0.7805724197745013,"contact_satisfaction":7.742117117117117,"autonomy":7.302348660271254},"metadata":{"satisfaction_count":6554,"comprehension_count":6100,"contact_count":1141,"contactReachability_count":1153,"contactSatisfaction_count":888,"autonomy_count":6046}}
