{"data":{"satisfaction":8.408567480423768,"comprehension":8.145479993413469,"contact":6.015486725663717,"contact_reachability":0.7802101576182137,"contact_satisfaction":7.733219567690558,"autonomy":7.322467986030268},"metadata":{"satisfaction_count":6513,"comprehension_count":6073,"contact_count":1130,"contactReachability_count":1142,"contactSatisfaction_count":879,"autonomy_count":6013}}
