{"data":{"satisfaction":8.87542057729768,"comprehension":8.2193278706677,"contact":6.259232289607823,"contact_reachability":0.8045392783453273,"contact_satisfaction":7.843827401903272,"autonomy":6.845156425754935},"metadata":{"satisfaction_count":112940,"comprehension_count":90310,"contact_count":19226,"contactReachability_count":19871,"contactSatisfaction_count":15342,"autonomy_count":80901}}
