{"data":{"satisfaction":7.765414454879543,"comprehension":7.564699512723335,"contact":5.432862190812721,"contact_reachability":0.7270833333333333,"contact_satisfaction":7.5220156555773,"autonomy":7.3293282359366465},"metadata":{"satisfaction_count":9796,"comprehension_count":9235,"contact_count":1415,"contactReachability_count":1440,"contactSatisfaction_count":1022,"autonomy_count":9155}}
