{"data":{"satisfaction":8.871499176276771,"comprehension":8.709122203098106,"contact":4.840909090909091,"contact_reachability":0.6052631578947368,"contact_satisfaction":8.192307692307692,"autonomy":7.010489510489511},"metadata":{"satisfaction_count":607,"comprehension_count":581,"contact_count":110,"contactReachability_count":114,"contactSatisfaction_count":65,"autonomy_count":572}}
