{"data":{"satisfaction":8.78887070376432,"comprehension":8.696213425129088,"contact":4.407894736842105,"contact_reachability":0.5555555555555556,"contact_satisfaction":8.10483870967742,"autonomy":7.013888888888889},"metadata":{"satisfaction_count":611,"comprehension_count":581,"contact_count":114,"contactReachability_count":117,"contactSatisfaction_count":62,"autonomy_count":576}}
