{"data":{"satisfaction":8.982398239823983,"comprehension":8.736994219653178,"contact":5.028248587570621,"contact_reachability":0.6256983240223464,"contact_satisfaction":8.090909090909092,"autonomy":6.854460093896714},"metadata":{"satisfaction_count":909,"comprehension_count":865,"contact_count":177,"contactReachability_count":179,"contactSatisfaction_count":110,"autonomy_count":852}}
