{"data":{"satisfaction":9.410888983411315,"comprehension":8.842824601366743,"contact":5.2301790281329925,"contact_reachability":0.6297229219143576,"contact_satisfaction":8.381147540983607,"autonomy":6.858061552595315},"metadata":{"satisfaction_count":2351,"comprehension_count":2195,"contact_count":391,"contactReachability_count":397,"contactSatisfaction_count":244,"autonomy_count":2177}}
