{"data":{"satisfaction":8.793103448275861,"comprehension":8.704769736842104,"contact":4.418103448275862,"contact_reachability":0.5546218487394958,"contact_satisfaction":8.134920634920634,"autonomy":7.059800664451827},"metadata":{"satisfaction_count":638,"comprehension_count":608,"contact_count":116,"contactReachability_count":119,"contactSatisfaction_count":63,"autonomy_count":602}}
