{"data":{"satisfaction":9.39236111111111,"comprehension":8.850432632880098,"contact":4.704861111111111,"contact_reachability":0.6,"contact_satisfaction":7.877906976744186,"autonomy":6.876574307304786},"metadata":{"satisfaction_count":864,"comprehension_count":809,"contact_count":144,"contactReachability_count":145,"contactSatisfaction_count":86,"autonomy_count":794}}
