{"data":{"satisfaction":9.252177205603937,"comprehension":8.799595141700404,"contact":4.972345132743363,"contact_reachability":0.6073752711496746,"contact_satisfaction":8.293357933579335,"autonomy":6.938692651238327},"metadata":{"satisfaction_count":2641,"comprehension_count":2470,"contact_count":452,"contactReachability_count":461,"contactSatisfaction_count":271,"autonomy_count":2463}}
