{"data":{"satisfaction":9.409398814563929,"comprehension":8.845194922937443,"contact":5.2301790281329925,"contact_reachability":0.6297229219143576,"contact_satisfaction":8.381147540983607,"autonomy":6.873857404021938},"metadata":{"satisfaction_count":2362,"comprehension_count":2206,"contact_count":391,"contactReachability_count":397,"contactSatisfaction_count":244,"autonomy_count":2188}}
