{"data":{"satisfaction":8.947939262472884,"comprehension":8.738636363636363,"contact":4.943502824858757,"contact_reachability":0.6222222222222222,"contact_satisfaction":8.027522935779816,"autonomy":6.824480369515012},"metadata":{"satisfaction_count":922,"comprehension_count":880,"contact_count":177,"contactReachability_count":180,"contactSatisfaction_count":109,"autonomy_count":866}}
