{"data":{"satisfaction":9.280889948351211,"comprehension":8.803609341825902,"contact":5.023310023310024,"contact_reachability":0.6141552511415526,"contact_satisfaction":8.288461538461538,"autonomy":6.9407754580315295},"metadata":{"satisfaction_count":2517,"comprehension_count":2355,"contact_count":429,"contactReachability_count":438,"contactSatisfaction_count":260,"autonomy_count":2347}}
