{"data":{"satisfaction":9.206378986866792,"comprehension":8.808197373656984,"contact":5.095948827292111,"contact_reachability":0.6297071129707112,"contact_satisfaction":8.184931506849315,"autonomy":6.93918646798228},"metadata":{"satisfaction_count":2665,"comprehension_count":2513,"contact_count":469,"contactReachability_count":478,"contactSatisfaction_count":292,"autonomy_count":2483}}
