{"data":{"satisfaction":9.299552906110284,"comprehension":8.826771653543307,"contact":5.296610169491525,"contact_reachability":0.6666666666666666,"contact_satisfaction":8.012820512820513,"autonomy":6.993670886075949},"metadata":{"satisfaction_count":671,"comprehension_count":635,"contact_count":118,"contactReachability_count":120,"contactSatisfaction_count":78,"autonomy_count":632}}
