{"data":{"satisfaction":9.440977639105565,"comprehension":8.831841074426412,"contact":5.064724919093851,"contact_reachability":0.6129032258064516,"contact_satisfaction":8.28042328042328,"autonomy":6.8771138669673055},"metadata":{"satisfaction_count":1923,"comprehension_count":1787,"contact_count":309,"contactReachability_count":310,"contactSatisfaction_count":189,"autonomy_count":1774}}
