{"data":{"satisfaction":9.214601769911505,"comprehension":8.811106765741103,"contact":5.145530145530145,"contact_reachability":0.6346938775510204,"contact_satisfaction":8.195364238410596,"autonomy":6.934335443037975},"metadata":{"satisfaction_count":2712,"comprehension_count":2557,"contact_count":481,"contactReachability_count":490,"contactSatisfaction_count":302,"autonomy_count":2528}}
