{"data":{"satisfaction":8.318452380952381,"comprehension":8.091054313099042,"contact":6.830357142857143,"contact_reachability":0.7719298245614035,"contact_satisfaction":8.895348837209303,"autonomy":7.810457516339869},"metadata":{"satisfaction_count":336,"comprehension_count":313,"contact_count":56,"contactReachability_count":57,"contactSatisfaction_count":43,"autonomy_count":306}}
