{"data":{"satisfaction":8.318713450292398,"comprehension":8.072100313479623,"contact":6.830357142857143,"contact_reachability":0.7719298245614035,"contact_satisfaction":8.895348837209303,"autonomy":7.852564102564102},"metadata":{"satisfaction_count":342,"comprehension_count":319,"contact_count":56,"contactReachability_count":57,"contactSatisfaction_count":43,"autonomy_count":312}}
