{"data":{"satisfaction":8.817204301075268,"comprehension":8.238636363636363,"contact":5.7894736842105265,"contact_reachability":0.6842105263157895,"contact_satisfaction":8.461538461538462,"autonomy":7.931034482758621},"metadata":{"satisfaction_count":93,"comprehension_count":88,"contact_count":19,"contactReachability_count":19,"contactSatisfaction_count":13,"autonomy_count":87}}
