{"data":{"satisfaction":8.44927536231884,"comprehension":8.25077399380805,"contact":6.9,"contact_reachability":0.7866666666666666,"contact_satisfaction":8.771186440677965,"autonomy":7.252396166134186},"metadata":{"satisfaction_count":345,"comprehension_count":323,"contact_count":75,"contactReachability_count":75,"contactSatisfaction_count":59,"autonomy_count":313}}
