{"data":{"satisfaction":8.273809523809524,"comprehension":8.08641975308642,"contact":7.916666666666667,"contact_reachability":0.8461538461538461,"contact_satisfaction":9.5,"autonomy":8.354430379746836},"metadata":{"satisfaction_count":84,"comprehension_count":81,"contact_count":12,"contactReachability_count":13,"contactSatisfaction_count":10,"autonomy_count":79}}
