{"data":{"satisfaction":8.214285714285714,"comprehension":7.932098765432099,"contact":7.954545454545454,"contact_reachability":0.8333333333333334,"contact_satisfaction":9.722222222222221,"autonomy":8.481012658227849},"metadata":{"satisfaction_count":84,"comprehension_count":81,"contact_count":11,"contactReachability_count":12,"contactSatisfaction_count":9,"autonomy_count":79}}
