{"data":{"satisfaction":8.2378223495702,"comprehension":7.998466257668712,"contact":6.7105263157894735,"contact_reachability":0.7586206896551724,"contact_satisfaction":8.895348837209303,"autonomy":7.836990595611285},"metadata":{"satisfaction_count":349,"comprehension_count":326,"contact_count":57,"contactReachability_count":58,"contactSatisfaction_count":43,"autonomy_count":319}}
