{"data":{"satisfaction":7.7439024390243905,"comprehension":7.6265822784810124,"contact":7.1875,"contact_reachability":0.7777777777777778,"contact_satisfaction":9.583333333333334,"autonomy":8.7012987012987},"metadata":{"satisfaction_count":82,"comprehension_count":79,"contact_count":8,"contactReachability_count":9,"contactSatisfaction_count":6,"autonomy_count":77}}
