{"data":{"satisfaction":7.77027027027027,"comprehension":7.676056338028169,"contact":8.214285714285714,"contact_reachability":0.875,"contact_satisfaction":9.583333333333334,"autonomy":8.714285714285714},"metadata":{"satisfaction_count":74,"comprehension_count":71,"contact_count":7,"contactReachability_count":8,"contactSatisfaction_count":6,"autonomy_count":70}}
