{"data":{"satisfaction":8.444767441860465,"comprehension":8.245341614906833,"contact":6.9,"contact_reachability":0.7866666666666666,"contact_satisfaction":8.771186440677965,"autonomy":7.243589743589744},"metadata":{"satisfaction_count":344,"comprehension_count":322,"contact_count":75,"contactReachability_count":75,"contactSatisfaction_count":59,"autonomy_count":312}}
