{"data":{"satisfaction":4.907090828006541,"comprehension":4.837448559670782,"contact":3.165859564164649,"contact_reachability":0.5250596658711217,"contact_satisfaction":6.109813084112149,"autonomy":6.276071293136139},"metadata":{"satisfaction_count":6727,"comprehension_count":6075,"contact_count":826,"contactReachability_count":838,"contactSatisfaction_count":428,"autonomy_count":5274}}
