{"data":{"satisfaction":5.005079580088046,"comprehension":4.935356942102304,"contact":3.1022408963585435,"contact_reachability":0.5165289256198347,"contact_satisfaction":6.101928374655647,"autonomy":6.302628766830519},"metadata":{"satisfaction_count":5906,"comprehension_count":5337,"contact_count":714,"contactReachability_count":726,"contactSatisfaction_count":363,"autonomy_count":4679}}
