{"data":{"satisfaction":5.060032017075773,"comprehension":5.007146377525875,"contact":3.4251497005988023,"contact_reachability":0.5705882352941176,"contact_satisfaction":6.085106382978723,"autonomy":6.267368892873151},"metadata":{"satisfaction_count":11244,"comprehension_count":10145,"contact_count":1670,"contactReachability_count":1700,"contactSatisfaction_count":940,"autonomy_count":8924}}
