{"data":{"satisfaction":5.023091669571279,"comprehension":4.986796619934704,"contact":3.362894144144144,"contact_reachability":0.565121412803532,"contact_satisfaction":6.04504048582996,"autonomy":6.2799690641918025},"metadata":{"satisfaction_count":11476,"comprehension_count":10414,"contact_count":1776,"contactReachability_count":1812,"contactSatisfaction_count":988,"autonomy_count":9051}}
