{"data":{"satisfaction":5.103793515201617,"comprehension":5.056211211720419,"contact":3.372549019607843,"contact_reachability":0.5531914893617021,"contact_satisfaction":6.164874551971326,"autonomy":6.321532211259432},"metadata":{"satisfaction_count":10887,"comprehension_count":9829,"contact_count":1530,"contactReachability_count":1551,"contactSatisfaction_count":837,"autonomy_count":8615}}
