{"data":{"satisfaction":5.216010165184244,"comprehension":5.2457567185289955,"contact":3.605769230769231,"contact_reachability":0.6103286384976526,"contact_satisfaction":6,"autonomy":6.522781774580336},"metadata":{"satisfaction_count":1574,"comprehension_count":1414,"contact_count":208,"contactReachability_count":213,"contactSatisfaction_count":125,"autonomy_count":1251}}
