{"data":{"satisfaction":5.100950118764845,"comprehension":5.049089068825911,"contact":3.379960962914769,"contact_reachability":0.5539152759948652,"contact_satisfaction":6.169833729216152,"autonomy":6.313300265313185},"metadata":{"satisfaction_count":10946,"comprehension_count":9880,"contact_count":1537,"contactReachability_count":1558,"contactSatisfaction_count":842,"autonomy_count":8669}}
