{"data":{"satisfaction":5.056326604181687,"comprehension":4.998251748251748,"contact":3.4331518451300664,"contact_reachability":0.5721925133689839,"contact_satisfaction":6.082529474812433,"autonomy":6.249858164075797},"metadata":{"satisfaction_count":11096,"comprehension_count":10010,"contact_count":1653,"contactReachability_count":1683,"contactSatisfaction_count":933,"autonomy_count":8813}}
