{"data":{"satisfaction":5.059459459459459,"comprehension":5.0465186074429775,"contact":3.3707865168539324,"contact_reachability":0.5808823529411765,"contact_satisfaction":5.882352941176471,"autonomy":6.373551465576005},"metadata":{"satisfaction_count":1850,"comprehension_count":1666,"contact_count":267,"contactReachability_count":272,"contactSatisfaction_count":153,"autonomy_count":1467}}
