{"data":{"satisfaction":5.451788963007884,"comprehension":5.4282868525896415,"contact":3.5827464788732395,"contact_reachability":0.5578947368421052,"contact_satisfaction":6.439873417721519,"autonomy":6.201780415430267},"metadata":{"satisfaction_count":1649,"comprehension_count":1506,"contact_count":284,"contactReachability_count":285,"contactSatisfaction_count":158,"autonomy_count":1348}}
