{"data":{"satisfaction":5.086056373160389,"comprehension":5.038674033149171,"contact":3.3447937131630647,"contact_reachability":0.5377176015473888,"contact_satisfaction":6.305555555555555,"autonomy":6.337319068596601},"metadata":{"satisfaction_count":4009,"comprehension_count":3620,"contact_count":509,"contactReachability_count":517,"contactSatisfaction_count":270,"autonomy_count":3178}}
