{"data":{"satisfaction":5.094846098783107,"comprehension":5.085313033206457,"contact":3.4477720964207452,"contact_reachability":0.5767309064953604,"contact_satisfaction":6.082474226804123,"autonomy":6.27189699056745},"metadata":{"satisfaction_count":8382,"comprehension_count":7619,"contact_count":1369,"contactReachability_count":1401,"contactSatisfaction_count":776,"autonomy_count":6679}}
