{"data":{"satisfaction":5.060648677155665,"comprehension":5.0121761153321644,"contact":3.421364985163205,"contact_reachability":0.5696793002915452,"contact_satisfaction":6.0876451953537485,"autonomy":6.273291925465839},"metadata":{"satisfaction_count":11377,"comprehension_count":10266,"contact_count":1685,"contactReachability_count":1715,"contactSatisfaction_count":947,"autonomy_count":9016}}
