{"data":{"satisfaction":5.188598371195885,"comprehension":5.163043478260869,"contact":3.432721712538226,"contact_reachability":0.5805471124620061,"contact_satisfaction":5.939153439153439,"autonomy":6.528442317916002},"metadata":{"satisfaction_count":2333,"comprehension_count":2116,"contact_count":327,"contactReachability_count":329,"contactSatisfaction_count":189,"autonomy_count":1881}}
