{"data":{"satisfaction":5.409356725146199,"comprehension":5.483193277310924,"contact":3.8207547169811322,"contact_reachability":0.6319018404907976,"contact_satisfaction":6.136363636363637,"autonomy":6.625},"metadata":{"satisfaction_count":1197,"comprehension_count":1071,"contact_count":159,"contactReachability_count":163,"contactSatisfaction_count":99,"autonomy_count":960}}
