{"data":{"satisfaction":5.135914332784185,"comprehension":5.134428004330567,"contact":3.4338168631006347,"contact_reachability":0.5919282511210763,"contact_satisfaction":5.844907407407407,"autonomy":6.295841016185208},"metadata":{"satisfaction_count":6070,"comprehension_count":5542,"contact_count":1103,"contactReachability_count":1115,"contactSatisfaction_count":648,"autonomy_count":4881}}
