{"data":{"satisfaction":4.962387161484453,"comprehension":4.9145658263305325,"contact":3.532986111111111,"contact_reachability":0.5972696245733788,"contact_satisfaction":5.985294117647059,"autonomy":6.271732131358661},"metadata":{"satisfaction_count":1994,"comprehension_count":1785,"contact_count":288,"contactReachability_count":293,"contactSatisfaction_count":170,"autonomy_count":1553}}
