{"data":{"satisfaction":5.48152634766808,"comprehension":5.492047713717694,"contact":3.479020979020979,"contact_reachability":0.5435540069686411,"contact_satisfaction":6.419354838709677,"autonomy":6.232420429311621},"metadata":{"satisfaction_count":1651,"comprehension_count":1509,"contact_count":286,"contactReachability_count":287,"contactSatisfaction_count":155,"autonomy_count":1351}}
