{"data":{"satisfaction":5.065145030908226,"comprehension":5.030902996019275,"contact":3.3677558569667077,"contact_reachability":0.5663449939686369,"contact_satisfaction":6.049280177187154,"autonomy":6.2884868815143165},"metadata":{"satisfaction_count":10515,"comprehension_count":9546,"contact_count":1622,"contactReachability_count":1658,"contactSatisfaction_count":903,"autonomy_count":8347}}
