{"data":{"satisfaction":5.1341386884217135,"comprehension":5.138052640633064,"contact":3.4314586994727594,"contact_reachability":0.591304347826087,"contact_satisfaction":5.845808383233533,"autonomy":6.320202808112325},"metadata":{"satisfaction_count":6374,"comprehension_count":5813,"contact_count":1138,"contactReachability_count":1150,"contactSatisfaction_count":668,"autonomy_count":5128}}
