{"data":{"satisfaction":5.214489990467111,"comprehension":5.174724119810825,"contact":3.3963815789473686,"contact_reachability":0.5784313725490197,"contact_satisfaction":5.9,"autonomy":6.479289940828402},"metadata":{"satisfaction_count":2098,"comprehension_count":1903,"contact_count":304,"contactReachability_count":306,"contactSatisfaction_count":175,"autonomy_count":1690}}
