{"data":{"satisfaction":5.177115987460815,"comprehension":5.1345953456061135,"contact":3.523002421307506,"contact_reachability":0.5642857142857143,"contact_satisfaction":6.326086956521739,"autonomy":6.402053712480253},"metadata":{"satisfaction_count":3190,"comprehension_count":2879,"contact_count":413,"contactReachability_count":420,"contactSatisfaction_count":230,"autonomy_count":2532}}
