{"data":{"satisfaction":5.015937284631288,"comprehension":4.981484998101026,"contact":3.358416945373467,"contact_reachability":0.5639344262295082,"contact_satisfaction":6.0491967871485945,"autonomy":6.285120804635399},"metadata":{"satisfaction_count":11608,"comprehension_count":10532,"contact_count":1794,"contactReachability_count":1830,"contactSatisfaction_count":996,"autonomy_count":9147}}
