{"data":{"satisfaction":5.129425965665236,"comprehension":5.1209974915154195,"contact":3.5195530726256985,"contact_reachability":0.5887850467289719,"contact_satisfaction":6.082758620689655,"autonomy":6.273062730627307},"metadata":{"satisfaction_count":7456,"comprehension_count":6777,"contact_count":1253,"contactReachability_count":1284,"contactSatisfaction_count":725,"autonomy_count":5962}}
