{"data":{"satisfaction":6.550279329608938,"comprehension":6.217257318952234,"contact":5.361635220125786,"contact_reachability":0.8074534161490683,"contact_satisfaction":6.66015625,"autonomy":5.765472312703583},"metadata":{"satisfaction_count":716,"comprehension_count":649,"contact_count":159,"contactReachability_count":161,"contactSatisfaction_count":128,"autonomy_count":614}}
