{"data":{"satisfaction":5.991035856573705,"comprehension":5.97027027027027,"contact":5.4411764705882355,"contact_reachability":0.8026905829596412,"contact_satisfaction":6.793785310734464,"autonomy":5.52757793764988},"metadata":{"satisfaction_count":1004,"comprehension_count":925,"contact_count":221,"contactReachability_count":223,"contactSatisfaction_count":177,"autonomy_count":834}}
