{"data":{"satisfaction":6.5763546798029555,"comprehension":6.069444444444445,"contact":4.787234042553192,"contact_reachability":0.7872340425531915,"contact_satisfaction":6.081081081081081,"autonomy":5.43859649122807},"metadata":{"satisfaction_count":203,"comprehension_count":180,"contact_count":47,"contactReachability_count":47,"contactSatisfaction_count":37,"autonomy_count":171}}
