{"data":{"satisfaction":6.506456241032999,"comprehension":6.17879746835443,"contact":5.32051282051282,"contact_reachability":0.8037974683544303,"contact_satisfaction":6.64,"autonomy":5.742904841402337},"metadata":{"satisfaction_count":697,"comprehension_count":632,"contact_count":156,"contactReachability_count":158,"contactSatisfaction_count":125,"autonomy_count":599}}
