{"data":{"satisfaction":5.992063492063492,"comprehension":5.976856835306782,"contact":5.416666666666667,"contact_reachability":0.7991071428571429,"contact_satisfaction":6.793785310734464,"autonomy":5.536992840095466},"metadata":{"satisfaction_count":1008,"comprehension_count":929,"contact_count":222,"contactReachability_count":224,"contactSatisfaction_count":177,"autonomy_count":838}}
