{"data":{"satisfaction":7.22972972972973,"comprehension":6.992481203007519,"contact":5.833333333333333,"contact_reachability":0.7857142857142857,"contact_satisfaction":7.5,"autonomy":6.488549618320611},"metadata":{"satisfaction_count":148,"comprehension_count":133,"contact_count":27,"contactReachability_count":28,"contactSatisfaction_count":21,"autonomy_count":131}}
