{"data":{"satisfaction":6.69811320754717,"comprehension":6.1879432624113475,"contact":5.208333333333333,"contact_reachability":0.8333333333333334,"contact_satisfaction":6.25,"autonomy":5.703703703703703},"metadata":{"satisfaction_count":159,"comprehension_count":141,"contact_count":36,"contactReachability_count":36,"contactSatisfaction_count":30,"autonomy_count":135}}
