{"data":{"satisfaction":5.911983032873807,"comprehension":5.932835820895522,"contact":5.487804878048781,"contact_reachability":0.8115942028985508,"contact_satisfaction":6.77710843373494,"autonomy":5.487179487179487},"metadata":{"satisfaction_count":943,"comprehension_count":871,"contact_count":205,"contactReachability_count":207,"contactSatisfaction_count":166,"autonomy_count":780}}
