{"data":{"satisfaction":8.044871794871796,"comprehension":7.8546099290780145,"contact":4.642857142857143,"contact_reachability":0.5714285714285714,"contact_satisfaction":8.125,"autonomy":8.285714285714286},"metadata":{"satisfaction_count":156,"comprehension_count":141,"contact_count":7,"contactReachability_count":7,"contactSatisfaction_count":4,"autonomy_count":140}}
