{"data":{"satisfaction":7.935267857142857,"comprehension":7.8817733990147785,"contact":3.3333333333333335,"contact_reachability":0.41025641025641024,"contact_satisfaction":8.125,"autonomy":7.680412371134021},"metadata":{"satisfaction_count":448,"comprehension_count":406,"contact_count":39,"contactReachability_count":39,"contactSatisfaction_count":16,"autonomy_count":388}}
