{"data":{"satisfaction":7.926008968609866,"comprehension":7.883663366336633,"contact":3.3333333333333335,"contact_reachability":0.41025641025641024,"contact_satisfaction":8.125,"autonomy":7.674418604651163},"metadata":{"satisfaction_count":446,"comprehension_count":404,"contact_count":39,"contactReachability_count":39,"contactSatisfaction_count":16,"autonomy_count":387}}
