{"data":{"satisfaction":8.01980198019802,"comprehension":7.934782608695652,"contact":3.9285714285714284,"contact_reachability":0.5142857142857142,"contact_satisfaction":7.638888888888889,"autonomy":7.82122905027933},"metadata":{"satisfaction_count":404,"comprehension_count":368,"contact_count":35,"contactReachability_count":35,"contactSatisfaction_count":18,"autonomy_count":358}}
