{"data":{"satisfaction":7.88659793814433,"comprehension":7.752808988764045,"contact":4.545454545454546,"contact_reachability":0.5454545454545454,"contact_satisfaction":8.333333333333334,"autonomy":7.380952380952381},"metadata":{"satisfaction_count":97,"comprehension_count":89,"contact_count":11,"contactReachability_count":11,"contactSatisfaction_count":6,"autonomy_count":84}}
