{"data":{"satisfaction":7.6923076923076925,"comprehension":7.6490066225165565,"contact":3.076923076923077,"contact_reachability":0.38461538461538464,"contact_satisfaction":8,"autonomy":7.535211267605634},"metadata":{"satisfaction_count":169,"comprehension_count":151,"contact_count":13,"contactReachability_count":13,"contactSatisfaction_count":5,"autonomy_count":142}}
