{"data":{"satisfaction":8.004807692307692,"comprehension":7.91005291005291,"contact":3.8194444444444446,"contact_reachability":0.5,"contact_satisfaction":7.638888888888889,"autonomy":7.826086956521739},"metadata":{"satisfaction_count":416,"comprehension_count":378,"contact_count":36,"contactReachability_count":36,"contactSatisfaction_count":18,"autonomy_count":368}}
