{"data":{"satisfaction":8.016949152542374,"comprehension":8.01660516605166,"contact":3.629032258064516,"contact_reachability":0.4838709677419355,"contact_satisfaction":7.5,"autonomy":7.718631178707224},"metadata":{"satisfaction_count":295,"comprehension_count":271,"contact_count":31,"contactReachability_count":31,"contactSatisfaction_count":15,"autonomy_count":263}}
