{"data":{"satisfaction":7.762430939226519,"comprehension":7.574850299401198,"contact":4.038461538461538,"contact_reachability":0.7692307692307693,"contact_satisfaction":5.25,"autonomy":8.231707317073171},"metadata":{"satisfaction_count":181,"comprehension_count":167,"contact_count":13,"contactReachability_count":13,"contactSatisfaction_count":10,"autonomy_count":164}}
