{"data":{"satisfaction":9.216532145839132,"comprehension":8.885164051355208,"contact":6.231751824817518,"contact_reachability":0.7927272727272727,"contact_satisfaction":7.868663594470046,"autonomy":7.970140683318978},"metadata":{"satisfaction_count":3593,"comprehension_count":3505,"contact_count":274,"contactReachability_count":275,"contactSatisfaction_count":217,"autonomy_count":3483}}
