{"data":{"satisfaction":9.134474327628363,"comprehension":8.832579753830696,"contact":6.1419753086419755,"contact_reachability":0.7920489296636085,"contact_satisfaction":7.7734375,"autonomy":7.863441672965482},"metadata":{"satisfaction_count":4090,"comprehension_count":3981,"contact_count":324,"contactReachability_count":327,"contactSatisfaction_count":256,"autonomy_count":3969}}
