{"data":{"satisfaction":9.197944059287593,"comprehension":8.904336109750123,"contact":6.563517915309446,"contact_reachability":0.8270440251572327,"contact_satisfaction":7.996031746031746,"autonomy":7.894607843137255},"metadata":{"satisfaction_count":4183,"comprehension_count":4082,"contact_count":307,"contactReachability_count":318,"contactSatisfaction_count":252,"autonomy_count":4080}}
