{"data":{"satisfaction":9.220264317180616,"comprehension":8.832990515369673,"contact":6.484973482616382,"contact_reachability":0.8087810514153668,"contact_satisfaction":8.056368960468522,"autonomy":7.82009911259652},"metadata":{"satisfaction_count":18160,"comprehension_count":17502,"contact_count":1697,"contactReachability_count":1731,"contactSatisfaction_count":1366,"autonomy_count":17354}}
