{"data":{"satisfaction":9.206875446291951,"comprehension":8.820961853870166,"contact":6.4222222222222225,"contact_reachability":0.802071973827699,"contact_satisfaction":8.044537230340989,"autonomy":7.700377675199329},"metadata":{"satisfaction_count":19606,"comprehension_count":18901,"contact_count":1800,"contactReachability_count":1834,"contactSatisfaction_count":1437,"autonomy_count":19064}}
