{"data":{"satisfaction":9.210184182015167,"comprehension":8.887035801645542,"contact":6.615384615384615,"contact_reachability":0.8346055979643766,"contact_satisfaction":7.938461538461539,"autonomy":7.839643652561247},"metadata":{"satisfaction_count":4615,"comprehension_count":4497,"contact_count":390,"contactReachability_count":393,"contactSatisfaction_count":325,"autonomy_count":4490}}
