{"data":{"satisfaction":9.182646212847555,"comprehension":8.871681415929203,"contact":6.32398753894081,"contact_reachability":0.8148148148148148,"contact_satisfaction":7.777777777777778,"autonomy":7.889410022216737},"metadata":{"satisfaction_count":4172,"comprehension_count":4068,"contact_count":321,"contactReachability_count":324,"contactSatisfaction_count":261,"autonomy_count":4051}}
