{"data":{"satisfaction":9.205933238347242,"comprehension":8.819935606460467,"contact":6.418096292197012,"contact_reachability":0.8028245518739815,"contact_satisfaction":8.03150969529086,"autonomy":7.706936295054485},"metadata":{"satisfaction_count":19652,"comprehension_count":18946,"contact_count":1807,"contactReachability_count":1841,"contactSatisfaction_count":1444,"autonomy_count":19088}}
