{"data":{"satisfaction":9.229783683928252,"comprehension":8.829063002846887,"contact":6.392345986309894,"contact_reachability":0.8068111455108359,"contact_satisfaction":7.9324324324324325,"autonomy":7.7106204514617},"metadata":{"satisfaction_count":16781,"comprehension_count":16158,"contact_count":1607,"contactReachability_count":1615,"contactSatisfaction_count":1295,"autonomy_count":16214}}
