{"data":{"satisfaction":9.095731556871453,"comprehension":8.794631552291719,"contact":6.230283911671925,"contact_reachability":0.7919254658385093,"contact_satisfaction":7.9,"autonomy":7.817450339451848},"metadata":{"satisfaction_count":4053,"comprehension_count":3949,"contact_count":317,"contactReachability_count":322,"contactSatisfaction_count":250,"autonomy_count":3977}}
