{"data":{"satisfaction":9.133661491859144,"comprehension":8.835680385902124,"contact":6.168799212598425,"contact_reachability":0.7928015564202334,"contact_satisfaction":7.805105853051058,"autonomy":7.906396255850234},"metadata":{"satisfaction_count":13205,"comprehension_count":12853,"contact_count":1016,"contactReachability_count":1028,"contactSatisfaction_count":803,"autonomy_count":12820}}
