{"data":{"satisfaction":9.207188160676532,"comprehension":8.890167930660889,"contact":6.231481481481482,"contact_reachability":0.8051470588235294,"contact_satisfaction":7.753456221198157,"autonomy":8.014766201804758},"metadata":{"satisfaction_count":3784,"comprehension_count":3692,"contact_count":270,"contactReachability_count":272,"contactSatisfaction_count":217,"autonomy_count":3657}}
