{"data":{"satisfaction":9.19273943157392,"comprehension":8.899240009806325,"contact":6.533546325878595,"contact_reachability":0.8240740740740741,"contact_satisfaction":7.98828125,"autonomy":7.905604719764011},"metadata":{"satisfaction_count":4187,"comprehension_count":4079,"contact_count":313,"contactReachability_count":324,"contactSatisfaction_count":256,"autonomy_count":4068}}
