{"data":{"satisfaction":9.181424766977363,"comprehension":8.840089316386122,"contact":6.399581589958159,"contact_reachability":0.8090534979423868,"contact_satisfaction":7.941329179646937,"autonomy":7.930820215410107},"metadata":{"satisfaction_count":15020,"comprehension_count":14555,"contact_count":1195,"contactReachability_count":1215,"contactSatisfaction_count":963,"autonomy_count":14484}}
