{"data":{"satisfaction":9.076137418755803,"comprehension":8.80952380952381,"contact":5.79,"contact_reachability":0.7637795275590551,"contact_satisfaction":7.618421052631579,"autonomy":7.983247422680412},"metadata":{"satisfaction_count":3231,"comprehension_count":3129,"contact_count":250,"contactReachability_count":254,"contactSatisfaction_count":190,"autonomy_count":3104}}
