{"data":{"satisfaction":9.180069378744875,"comprehension":8.840971227704726,"contact":6.361483820047356,"contact_reachability":0.8035714285714286,"contact_satisfaction":7.948717948717949,"autonomy":7.900671315909535},"metadata":{"satisfaction_count":15855,"comprehension_count":15362,"contact_count":1267,"contactReachability_count":1288,"contactSatisfaction_count":1014,"autonomy_count":15343}}
