{"data":{"satisfaction":9.194608809993426,"comprehension":8.814591395401775,"contact":6.388888888888889,"contact_reachability":0.8054672600127145,"contact_satisfaction":7.962962962962963,"autonomy":7.8264308718006665},"metadata":{"satisfaction_count":18252,"comprehension_count":17572,"contact_count":1548,"contactReachability_count":1573,"contactSatisfaction_count":1242,"autonomy_count":17699}}
