{"data":{"satisfaction":9.220452181529534,"comprehension":8.833494263319324,"contact":6.488549618320611,"contact_reachability":0.8088658606793322,"contact_satisfaction":8.059810357403355,"autonomy":7.849629246421797},"metadata":{"satisfaction_count":18267,"comprehension_count":17606,"contact_count":1703,"contactReachability_count":1737,"contactSatisfaction_count":1371,"autonomy_count":17397}}
