{"data":{"satisfaction":9.203629032258064,"comprehension":8.893236857649143,"contact":6.22568093385214,"contact_reachability":0.8076923076923077,"contact_satisfaction":7.729468599033816,"autonomy":7.964285714285714},"metadata":{"satisfaction_count":3472,"comprehension_count":3386,"contact_count":257,"contactReachability_count":260,"contactSatisfaction_count":207,"autonomy_count":3360}}
