{"data":{"satisfaction":9.189820086540651,"comprehension":8.811101905550952,"contact":6.379080612924717,"contact_reachability":0.8040629095674967,"contact_satisfaction":7.965890183028286,"autonomy":7.855077594854547},"metadata":{"satisfaction_count":17564,"comprehension_count":16898,"contact_count":1501,"contactReachability_count":1526,"contactSatisfaction_count":1202,"autonomy_count":16947}}
