{"data":{"satisfaction":9.210403726708075,"comprehension":8.823955760764523,"contact":6.4352112676056334,"contact_reachability":0.8043117744610282,"contact_satisfaction":8.03835327234342,"autonomy":7.739535381650787},"metadata":{"satisfaction_count":19320,"comprehension_count":18626,"contact_count":1775,"contactReachability_count":1809,"contactSatisfaction_count":1421,"autonomy_count":18682}}
