{"data":{"satisfaction":9.135817602353518,"comprehension":8.838028169014084,"contact":6.306818181818182,"contact_reachability":0.7955271565495208,"contact_satisfaction":7.961065573770492,"autonomy":7.8508881661245935},"metadata":{"satisfaction_count":4079,"comprehension_count":3976,"contact_count":308,"contactReachability_count":313,"contactSatisfaction_count":244,"autonomy_count":3997}}
