{"data":{"satisfaction":9.606227106227106,"comprehension":9.312015503875969,"contact":7.888888888888889,"contact_reachability":0.8901098901098901,"contact_satisfaction":8.875,"autonomy":5.955734406438632},"metadata":{"satisfaction_count":546,"comprehension_count":516,"contact_count":90,"contactReachability_count":91,"contactSatisfaction_count":80,"autonomy_count":497}}
