{"data":{"satisfaction":9.580505860579889,"comprehension":9.20537491705375,"contact":6.3247863247863245,"contact_reachability":0.7427385892116183,"contact_satisfaction":8.604651162790697,"autonomy":6.26612355736592},"metadata":{"satisfaction_count":1621,"comprehension_count":1507,"contact_count":234,"contactReachability_count":241,"contactSatisfaction_count":172,"autonomy_count":1473}}
