{"data":{"satisfaction":9.572538860103627,"comprehension":9.281842818428185,"contact":5.714285714285714,"contact_reachability":0.6842105263157895,"contact_satisfaction":8.421052631578947,"autonomy":6.260623229461756},"metadata":{"satisfaction_count":386,"comprehension_count":369,"contact_count":56,"contactReachability_count":57,"contactSatisfaction_count":38,"autonomy_count":353}}
