{"data":{"satisfaction":9.587028824833704,"comprehension":9.273718326458456,"contact":7.021484375,"contact_reachability":0.8007662835249042,"contact_satisfaction":8.811274509803921,"autonomy":6.0989010989010985},"metadata":{"satisfaction_count":1804,"comprehension_count":1697,"contact_count":256,"contactReachability_count":261,"contactSatisfaction_count":204,"autonomy_count":1638}}
