{"data":{"satisfaction":9.569932685115932,"comprehension":9.170016077170418,"contact":5.943627450980392,"contact_reachability":0.7009345794392523,"contact_satisfaction":8.660714285714286,"autonomy":6.358381502890174},"metadata":{"satisfaction_count":1337,"comprehension_count":1244,"contact_count":204,"contactReachability_count":214,"contactSatisfaction_count":140,"autonomy_count":1211}}
