{"data":{"satisfaction":9.58075407990996,"comprehension":9.268402154398563,"contact":7.0059288537549405,"contact_reachability":0.7984496124031008,"contact_satisfaction":8.818407960199005,"autonomy":6.121437422552664},"metadata":{"satisfaction_count":1777,"comprehension_count":1671,"contact_count":253,"contactReachability_count":258,"contactSatisfaction_count":201,"autonomy_count":1614}}
