{"data":{"satisfaction":9.571106094808126,"comprehension":9.30023923444976,"contact":7.324561403508772,"contact_reachability":0.8245614035087719,"contact_satisfaction":8.882978723404255,"autonomy":6.049382716049383},"metadata":{"satisfaction_count":443,"comprehension_count":418,"contact_count":57,"contactReachability_count":57,"contactSatisfaction_count":47,"autonomy_count":405}}
