{"data":{"satisfaction":9.57427536231884,"comprehension":9.281609195402298,"contact":7.93956043956044,"contact_reachability":0.8913043478260869,"contact_satisfaction":8.919753086419753,"autonomy":5.9840954274353875},"metadata":{"satisfaction_count":552,"comprehension_count":522,"contact_count":91,"contactReachability_count":92,"contactSatisfaction_count":81,"autonomy_count":503}}
