{"data":{"satisfaction":9.626696832579185,"comprehension":9.361575178997613,"contact":6.9,"contact_reachability":0.8269230769230769,"contact_satisfaction":8.414634146341463,"autonomy":6.446078431372549},"metadata":{"satisfaction_count":442,"comprehension_count":419,"contact_count":50,"contactReachability_count":52,"contactSatisfaction_count":41,"autonomy_count":408}}
