{"data":{"satisfaction":9.57838850718301,"comprehension":9.255636604774535,"contact":6.978260869565218,"contact_reachability":0.7957446808510639,"contact_satisfaction":8.81868131868132,"autonomy":6.160164271047228},"metadata":{"satisfaction_count":1601,"comprehension_count":1508,"contact_count":230,"contactReachability_count":235,"contactSatisfaction_count":182,"autonomy_count":1461}}
