{"data":{"satisfaction":9.59486166007905,"comprehension":9.305845511482255,"contact":6.985294117647059,"contact_reachability":0.8235294117647058,"contact_satisfaction":8.482142857142858,"autonomy":6.056034482758621},"metadata":{"satisfaction_count":506,"comprehension_count":479,"contact_count":68,"contactReachability_count":68,"contactSatisfaction_count":56,"autonomy_count":464}}
