{"data":{"satisfaction":9.607142857142858,"comprehension":9.293071161048688,"contact":7.890625,"contact_reachability":0.8842105263157894,"contact_satisfaction":8.911764705882353,"autonomy":6.0271317829457365},"metadata":{"satisfaction_count":560,"comprehension_count":534,"contact_count":96,"contactReachability_count":95,"contactSatisfaction_count":85,"autonomy_count":516}}
