{"data":{"satisfaction":9.567343867569601,"comprehension":9.17677993527508,"contact":6.007462686567164,"contact_reachability":0.7014218009478673,"contact_satisfaction":8.75,"autonomy":6.367414796342477},"metadata":{"satisfaction_count":1329,"comprehension_count":1236,"contact_count":201,"contactReachability_count":211,"contactSatisfaction_count":138,"autonomy_count":1203}}
