{"data":{"satisfaction":9.579158316633267,"comprehension":9.199640287769784,"contact":6.238095238095238,"contact_reachability":0.7397260273972602,"contact_satisfaction":8.562091503267974,"autonomy":6.316947909024211},"metadata":{"satisfaction_count":1497,"comprehension_count":1390,"contact_count":210,"contactReachability_count":219,"contactSatisfaction_count":153,"autonomy_count":1363}}
