{"data":{"satisfaction":7.5041876046901175,"comprehension":7.084199584199585,"contact":3.6931818181818183,"contact_reachability":0.5729166666666666,"contact_satisfaction":6.914893617021277,"autonomy":5.022321428571429},"metadata":{"satisfaction_count":597,"comprehension_count":481,"contact_count":88,"contactReachability_count":96,"contactSatisfaction_count":47,"autonomy_count":448}}
