{"data":{"satisfaction":7.495921696574225,"comprehension":7.076612903225806,"contact":3.75,"contact_reachability":0.5816326530612245,"contact_satisfaction":6.887755102040816,"autonomy":5.054229934924078},"metadata":{"satisfaction_count":613,"comprehension_count":496,"contact_count":90,"contactReachability_count":98,"contactSatisfaction_count":49,"autonomy_count":461}}
