{"data":{"satisfaction":7.323529411764706,"comprehension":7.113970588235294,"contact":4.017857142857143,"contact_reachability":0.65625,"contact_satisfaction":6.617647058823529,"autonomy":4.728682170542636},"metadata":{"satisfaction_count":170,"comprehension_count":136,"contact_count":28,"contactReachability_count":32,"contactSatisfaction_count":17,"autonomy_count":129}}
