{"data":{"satisfaction":7.483498349834983,"comprehension":7.069672131147541,"contact":4.2682926829268295,"contact_reachability":0.6363636363636364,"contact_satisfaction":7,"autonomy":5.129310344827586},"metadata":{"satisfaction_count":606,"comprehension_count":488,"contact_count":82,"contactReachability_count":88,"contactSatisfaction_count":50,"autonomy_count":464}}
