{"data":{"satisfaction":7.470588235294118,"comprehension":7.012345679012346,"contact":3.1790123456790123,"contact_reachability":0.5542168674698795,"contact_satisfaction":5.8522727272727275,"autonomy":4.986807387862797},"metadata":{"satisfaction_count":510,"comprehension_count":405,"contact_count":81,"contactReachability_count":83,"contactSatisfaction_count":44,"autonomy_count":379}}
