{"data":{"satisfaction":7.517543859649122,"comprehension":7.078774617067833,"contact":4.230769230769231,"contact_reachability":0.6309523809523809,"contact_satisfaction":7.0212765957446805,"autonomy":5.2631578947368425},"metadata":{"satisfaction_count":570,"comprehension_count":457,"contact_count":78,"contactReachability_count":84,"contactSatisfaction_count":47,"autonomy_count":437}}
