{"data":{"satisfaction":7.363636363636363,"comprehension":7.159090909090909,"contact":4.017857142857143,"contact_reachability":0.65625,"contact_satisfaction":6.617647058823529,"autonomy":4.841269841269841},"metadata":{"satisfaction_count":165,"comprehension_count":132,"contact_count":28,"contactReachability_count":32,"contactSatisfaction_count":17,"autonomy_count":126}}
