{"data":{"satisfaction":7.504105090311987,"comprehension":7.094320486815416,"contact":3.6931818181818183,"contact_reachability":0.5729166666666666,"contact_satisfaction":6.914893617021277,"autonomy":5.043668122270742},"metadata":{"satisfaction_count":609,"comprehension_count":493,"contact_count":88,"contactReachability_count":96,"contactSatisfaction_count":47,"autonomy_count":458}}
