{"data":{"satisfaction":6.938775510204081,"comprehension":7.096774193548387,"contact":4.732142857142857,"contact_reachability":0.6785714285714286,"contact_satisfaction":6.973684210526316,"autonomy":4.912280701754386},"metadata":{"satisfaction_count":147,"comprehension_count":124,"contact_count":28,"contactReachability_count":28,"contactSatisfaction_count":19,"autonomy_count":114}}
