{"data":{"satisfaction":7.128378378378378,"comprehension":7.258064516129032,"contact":4.078947368421052,"contact_reachability":0.631578947368421,"contact_satisfaction":6.458333333333333,"autonomy":5.087719298245614},"metadata":{"satisfaction_count":148,"comprehension_count":124,"contact_count":19,"contactReachability_count":19,"contactSatisfaction_count":12,"autonomy_count":114}}
