{"data":{"satisfaction":7.467532467532467,"comprehension":7.440944881889764,"contact":5,"contact_reachability":0.7241379310344828,"contact_satisfaction":7.105263157894737,"autonomy":5.042735042735043},"metadata":{"satisfaction_count":154,"comprehension_count":127,"contact_count":27,"contactReachability_count":29,"contactSatisfaction_count":19,"autonomy_count":117}}
