{"data":{"satisfaction":7.115384615384615,"comprehension":7.297297297297297,"contact":3.8333333333333335,"contact_reachability":0.6,"contact_satisfaction":6.388888888888889,"autonomy":5.631067961165049},"metadata":{"satisfaction_count":130,"comprehension_count":111,"contact_count":15,"contactReachability_count":15,"contactSatisfaction_count":9,"autonomy_count":103}}
