{"data":{"satisfaction":7.329545454545454,"comprehension":7.191780821917808,"contact":4.420731707317073,"contact_reachability":0.6511627906976745,"contact_satisfaction":6.971153846153846,"autonomy":5.196078431372549},"metadata":{"satisfaction_count":528,"comprehension_count":438,"contact_count":82,"contactReachability_count":86,"contactSatisfaction_count":52,"autonomy_count":408}}
