{"data":{"satisfaction":4.75,"comprehension":3.4615384615384617,"contact":0.35714285714285715,"contact_reachability":0.42857142857142855,"contact_satisfaction":0.8333333333333334,"autonomy":3.076923076923077},"metadata":{"satisfaction_count":20,"comprehension_count":13,"contact_count":7,"contactReachability_count":7,"contactSatisfaction_count":3,"autonomy_count":13}}
