{"data":{"satisfaction":9.511516817170527,"comprehension":9.228598471569796,"contact":6.990118577075099,"contact_reachability":0.8316679477325134,"contact_satisfaction":8.453632887189293,"autonomy":7.805904214290723},"metadata":{"satisfaction_count":15282,"comprehension_count":14263,"contact_count":1265,"contactReachability_count":1301,"contactSatisfaction_count":1046,"autonomy_count":14261}}
