{"data":{"satisfaction":9.507560483870968,"comprehension":9.182427320868907,"contact":6.774193548387097,"contact_reachability":0.8199767711962834,"contact_satisfaction":8.313782991202347,"autonomy":7.8826224500927236},"metadata":{"satisfaction_count":9920,"comprehension_count":9253,"contact_count":837,"contactReachability_count":861,"contactSatisfaction_count":682,"autonomy_count":9167}}
