{"data":{"satisfaction":9.335211267605635,"comprehension":9.006390748630555,"contact":7.136363636363637,"contact_reachability":0.868421052631579,"contact_satisfaction":8.263157894736842,"autonomy":7.31176104542626},"metadata":{"satisfaction_count":1775,"comprehension_count":1643,"contact_count":220,"contactReachability_count":228,"contactSatisfaction_count":190,"autonomy_count":1607}}
