{"data":{"satisfaction":9.507498395285056,"comprehension":9.22991559862457,"contact":7.032967032967033,"contact_reachability":0.835113484646195,"contact_satisfaction":8.46980976013234,"autonomy":7.820399949691863},"metadata":{"satisfaction_count":17137,"comprehension_count":15995,"contact_count":1456,"contactReachability_count":1498,"contactSatisfaction_count":1209,"autonomy_count":15902}}
