{"data":{"satisfaction":9.405066232860795,"comprehension":9.010396975425332,"contact":6.713211600429646,"contact_reachability":0.8128286014721346,"contact_satisfaction":8.300132802124834,"autonomy":7.540420114576703},"metadata":{"satisfaction_count":8606,"comprehension_count":7935,"contact_count":931,"contactReachability_count":951,"contactSatisfaction_count":753,"autonomy_count":7855}}
