{"data":{"satisfaction":9.581700626959247,"comprehension":9.342544316996872,"contact":7.2023004059539915,"contact_reachability":0.8414795244385733,"contact_satisfaction":8.598546042003232,"autonomy":8.060772314834352},"metadata":{"satisfaction_count":10208,"comprehension_count":9590,"contact_count":739,"contactReachability_count":757,"contactSatisfaction_count":619,"autonomy_count":9478}}
