{"data":{"satisfaction":9.413307894109229,"comprehension":9.018827639751553,"contact":6.651933701657459,"contact_reachability":0.8071895424836601,"contact_satisfaction":8.26923076923077,"autonomy":7.561039300169735},"metadata":{"satisfaction_count":8386,"comprehension_count":7728,"contact_count":905,"contactReachability_count":918,"contactSatisfaction_count":728,"autonomy_count":7659}}
