{"data":{"satisfaction":9.328110161443496,"comprehension":8.999233128834355,"contact":6.94,"contact_reachability":0.8467432950191571,"contact_satisfaction":8.261904761904763,"autonomy":7.41901776384535},"metadata":{"satisfaction_count":2106,"comprehension_count":1956,"contact_count":250,"contactReachability_count":261,"contactSatisfaction_count":210,"autonomy_count":1914}}
