{"data":{"satisfaction":9.566806274123348,"comprehension":9.330619035110761,"contact":7.216157205240175,"contact_reachability":0.8421610169491526,"contact_satisfaction":8.61799217731421,"autonomy":7.956885173779146},"metadata":{"satisfaction_count":12177,"comprehension_count":11421,"contact_count":916,"contactReachability_count":944,"contactSatisfaction_count":767,"autonomy_count":11365}}
