{"data":{"satisfaction":9.400868968671393,"comprehension":9.012725015518312,"contact":6.67610710607621,"contact_reachability":0.8145161290322581,"contact_satisfaction":8.23697585768742,"autonomy":7.525087807325639},"metadata":{"satisfaction_count":8746,"comprehension_count":8055,"contact_count":971,"contactReachability_count":992,"contactSatisfaction_count":787,"autonomy_count":7972}}
