{"data":{"satisfaction":9.580462482302973,"comprehension":9.343771991555244,"contact":7.198675496688741,"contact_reachability":0.8404118404118404,"contact_satisfaction":8.613312202852615,"autonomy":8.051605038602194},"metadata":{"satisfaction_count":10595,"comprehension_count":9947,"contact_count":755,"contactReachability_count":777,"contactSatisfaction_count":631,"autonomy_count":9844}}
