{"data":{"satisfaction":9.562733465172489,"comprehension":9.319141449683322,"contact":7.257677543186181,"contact_reachability":0.8442164179104478,"contact_satisfaction":8.642857142857142,"autonomy":7.932232841007819},"metadata":{"satisfaction_count":13653,"comprehension_count":12789,"contact_count":1042,"contactReachability_count":1072,"contactSatisfaction_count":875,"autonomy_count":12661}}
