{"data":{"satisfaction":9.394109396914446,"comprehension":8.975829891387487,"contact":6.710362047440699,"contact_reachability":0.818070818070818,"contact_satisfaction":8.243865030674847,"autonomy":7.478154223516786},"metadata":{"satisfaction_count":7130,"comprehension_count":6537,"contact_count":801,"contactReachability_count":819,"contactSatisfaction_count":652,"autonomy_count":6523}}
