{"data":{"satisfaction":9.413338088445078,"comprehension":9.01722358405367,"contact":6.6629955947136565,"contact_reachability":0.8078175895765473,"contact_satisfaction":8.276333789329685,"autonomy":7.5625},"metadata":{"satisfaction_count":8412,"comprehension_count":7751,"contact_count":908,"contactReachability_count":921,"contactSatisfaction_count":731,"autonomy_count":7680}}
