{"data":{"satisfaction":9.320577899258103,"comprehension":8.982643245503974,"contact":6.861702127659575,"contact_reachability":0.8321917808219178,"contact_satisfaction":8.304721030042918,"autonomy":7.508532423208191},"metadata":{"satisfaction_count":2561,"comprehension_count":2391,"contact_count":282,"contactReachability_count":292,"contactSatisfaction_count":233,"autonomy_count":2344}}
