{"data":{"satisfaction":9.40417194883024,"comprehension":9.010755377688845,"contact":6.730769230769231,"contact_reachability":0.8164948453608247,"contact_satisfaction":8.284695201037614,"autonomy":7.53220510229856},"metadata":{"satisfaction_count":8677,"comprehension_count":7996,"contact_count":949,"contactReachability_count":970,"contactSatisfaction_count":771,"autonomy_count":7918}}
