{"data":{"satisfaction":9.404365307294658,"comprehension":9.011656900635831,"contact":6.732180293501048,"contact_reachability":0.8174358974358974,"contact_satisfaction":8.276417525773196,"autonomy":7.534022177419355},"metadata":{"satisfaction_count":8705,"comprehension_count":8021,"contact_count":954,"contactReachability_count":975,"contactSatisfaction_count":776,"autonomy_count":7936}}
