{"data":{"satisfaction":9.510574018126889,"comprehension":9.224795052495326,"contact":6.989591673338671,"contact_reachability":0.8321623731459797,"contact_satisfaction":8.44294003868472,"autonomy":7.83387504514265},"metadata":{"satisfaction_count":14895,"comprehension_count":13906,"contact_count":1249,"contactReachability_count":1281,"contactSatisfaction_count":1034,"autonomy_count":13845}}
