{"data":{"satisfaction":9.40107440850383,"comprehension":9.01297008812213,"contact":6.67610710607621,"contact_reachability":0.8145161290322581,"contact_satisfaction":8.23697585768742,"autonomy":7.523510971786834},"metadata":{"satisfaction_count":8749,"comprehension_count":8057,"contact_count":971,"contactReachability_count":992,"contactSatisfaction_count":787,"autonomy_count":7975}}
