{"data":{"satisfaction":9.564098439761944,"comprehension":9.32778873360199,"contact":7.2298728813559325,"contact_reachability":0.8436213991769548,"contact_satisfaction":8.617424242424242,"autonomy":7.800152297148659},"metadata":{"satisfaction_count":12434,"comprehension_count":11663,"contact_count":944,"contactReachability_count":972,"contactSatisfaction_count":792,"autonomy_count":11819}}
