{"data":{"satisfaction":9.423076923076923,"comprehension":9.253048780487806,"contact":4.857142857142857,"contact_reachability":0.7714285714285715,"contact_satisfaction":6.296296296296297,"autonomy":6.91358024691358},"metadata":{"satisfaction_count":182,"comprehension_count":164,"contact_count":35,"contactReachability_count":35,"contactSatisfaction_count":27,"autonomy_count":162}}
