{"data":{"satisfaction":9.317111459968602,"comprehension":8.982338099243062,"contact":6.861702127659575,"contact_reachability":0.8321917808219178,"contact_satisfaction":8.304721030042918,"autonomy":7.509644234890699},"metadata":{"satisfaction_count":2548,"comprehension_count":2378,"contact_count":282,"contactReachability_count":292,"contactSatisfaction_count":233,"autonomy_count":2333}}
