{"data":{"satisfaction":9.364773820981712,"comprehension":9.02938090241343,"contact":7.016666666666667,"contact_reachability":0.8888888888888888,"contact_satisfaction":7.913533834586466,"autonomy":7.124600638977636},"metadata":{"satisfaction_count":1039,"comprehension_count":953,"contact_count":150,"contactReachability_count":153,"contactSatisfaction_count":133,"autonomy_count":939}}
