{"data":{"satisfaction":9.508502695976773,"comprehension":9.23031746031746,"contact":7.0203081232493,"contact_reachability":0.8340136054421768,"contact_satisfaction":8.46706081081081,"autonomy":7.831086692646777},"metadata":{"satisfaction_count":16877,"comprehension_count":15750,"contact_count":1428,"contactReachability_count":1470,"contactSatisfaction_count":1184,"autonomy_count":15653}}
