{"data":{"satisfaction":9.33538883179171,"comprehension":9.00991917707568,"contact":6.76791277258567,"contact_reachability":0.8157099697885196,"contact_satisfaction":8.35576923076923,"autonomy":7.572924457741212},"metadata":{"satisfaction_count":2919,"comprehension_count":2722,"contact_count":321,"contactReachability_count":331,"contactSatisfaction_count":260,"autonomy_count":2674}}
