{"data":{"satisfaction":9.470656670113755,"comprehension":9.136363636363637,"contact":6.761119081779053,"contact_reachability":0.8259052924791086,"contact_satisfaction":8.238636363636363,"autonomy":7.76319463836917},"metadata":{"satisfaction_count":7736,"comprehension_count":7205,"contact_count":697,"contactReachability_count":718,"contactSatisfaction_count":572,"autonomy_count":7162}}
