{"data":{"satisfaction":9.338792841977556,"comprehension":9.003887269193392,"contact":6.564245810055866,"contact_reachability":0.8005464480874317,"contact_satisfaction":8.24561403508772,"autonomy":7.590759075907591},"metadata":{"satisfaction_count":3297,"comprehension_count":3087,"contact_count":358,"contactReachability_count":366,"contactSatisfaction_count":285,"autonomy_count":3030}}
