{"data":{"satisfaction":9.392852117630506,"comprehension":8.973522640061397,"contact":6.711853720050441,"contact_reachability":0.8175092478421702,"contact_satisfaction":8.251937984496124,"autonomy":7.4800123001230014},"metadata":{"satisfaction_count":7107,"comprehension_count":6515,"contact_count":793,"contactReachability_count":811,"contactSatisfaction_count":645,"autonomy_count":6504}}
