{"data":{"satisfaction":9.713375796178344,"comprehension":9.362068965517242,"contact":6.458333333333333,"contact_reachability":0.875,"contact_satisfaction":7.380952380952381,"autonomy":7.214285714285714},"metadata":{"satisfaction_count":157,"comprehension_count":145,"contact_count":24,"contactReachability_count":24,"contactSatisfaction_count":21,"autonomy_count":140}}
