{"data":{"satisfaction":9.342146189735614,"comprehension":9.007976071784647,"contact":6.64756446991404,"contact_reachability":0.8095238095238095,"contact_satisfaction":8.256227758007118,"autonomy":7.603249830737982},"metadata":{"satisfaction_count":3215,"comprehension_count":3009,"contact_count":349,"contactReachability_count":357,"contactSatisfaction_count":281,"autonomy_count":2954}}
