{"data":{"satisfaction":9.643809523809523,"comprehension":9.374621441550575,"contact":6.901515151515151,"contact_reachability":0.8205882352941176,"contact_satisfaction":8.466542750929367,"autonomy":8.211448360154817},"metadata":{"satisfaction_count":5250,"comprehension_count":4953,"contact_count":330,"contactReachability_count":340,"contactSatisfaction_count":269,"autonomy_count":4909}}
