{"data":{"satisfaction":9.68503937007874,"comprehension":9.318181818181818,"contact":6.447368421052632,"contact_reachability":0.8947368421052632,"contact_satisfaction":7.205882352941177,"autonomy":7.35042735042735},"metadata":{"satisfaction_count":127,"comprehension_count":121,"contact_count":19,"contactReachability_count":19,"contactSatisfaction_count":17,"autonomy_count":117}}
