{"data":{"satisfaction":9.645528455284554,"comprehension":9.394095434260214,"contact":6.953125,"contact_reachability":0.8442211055276382,"contact_satisfaction":8.29192546583851,"autonomy":8.238359972202918},"metadata":{"satisfaction_count":3075,"comprehension_count":2913,"contact_count":192,"contactReachability_count":199,"contactSatisfaction_count":161,"autonomy_count":2878}}
