{"data":{"satisfaction":5.562601187263897,"comprehension":5.795562036891061,"contact":4.078621543541065,"contact_reachability":0.6308562197092084,"contact_satisfaction":6.549039098740888,"autonomy":3.5126610006133356},"metadata":{"satisfaction_count":14824,"comprehension_count":12686,"contact_count":2423,"contactReachability_count":2476,"contactSatisfaction_count":1509,"autonomy_count":11413}}
