{"data":{"satisfaction":8.177083333333334,"comprehension":7.700787401574803,"contact":5.1923076923076925,"contact_reachability":0.7215189873417721,"contact_satisfaction":7.232142857142857,"autonomy":4.016528925619835},"metadata":{"satisfaction_count":768,"comprehension_count":635,"contact_count":78,"contactReachability_count":79,"contactSatisfaction_count":56,"autonomy_count":605}}
