{"data":{"satisfaction":5.433845529692175,"comprehension":5.70696538163618,"contact":3.736162361623616,"contact_reachability":0.6132953957578893,"contact_satisfaction":6.1657242279251845,"autonomy":3.491040869740286},"metadata":{"satisfaction_count":19719,"comprehension_count":16783,"contact_count":3794,"contactReachability_count":3866,"contactSatisfaction_count":2299,"autonomy_count":14901}}
