{"data":{"satisfaction":6.127372892605868,"comprehension":6.1885469419555905,"contact":4.359662576687117,"contact_reachability":0.682409817776125,"contact_satisfaction":6.482326111744584,"autonomy":3.312930374904361},"metadata":{"satisfaction_count":15066,"comprehension_count":12835,"contact_count":2608,"contactReachability_count":2689,"contactSatisfaction_count":1754,"autonomy_count":11763}}
