{"data":{"satisfaction":5.464488439706493,"comprehension":5.723806822785836,"contact":4.012113617376775,"contact_reachability":0.623212096444626,"contact_satisfaction":6.525135869565218,"autonomy":3.5275576368876083},"metadata":{"satisfaction_count":14446,"comprehension_count":12341,"contact_count":2394,"contactReachability_count":2447,"contactSatisfaction_count":1472,"autonomy_count":11104}}
