{"data":{"satisfaction":5.77344459582198,"comprehension":5.948442606549723,"contact":4.120825147347741,"contact_reachability":0.6541281479120179,"contact_satisfaction":6.391569324530218,"autonomy":3.4585963609357595},"metadata":{"satisfaction_count":17616,"comprehension_count":14993,"contact_count":3054,"contactReachability_count":3137,"contactSatisfaction_count":1969,"autonomy_count":13465}}
