{"data":{"satisfaction":5.540791578512823,"comprehension":5.8108108108108105,"contact":4.025783767946089,"contact_reachability":0.6429794520547946,"contact_satisfaction":6.35522664199815,"autonomy":3.5521476649781416},"metadata":{"satisfaction_count":19379,"comprehension_count":16428,"contact_count":3413,"contactReachability_count":3504,"contactSatisfaction_count":2162,"autonomy_count":14411}}
