{"data":{"satisfaction":2.1774193548387095,"comprehension":3.4530601659751037,"contact":2.154228855721393,"contact_reachability":0.5266798418972332,"contact_satisfaction":4.11596958174905,"autonomy":2.6055045871559632},"metadata":{"satisfaction_count":2294,"comprehension_count":1928,"contact_count":1005,"contactReachability_count":1012,"contactSatisfaction_count":526,"autonomy_count":1635}}
