{"data":{"satisfaction":5.502292479299254,"comprehension":5.7543206913106095,"contact":4.035832642916321,"contact_reachability":0.6262667207134172,"contact_satisfaction":6.529825737265416,"autonomy":3.5396811258573084},"metadata":{"satisfaction_count":14613,"comprehension_count":12498,"contact_count":2414,"contactReachability_count":2467,"contactSatisfaction_count":1492,"autonomy_count":11227}}
