{"data":{"satisfaction":2.389824435686134,"comprehension":3.663015463917526,"contact":2.2387387387387387,"contact_reachability":0.5219337511190689,"contact_satisfaction":4.314236111111111,"autonomy":2.8255404725992963},"metadata":{"satisfaction_count":2791,"comprehension_count":2328,"contact_count":1110,"contactReachability_count":1117,"contactSatisfaction_count":576,"autonomy_count":1989}}
