{"data":{"satisfaction":2.1382488479262673,"comprehension":3.4185918591859186,"contact":2.1094552929085304,"contact_reachability":0.523469387755102,"contact_satisfaction":4.0563241106719365,"autonomy":2.551813471502591},"metadata":{"satisfaction_count":2170,"comprehension_count":1818,"contact_count":973,"contactReachability_count":980,"contactSatisfaction_count":506,"autonomy_count":1544}}
