{"data":{"satisfaction":5.42473580421702,"comprehension":5.699518802352522,"contact":3.7235846595356117,"contact_reachability":0.6123911930363544,"contact_satisfaction":6.154592496765847,"autonomy":3.494565946598685},"metadata":{"satisfaction_count":19777,"comprehension_count":16833,"contact_count":3833,"contactReachability_count":3906,"contactSatisfaction_count":2319,"autonomy_count":14906}}
