{"data":{"satisfaction":5.62771285475793,"comprehension":5.8310589519650655,"contact":4.102801812937783,"contact_reachability":0.6325543916196615,"contact_satisfaction":6.572607260726072,"autonomy":3.452796458670299},"metadata":{"satisfaction_count":14975,"comprehension_count":12824,"contact_count":2427,"contactReachability_count":2482,"contactSatisfaction_count":1515,"autonomy_count":11747}}
