{"data":{"satisfaction":6.076751636718206,"comprehension":6.114081996434938,"contact":4.379202151501569,"contact_reachability":0.6558669001751314,"contact_satisfaction":6.7612456747404845,"autonomy":3.500580305329881},"metadata":{"satisfaction_count":14358,"comprehension_count":12342,"contact_count":2231,"contactReachability_count":2284,"contactSatisfaction_count":1445,"autonomy_count":11201}}
