{"data":{"satisfaction":5.530233035622626,"comprehension":5.805831415768439,"contact":4.011204889406287,"contact_reachability":0.6404876665721576,"contact_satisfaction":6.357241697416974,"autonomy":3.5289686344336393},"metadata":{"satisfaction_count":19482,"comprehension_count":16514,"contact_count":3436,"contactReachability_count":3527,"contactSatisfaction_count":2168,"autonomy_count":14602}}
