{"data":{"satisfaction":5.691135365366698,"comprehension":5.872756933115824,"contact":4.135687732342007,"contact_reachability":0.6348949919224556,"contact_satisfaction":6.600197758734344,"autonomy":3.456569777324494},"metadata":{"satisfaction_count":15026,"comprehension_count":12873,"contact_count":2421,"contactReachability_count":2476,"contactSatisfaction_count":1517,"autonomy_count":11766}}
