{"data":{"satisfaction":5.815423146368455,"comprehension":5.97524650780608,"contact":4.147286821705427,"contact_reachability":0.6570491803278689,"contact_satisfaction":6.405517959396148,"autonomy":3.445103406326034},"metadata":{"satisfaction_count":17169,"comprehension_count":14604,"contact_count":2967,"contactReachability_count":3050,"contactSatisfaction_count":1921,"autonomy_count":13152}}
