{"data":{"satisfaction":5.784285632414465,"comprehension":5.961344198262509,"contact":4.125412541254126,"contact_reachability":0.6543527144233858,"contact_satisfaction":6.397134083930399,"autonomy":3.454627133872417},"metadata":{"satisfaction_count":17449,"comprehension_count":14849,"contact_count":3030,"contactReachability_count":3113,"contactSatisfaction_count":1954,"autonomy_count":13356}}
