{"data":{"satisfaction":5.558383544566798,"comprehension":5.817663992160226,"contact":4.034242514082419,"contact_reachability":0.6434757505773672,"contact_satisfaction":6.364593077642657,"autonomy":3.513793103448276},"metadata":{"satisfaction_count":19252,"comprehension_count":16327,"contact_count":3373,"contactReachability_count":3464,"contactSatisfaction_count":2138,"autonomy_count":14500}}
