{"data":{"satisfaction":2.3710762331838566,"comprehension":3.650580875781948,"contact":2.240740740740741,"contact_reachability":0.5220994475138122,"contact_satisfaction":4.313725490196078,"autonomy":2.756276150627615},"metadata":{"satisfaction_count":2676,"comprehension_count":2238,"contact_count":1080,"contactReachability_count":1086,"contactSatisfaction_count":561,"autonomy_count":1912}}
