{"data":{"satisfaction":6.198153304997802,"comprehension":6.186765457332652,"contact":4.5131578947368425,"contact_reachability":0.6710219318712086,"contact_satisfaction":6.810469314079422,"autonomy":3.4634419647025867},"metadata":{"satisfaction_count":13646,"comprehension_count":11742,"contact_count":2090,"contactReachability_count":2143,"contactSatisfaction_count":1385,"autonomy_count":10709}}
