{"data":{"satisfaction":2.327133036797412,"comprehension":3.5619575699132113,"contact":2.1907957813998085,"contact_reachability":0.52,"contact_satisfaction":4.2393320964749535,"autonomy":2.7082152974504248},"metadata":{"satisfaction_count":2473,"comprehension_count":2074,"contact_count":1043,"contactReachability_count":1050,"contactSatisfaction_count":539,"autonomy_count":1765}}
