{"data":{"satisfaction":1.8831168831168832,"comprehension":3.4671848013816926,"contact":1.6624685138539044,"contact_reachability":0.5037406483790524,"contact_satisfaction":3.3333333333333335,"autonomy":2.5656565656565657},"metadata":{"satisfaction_count":693,"comprehension_count":579,"contact_count":397,"contactReachability_count":401,"contactSatisfaction_count":198,"autonomy_count":495}}
