{"data":{"satisfaction":5.714911800153391,"comprehension":5.902531727114604,"contact":4.1084905660377355,"contact_reachability":0.6522803795531068,"contact_satisfaction":6.39187866927593,"autonomy":3.4078409251163446},"metadata":{"satisfaction_count":18254,"comprehension_count":15523,"contact_count":3180,"contactReachability_count":3267,"contactSatisfaction_count":2044,"autonomy_count":14182}}
