{"data":{"satisfaction":6.592555994729908,"comprehension":6.445849236641221,"contact":4.816017316017316,"contact_reachability":0.69826224328594,"contact_satisfaction":6.980392156862745,"autonomy":3.3804573804573805},"metadata":{"satisfaction_count":12144,"comprehension_count":10480,"contact_count":1848,"contactReachability_count":1899,"contactSatisfaction_count":1275,"autonomy_count":9620}}
