{"data":{"satisfaction":7.118350214435623,"comprehension":6.789526527161277,"contact":5.2107337780473015,"contact_reachability":0.7363363363363363,"contact_satisfaction":7.101239669421488,"autonomy":3.3046042186436835},"metadata":{"satisfaction_count":10959,"comprehension_count":9462,"contact_count":1649,"contactReachability_count":1665,"contactSatisfaction_count":1210,"autonomy_count":8818}}
