{"data":{"satisfaction":2.335552075176194,"comprehension":3.5979887745556596,"contact":2.225609756097561,"contact_reachability":0.5242537313432836,"contact_satisfaction":4.267086330935252,"autonomy":2.7043335161821176},"metadata":{"satisfaction_count":2554,"comprehension_count":2138,"contact_count":1066,"contactReachability_count":1072,"contactSatisfaction_count":556,"autonomy_count":1823}}
