{"data":{"satisfaction":6.055578598092078,"comprehension":6.092857717365077,"contact":4.359973285841496,"contact_reachability":0.6550674206176599,"contact_satisfaction":6.739504473503097,"autonomy":3.5017282637596385},"metadata":{"satisfaction_count":14466,"comprehension_count":12433,"contact_count":2246,"contactReachability_count":2299,"contactSatisfaction_count":1453,"autonomy_count":11283}}
