{"data":{"satisfaction":5.920450327848571,"comprehension":6.0499345835150455,"contact":4.232708933717579,"contact_reachability":0.6681834091704585,"contact_satisfaction":6.427789934354486,"autonomy":3.4482195360993138},"metadata":{"satisfaction_count":16166,"comprehension_count":13758,"contact_count":2776,"contactReachability_count":2857,"contactSatisfaction_count":1828,"autonomy_count":12244}}
