{"data":{"satisfaction":5.503114397123614,"comprehension":5.783546421316764,"contact":4.006282124500285,"contact_reachability":0.6392986362371278,"contact_satisfaction":6.359927470534905,"autonomy":3.511584051724138},"metadata":{"satisfaction_count":19747,"comprehension_count":16738,"contact_count":3502,"contactReachability_count":3593,"contactSatisfaction_count":2206,"autonomy_count":14848}}
