{"data":{"satisfaction":5.943427956410601,"comprehension":6.016610514769255,"contact":4.286480686695279,"contact_reachability":0.6487845766974015,"contact_satisfaction":6.694034852546917,"autonomy":3.447630392240279},"metadata":{"satisfaction_count":14866,"comprehension_count":12763,"contact_count":2330,"contactReachability_count":2386,"contactSatisfaction_count":1492,"autonomy_count":11753}}
