{"data":{"satisfaction":7.123387908167932,"comprehension":6.793887064307659,"contact":5.214891041162228,"contact_reachability":0.7362110311750599,"contact_satisfaction":7.108085808580858,"autonomy":3.3015223812769827},"metadata":{"satisfaction_count":10933,"comprehension_count":9439,"contact_count":1652,"contactReachability_count":1668,"contactSatisfaction_count":1212,"autonomy_count":8802}}
