{"data":{"satisfaction":5.508474576271187,"comprehension":5.78754414317352,"contact":4.002145922746781,"contact_reachability":0.6388733965421082,"contact_satisfaction":6.357954545454546,"autonomy":3.511090136857008},"metadata":{"satisfaction_count":19706,"comprehension_count":16707,"contact_count":3495,"contactReachability_count":3586,"contactSatisfaction_count":2200,"autonomy_count":14833}}
