{"data":{"satisfaction":5.608718626155879,"comprehension":5.845634030891879,"contact":4.070367000303306,"contact_reachability":0.6474756421612046,"contact_satisfaction":6.381359961959106,"autonomy":3.4203512608487663},"metadata":{"satisfaction_count":18925,"comprehension_count":16056,"contact_count":3297,"contactReachability_count":3387,"contactSatisfaction_count":2103,"autonomy_count":14633}}
