{"data":{"satisfaction":1.914590747330961,"comprehension":3.3142978003384096,"contact":1.997978436657682,"contact_reachability":0.5214477211796247,"contact_satisfaction":3.8506493506493507,"autonomy":2.502482621648461},"metadata":{"satisfaction_count":1405,"comprehension_count":1182,"contact_count":742,"contactReachability_count":746,"contactSatisfaction_count":385,"autonomy_count":1007}}
