{"data":{"satisfaction":6.433762301286904,"comprehension":6.389234046329991,"contact":4.528846153846154,"contact_reachability":0.7046894803548795,"contact_satisfaction":6.457952468007313,"autonomy":3.2513608087091757},"metadata":{"satisfaction_count":13210,"comprehension_count":11267,"contact_count":2340,"contactReachability_count":2367,"contactSatisfaction_count":1641,"autonomy_count":10288}}
