{"data":{"satisfaction":5.432677684274561,"comprehension":5.706075044669446,"contact":3.731931668856767,"contact_reachability":0.6128449832344597,"contact_satisfaction":6.163194444444445,"autonomy":3.4905723679796012},"metadata":{"satisfaction_count":19726,"comprehension_count":16790,"contact_count":3805,"contactReachability_count":3877,"contactSatisfaction_count":2304,"autonomy_count":14903}}
