{"data":{"satisfaction":4.597917269308649,"comprehension":5.150455013736264,"contact":3.1854974704890386,"contact_reachability":0.5670650730411687,"contact_satisfaction":5.686333534015653,"autonomy":3.472949389179756},"metadata":{"satisfaction_count":13828,"comprehension_count":11648,"contact_count":2965,"contactReachability_count":3012,"contactSatisfaction_count":1661,"autonomy_count":10314}}
