{"data":{"satisfaction":5.842789286185512,"comprehension":5.961108971890643,"contact":4.245382031905962,"contact_reachability":0.6461664616646167,"contact_satisfaction":6.657340355497038,"autonomy":3.469885598923284},"metadata":{"satisfaction_count":15158,"comprehension_count":12985,"contact_count":2382,"contactReachability_count":2439,"contactSatisfaction_count":1519,"autonomy_count":11888}}
