{"data":{"satisfaction":5.538680588514476,"comprehension":5.780432715168806,"contact":4.051260851591567,"contact_reachability":0.6274271844660194,"contact_satisfaction":6.542056074766355,"autonomy":3.522837278887618},"metadata":{"satisfaction_count":14749,"comprehension_count":12618,"contact_count":2419,"contactReachability_count":2472,"contactSatisfaction_count":1498,"autonomy_count":11363}}
