{"data":{"satisfaction":5.581042157632888,"comprehension":5.828754861411198,"contact":4.037597363690833,"contact_reachability":0.6438156359393232,"contact_satisfaction":6.366320264525272,"autonomy":3.473568433353956},"metadata":{"satisfaction_count":19095,"comprehension_count":16199,"contact_count":3338,"contactReachability_count":3428,"contactSatisfaction_count":2117,"autonomy_count":14547}}
