{"data":{"satisfaction":6.295833333333333,"comprehension":6.2552798310454065,"contact":4.59741550695825,"contact_reachability":0.6766844401357247,"contact_satisfaction":6.877323420074349,"autonomy":3.437168482978108},"metadata":{"satisfaction_count":13200,"comprehension_count":11364,"contact_count":2012,"contactReachability_count":2063,"contactSatisfaction_count":1345,"autonomy_count":10369}}
