{"data":{"satisfaction":5.114814224206666,"comprehension":5.490177648275214,"contact":3.872456223379082,"contact_reachability":0.6049210770659239,"contact_satisfaction":6.483755942947702,"autonomy":3.5561186780698977},"metadata":{"satisfaction_count":12542,"comprehension_count":10639,"contact_count":2113,"contactReachability_count":2154,"contactSatisfaction_count":1262,"autonomy_count":9471}}
