{"data":{"satisfaction":5.748081414748081,"comprehension":5.907622236063531,"contact":4.186923721709975,"contact_reachability":0.6403113478082753,"contact_satisfaction":6.6246684350132625,"autonomy":3.4512070724243453},"metadata":{"satisfaction_count":14985,"comprehension_count":12844,"contact_count":2386,"contactReachability_count":2441,"contactSatisfaction_count":1508,"autonomy_count":11764}}
