{"data":{"satisfaction":5.536734798949698,"comprehension":5.8084305150631685,"contact":4.015771028037383,"contact_reachability":0.6415362731152204,"contact_satisfaction":6.353974121996303,"autonomy":3.5745095310978154},"metadata":{"satisfaction_count":19423,"comprehension_count":16464,"contact_count":3424,"contactReachability_count":3515,"contactSatisfaction_count":2164,"autonomy_count":14374}}
