{"data":{"satisfaction":6.131007148418147,"comprehension":6.143698032435992,"contact":4.442158207590307,"contact_reachability":0.6611607142857143,"contact_satisfaction":6.803221288515406,"autonomy":3.486919525663076},"metadata":{"satisfaction_count":14129,"comprehension_count":12147,"contact_count":2187,"contactReachability_count":2240,"contactSatisfaction_count":1428,"autonomy_count":11047}}
