{"data":{"satisfaction":2.1343146274149034,"comprehension":3.4198242723778143,"contact":2.1102564102564103,"contact_reachability":0.5234215885947047,"contact_satisfaction":4.058185404339251,"autonomy":2.548512289780078},"metadata":{"satisfaction_count":2174,"comprehension_count":1821,"contact_count":975,"contactReachability_count":982,"contactSatisfaction_count":507,"autonomy_count":1546}}
