{"data":{"satisfaction":8.788474132285527,"comprehension":8.577803974402155,"contact":4.095744680851064,"contact_reachability":0.5766283524904214,"contact_satisfaction":7.153716216216216,"autonomy":7.201353637901861},"metadata":{"satisfaction_count":3054,"comprehension_count":2969,"contact_count":517,"contactReachability_count":522,"contactSatisfaction_count":296,"autonomy_count":2955}}
