{"data":{"satisfaction":8.760288065843621,"comprehension":8.549840933191941,"contact":3.8793103448275863,"contact_reachability":0.5227272727272727,"contact_satisfaction":7.5,"autonomy":7.304812834224599},"metadata":{"satisfaction_count":972,"comprehension_count":943,"contact_count":174,"contactReachability_count":176,"contactSatisfaction_count":90,"autonomy_count":935}}
