{"data":{"satisfaction":8.776328986960882,"comprehension":8.555900621118013,"contact":3.857142857142857,"contact_reachability":0.519774011299435,"contact_satisfaction":7.5,"autonomy":7.322175732217573},"metadata":{"satisfaction_count":997,"comprehension_count":966,"contact_count":175,"contactReachability_count":177,"contactSatisfaction_count":90,"autonomy_count":956}}
