{"data":{"satisfaction":8.778756035217269,"comprehension":8.486115258286056,"contact":3.9305054151624548,"contact_reachability":0.5482142857142858,"contact_satisfaction":7.23421926910299,"autonomy":7.254545454545455},"metadata":{"satisfaction_count":3521,"comprehension_count":3349,"contact_count":554,"contactReachability_count":560,"contactSatisfaction_count":301,"autonomy_count":3300}}
