{"data":{"satisfaction":8.71614301191766,"comprehension":8.614827201783724,"contact":3.9786585365853657,"contact_reachability":0.5542168674698795,"contact_satisfaction":7.25,"autonomy":7.280898876404494},"metadata":{"satisfaction_count":923,"comprehension_count":897,"contact_count":164,"contactReachability_count":166,"contactSatisfaction_count":90,"autonomy_count":890}}
