{"data":{"satisfaction":8.789363191042687,"comprehension":8.438668661181751,"contact":3.9285714285714284,"contact_reachability":0.5464601769911505,"contact_satisfaction":7.242798353909465,"autonomy":7.15761285386381},"metadata":{"satisfaction_count":2858,"comprehension_count":2674,"contact_count":448,"contactReachability_count":452,"contactSatisfaction_count":243,"autonomy_count":2614}}
