{"data":{"satisfaction":8.76362593230063,"comprehension":8.45709068776628,"contact":3.978494623655914,"contact_reachability":0.5520282186948854,"contact_satisfaction":7.302631578947368,"autonomy":7.165109034267913},"metadata":{"satisfaction_count":3486,"comprehension_count":3286,"contact_count":558,"contactReachability_count":567,"contactSatisfaction_count":304,"autonomy_count":3210}}
