{"data":{"satisfaction":8.740963855421686,"comprehension":8.539360393603936,"contact":3.615107913669065,"contact_reachability":0.5531914893617021,"contact_satisfaction":6.6118421052631575,"autonomy":7.11276332094176},"metadata":{"satisfaction_count":830,"comprehension_count":813,"contact_count":139,"contactReachability_count":141,"contactSatisfaction_count":76,"autonomy_count":807}}
