{"data":{"satisfaction":8.61612515042118,"comprehension":8.507371007371008,"contact":3.689655172413793,"contact_reachability":0.564625850340136,"contact_satisfaction":6.604938271604938,"autonomy":6.983930778739184},"metadata":{"satisfaction_count":831,"comprehension_count":814,"contact_count":145,"contactReachability_count":147,"contactSatisfaction_count":81,"autonomy_count":809}}
