{"data":{"satisfaction":8.792781580584942,"comprehension":8.457781456953642,"contact":4.025590551181103,"contact_reachability":0.5531914893617021,"contact_satisfaction":7.382671480144404,"autonomy":7.155435150694209},"metadata":{"satisfaction_count":3214,"comprehension_count":3020,"contact_count":508,"contactReachability_count":517,"contactSatisfaction_count":277,"autonomy_count":2953}}
