{"data":{"satisfaction":8.765822784810126,"comprehension":8.457722832722833,"contact":4,"contact_reachability":0.5549645390070922,"contact_satisfaction":7.302631578947368,"autonomy":7.1678649577993125},"metadata":{"satisfaction_count":3476,"comprehension_count":3276,"contact_count":555,"contactReachability_count":564,"contactSatisfaction_count":304,"autonomy_count":3199}}
