{"data":{"satisfaction":8.796711509715994,"comprehension":8.587786259541986,"contact":3.6650485436893203,"contact_reachability":0.5576923076923077,"contact_satisfaction":6.62280701754386,"autonomy":7.342549923195085},"metadata":{"satisfaction_count":669,"comprehension_count":655,"contact_count":103,"contactReachability_count":104,"contactSatisfaction_count":57,"autonomy_count":651}}
