{"data":{"satisfaction":8.777120315581854,"comprehension":8.492307692307692,"contact":4.423076923076923,"contact_reachability":0.5732484076433121,"contact_satisfaction":7.752808988764045,"autonomy":7.345872518286312},"metadata":{"satisfaction_count":1014,"comprehension_count":975,"contact_count":156,"contactReachability_count":157,"contactSatisfaction_count":89,"autonomy_count":957}}
