{"data":{"satisfaction":8.809815950920246,"comprehension":8.5297845373891,"contact":3.633093525179856,"contact_reachability":0.5285714285714286,"contact_satisfaction":6.917808219178082,"autonomy":7.113924050632911},"metadata":{"satisfaction_count":815,"comprehension_count":789,"contact_count":139,"contactReachability_count":140,"contactSatisfaction_count":73,"autonomy_count":790}}
