{"data":{"satisfaction":8.767001774098167,"comprehension":8.47775357809583,"contact":3.9239332096474953,"contact_reachability":0.5467889908256881,"contact_satisfaction":7.243150684931507,"autonomy":7.237132933375434},"metadata":{"satisfaction_count":3382,"comprehension_count":3214,"contact_count":539,"contactReachability_count":545,"contactSatisfaction_count":292,"autonomy_count":3167}}
