{"data":{"satisfaction":6.137619085741734,"comprehension":6.198787821838001,"contact":3.208746898263027,"contact_reachability":0.590519877675841,"contact_satisfaction":5.4880636604774535,"autonomy":4.825416797735137},"metadata":{"satisfaction_count":12491,"comprehension_count":10642,"contact_count":3224,"contactReachability_count":3270,"contactSatisfaction_count":1885,"autonomy_count":9537}}
