{"data":{"satisfaction":6.20347394540943,"comprehension":6.245928338762215,"contact":3.2455886606884583,"contact_reachability":0.5922967189728958,"contact_satisfaction":5.5325443786982245,"autonomy":4.902317563685118},"metadata":{"satisfaction_count":13702,"comprehension_count":11666,"contact_count":3457,"contactReachability_count":3505,"contactSatisfaction_count":2028,"autonomy_count":10442}}
