{"data":{"satisfaction":5.826937835763623,"comprehension":5.995925758261657,"contact":3.0755395683453237,"contact_reachability":0.5722379603399433,"contact_satisfaction":5.438931297709924,"autonomy":4.570112589559877},"metadata":{"satisfaction_count":2606,"comprehension_count":2209,"contact_count":695,"contactReachability_count":706,"contactSatisfaction_count":393,"autonomy_count":1954}}
