{"data":{"satisfaction":5.840245221781464,"comprehension":5.967261904761905,"contact":3.0548216644649933,"contact_reachability":0.5603674540682415,"contact_satisfaction":5.479857819905213,"autonomy":4.576515880654475},"metadata":{"satisfaction_count":2773,"comprehension_count":2352,"contact_count":757,"contactReachability_count":762,"contactSatisfaction_count":422,"autonomy_count":2078}}
