{"data":{"satisfaction":7.013637511575048,"comprehension":6.78005520343488,"contact":3.7155445097153184,"contact_reachability":0.6192393736017897,"contact_satisfaction":6.037077826725404,"autonomy":5.470534490634993},"metadata":{"satisfaction_count":11879,"comprehension_count":9782,"contact_count":2213,"contactReachability_count":2235,"contactSatisfaction_count":1362,"autonomy_count":8756}}
