{"data":{"satisfaction":6.12495927012056,"comprehension":6.189849803884052,"contact":3.199494151122352,"contact_reachability":0.588033655344344,"contact_satisfaction":5.497012493210212,"autonomy":4.8143009605122735},"metadata":{"satisfaction_count":12276,"comprehension_count":10453,"contact_count":3163,"contactReachability_count":3209,"contactSatisfaction_count":1841,"autonomy_count":9370}}
