{"data":{"satisfaction":5.766260162601626,"comprehension":5.973534971644613,"contact":3.133587786259542,"contact_reachability":0.6102719033232629,"contact_satisfaction":5.170025188916877,"autonomy":4.819601507808293},"metadata":{"satisfaction_count":2460,"comprehension_count":2116,"contact_count":655,"contactReachability_count":662,"contactSatisfaction_count":397,"autonomy_count":1857}}
