{"data":{"satisfaction":6.673990197735339,"comprehension":6.626506024096385,"contact":3.5440962099125364,"contact_reachability":0.6216606498194945,"contact_satisfaction":5.734080188679245,"autonomy":5.271893426512339},"metadata":{"satisfaction_count":5917,"comprehension_count":5063,"contact_count":1372,"contactReachability_count":1385,"contactSatisfaction_count":848,"autonomy_count":4579}}
