{"data":{"satisfaction":6.6360351869305685,"comprehension":6.544420842184181,"contact":3.4087061668681984,"contact_reachability":0.6020090887347525,"contact_satisfaction":5.704168352893565,"autonomy":5.178657820167254},"metadata":{"satisfaction_count":19098,"comprehension_count":16006,"contact_count":4135,"contactReachability_count":4181,"contactSatisfaction_count":2471,"autonomy_count":14469}}
