{"data":{"satisfaction":6.193034457206373,"comprehension":6.238813102789122,"contact":3.2339181286549707,"contact_reachability":0.5914071510957324,"contact_satisfaction":5.521717423864204,"autonomy":4.887940234791889},"metadata":{"satisfaction_count":13495,"comprehension_count":11509,"contact_count":3420,"contactReachability_count":3468,"contactSatisfaction_count":2003,"autonomy_count":10307}}
