{"data":{"satisfaction":5.806633999246136,"comprehension":5.988888888888889,"contact":3.0264993026499303,"contact_reachability":0.5637860082304527,"contact_satisfaction":5.43859649122807,"autonomy":4.571428571428571},"metadata":{"satisfaction_count":2653,"comprehension_count":2250,"contact_count":717,"contactReachability_count":729,"contactSatisfaction_count":399,"autonomy_count":1995}}
