{"data":{"satisfaction":5.818085516178736,"comprehension":5.909761634506243,"contact":3.0511811023622046,"contact_reachability":0.5731364275668073,"contact_satisfaction":5.3955696202531644,"autonomy":4.614505271179982},"metadata":{"satisfaction_count":10384,"comprehension_count":8810,"contact_count":2794,"contactReachability_count":2844,"contactSatisfaction_count":1580,"autonomy_count":7873}}
