{"data":{"satisfaction":5.743218134522483,"comprehension":5.868380910873829,"contact":3.0362588952897323,"contact_reachability":0.5658811815466313,"contact_satisfaction":5.453438831405965,"autonomy":4.5858535983211945},"metadata":{"satisfaction_count":10764,"comprehension_count":9178,"contact_count":2951,"contactReachability_count":3013,"contactSatisfaction_count":1643,"autonomy_count":8101}}
