{"data":{"satisfaction":5.930936995153473,"comprehension":6.049573055028463,"contact":2.7880354505169866,"contact_reachability":0.5442670537010159,"contact_satisfaction":5.199724517906336,"autonomy":4.7023809523809526},"metadata":{"satisfaction_count":2476,"comprehension_count":2108,"contact_count":677,"contactReachability_count":689,"contactSatisfaction_count":363,"autonomy_count":1848}}
