{"data":{"satisfaction":5.803066989507667,"comprehension":6,"contact":3.048411497730711,"contact_reachability":0.5565476190476191,"contact_satisfaction":5.550964187327824,"autonomy":4.5880452342487885},"metadata":{"satisfaction_count":2478,"comprehension_count":2105,"contact_count":661,"contactReachability_count":672,"contactSatisfaction_count":363,"autonomy_count":1857}}
