{"data":{"satisfaction":6.215275285334864,"comprehension":6.2446225221425555,"contact":3.255947262826025,"contact_reachability":0.5934407690132881,"contact_satisfaction":5.538761579717211,"autonomy":4.9113542059600155},"metadata":{"satisfaction_count":13931,"comprehension_count":11855,"contact_count":3489,"contactReachability_count":3537,"contactSatisfaction_count":2051,"autonomy_count":10604}}
