{"data":{"satisfaction":5.741467421062238,"comprehension":5.864715951642238,"contact":3.0191666666666666,"contact_reachability":0.5656005221932114,"contact_satisfaction":5.42690233672858,"autonomy":4.582828037836527},"metadata":{"satisfaction_count":10958,"comprehension_count":9347,"contact_count":3000,"contactReachability_count":3064,"contactSatisfaction_count":1669,"autonomy_count":8246}}
