{"data":{"satisfaction":6.07795957651588,"comprehension":6.160300628024297,"contact":3.150988411724608,"contact_reachability":0.5825210084033613,"contact_satisfaction":5.463947990543735,"autonomy":4.820974820974821},"metadata":{"satisfaction_count":11429,"comprehension_count":9713,"contact_count":2934,"contactReachability_count":2975,"contactSatisfaction_count":1692,"autonomy_count":8658}}
