{"data":{"satisfaction":6.663210644548125,"comprehension":6.622559871201449,"contact":3.5239852398523985,"contact_reachability":0.6206140350877193,"contact_satisfaction":5.711722488038277,"autonomy":5.24805339265851},"metadata":{"satisfaction_count":5787,"comprehension_count":4969,"contact_count":1355,"contactReachability_count":1368,"contactSatisfaction_count":836,"autonomy_count":4495}}
