{"data":{"satisfaction":5.936109987868985,"comprehension":6.042959427207637,"contact":2.8937592867756314,"contact_reachability":0.5416058394160584,"contact_satisfaction":5.424791086350975,"autonomy":4.713513513513513},"metadata":{"satisfaction_count":2473,"comprehension_count":2095,"contact_count":673,"contactReachability_count":685,"contactSatisfaction_count":359,"autonomy_count":1850}}
