{"data":{"satisfaction":5.71369466280513,"comprehension":5.884945212005717,"contact":2.959349593495935,"contact_reachability":0.6019108280254777,"contact_satisfaction":4.986301369863014,"autonomy":4.8543155579989},"metadata":{"satisfaction_count":2417,"comprehension_count":2099,"contact_count":615,"contactReachability_count":628,"contactSatisfaction_count":365,"autonomy_count":1819}}
