{"data":{"satisfaction":5.964912280701754,"comprehension":6.089924670433145,"contact":2.8692762186115215,"contact_reachability":0.5442670537010159,"contact_satisfaction":5.351239669421488,"autonomy":4.751735184196476},"metadata":{"satisfaction_count":2508,"comprehension_count":2124,"contact_count":677,"contactReachability_count":689,"contactSatisfaction_count":363,"autonomy_count":1873}}
