{"data":{"satisfaction":5.939818631492169,"comprehension":6.08216190014542,"contact":2.882262996941896,"contact_reachability":0.5405405405405406,"contact_satisfaction":5.416666666666667,"autonomy":4.705558613098514},"metadata":{"satisfaction_count":2426,"comprehension_count":2063,"contact_count":654,"contactReachability_count":666,"contactSatisfaction_count":348,"autonomy_count":1817}}
