{"data":{"satisfaction":6.98368850302552,"comprehension":6.768480220596033,"contact":3.6818391866913123,"contact_reachability":0.6152790484903934,"contact_satisfaction":6.022297808012094,"autonomy":5.4770067383851515},"metadata":{"satisfaction_count":11403,"comprehension_count":9429,"contact_count":2164,"contactReachability_count":2186,"contactSatisfaction_count":1323,"autonomy_count":8459}}
