{"data":{"satisfaction":5.737574738415546,"comprehension":5.860916264796142,"contact":3.0380822849370963,"contact_reachability":0.5664335664335665,"contact_satisfaction":5.451494813910921,"autonomy":4.587007825114893},"metadata":{"satisfaction_count":10704,"comprehension_count":9124,"contact_count":2941,"contactReachability_count":3003,"contactSatisfaction_count":1639,"autonomy_count":8051}}
