{"data":{"satisfaction":6.066607460035524,"comprehension":6.149100794646591,"contact":3.1446323783224024,"contact_reachability":0.5816882232811437,"contact_satisfaction":5.461630695443645,"autonomy":4.811165845648604},"metadata":{"satisfaction_count":11260,"comprehension_count":9564,"contact_count":2897,"contactReachability_count":2938,"contactSatisfaction_count":1668,"autonomy_count":8526}}
