{"data":{"satisfaction":5.829484574173287,"comprehension":5.929637294412373,"contact":3.0641857289177192,"contact_reachability":0.5743538100033568,"contact_satisfaction":5.403371462974112,"autonomy":4.606673161227472},"metadata":{"satisfaction_count":10826,"comprehension_count":9181,"contact_count":2929,"contactReachability_count":2979,"contactSatisfaction_count":1661,"autonomy_count":8212}}
