{"data":{"satisfaction":6.696753892017224,"comprehension":6.615936409461032,"contact":3.5784671532846715,"contact_reachability":0.6254519161243673,"contact_satisfaction":5.754107981220657,"autonomy":5.278730703259005},"metadata":{"satisfaction_count":6038,"comprehension_count":5158,"contact_count":1370,"contactReachability_count":1383,"contactSatisfaction_count":852,"autonomy_count":4664}}
