{"data":{"satisfaction":5.740322124894038,"comprehension":5.866405040902056,"contact":3.039938292766541,"contact_reachability":0.5668233713901948,"contact_satisfaction":5.450215119852489,"autonomy":4.58104052026013},"metadata":{"satisfaction_count":10617,"comprehension_count":9046,"contact_count":2917,"contactReachability_count":2978,"contactSatisfaction_count":1627,"autonomy_count":7996}}
