{"data":{"satisfaction":5.957446808510638,"comprehension":6.080729166666667,"contact":2.8874813710879286,"contact_reachability":0.5461200585651538,"contact_satisfaction":5.367036011080333,"autonomy":4.739387426114992},"metadata":{"satisfaction_count":2491,"comprehension_count":2112,"contact_count":671,"contactReachability_count":683,"contactSatisfaction_count":361,"autonomy_count":1861}}
