{"data":{"satisfaction":5.7018019973947025,"comprehension":5.81698930208864,"contact":2.9953289217594397,"contact_reachability":0.5665119876256767,"contact_satisfaction":5.314226519337017,"autonomy":4.551365409622887},"metadata":{"satisfaction_count":9212,"comprehension_count":7852,"contact_count":2569,"contactReachability_count":2586,"contactSatisfaction_count":1448,"autonomy_count":6921}}
