{"data":{"satisfaction":5.700929586494284,"comprehension":5.823931302494672,"contact":3.0382079131109387,"contact_reachability":0.5670338017470566,"contact_satisfaction":5.446801112656467,"autonomy":4.556962025316456},"metadata":{"satisfaction_count":9359,"comprehension_count":7977,"contact_count":2578,"contactReachability_count":2633,"contactSatisfaction_count":1438,"autonomy_count":7031}}
