{"data":{"satisfaction":6.66435196666832,"comprehension":6.560869307400379,"contact":3.4281575898030128,"contact_reachability":0.6040806969280147,"contact_satisfaction":5.71580370942813,"autonomy":5.3103818535668745},"metadata":{"satisfaction_count":20161,"comprehension_count":16864,"contact_count":4315,"contactReachability_count":4362,"contactSatisfaction_count":2588,"autonomy_count":14901}}
