{"data":{"satisfaction":6.4167812929848695,"comprehension":6.468253968253968,"contact":3.393536121673004,"contact_reachability":0.6075471698113207,"contact_satisfaction":5.613207547169812,"autonomy":5.118228075426519},"metadata":{"satisfaction_count":4362,"comprehension_count":3717,"contact_count":1052,"contactReachability_count":1060,"contactSatisfaction_count":636,"autonomy_count":3341}}
