{"data":{"satisfaction":5.739577644274531,"comprehension":5.865076824583867,"contact":3.0176138251910936,"contact_reachability":0.5655711031565246,"contact_satisfaction":5.424133811230585,"autonomy":4.581620314389359},"metadata":{"satisfaction_count":10986,"comprehension_count":9372,"contact_count":3009,"contactReachability_count":3073,"contactSatisfaction_count":1674,"autonomy_count":8270}}
