{"data":{"satisfaction":6.545198308838333,"comprehension":6.554419370004702,"contact":3.5201149425287355,"contact_reachability":0.6216436126932465,"contact_satisfaction":5.693891102257636,"autonomy":5.08298755186722},"metadata":{"satisfaction_count":4967,"comprehension_count":4254,"contact_count":1218,"contactReachability_count":1229,"contactSatisfaction_count":753,"autonomy_count":3856}}
