{"data":{"satisfaction":6.44610577995983,"comprehension":6.497644595655587,"contact":3.4021335807050095,"contact_reachability":0.6086556169429097,"contact_satisfaction":5.616385911179173,"autonomy":5.12216404886562},"metadata":{"satisfaction_count":4481,"comprehension_count":3821,"contact_count":1078,"contactReachability_count":1086,"contactSatisfaction_count":653,"autonomy_count":3438}}
