{"data":{"satisfaction":5.804819277108434,"comprehension":6.000558971492454,"contact":3.161231884057971,"contact_reachability":0.6032315978456014,"contact_satisfaction":5.27190332326284,"autonomy":4.806594800253646},"metadata":{"satisfaction_count":2075,"comprehension_count":1789,"contact_count":552,"contactReachability_count":557,"contactSatisfaction_count":331,"autonomy_count":1577}}
