{"data":{"satisfaction":5.740862538757869,"comprehension":5.866497629809282,"contact":3.045003422313484,"contact_reachability":0.5668789808917197,"contact_satisfaction":5.458588957055214,"autonomy":4.586193983273},"metadata":{"satisfaction_count":10643,"comprehension_count":9071,"contact_count":2922,"contactReachability_count":2983,"contactSatisfaction_count":1630,"autonomy_count":8011}}
