{"data":{"satisfaction":8.04885404101327,"comprehension":7.6875,"contact":4.648972602739726,"contact_reachability":0.6224489795918368,"contact_satisfaction":7.5,"autonomy":6.569241475295755},"metadata":{"satisfaction_count":1658,"comprehension_count":1520,"contact_count":292,"contactReachability_count":294,"contactSatisfaction_count":181,"autonomy_count":1437}}
