{"data":{"satisfaction":8.056818181818182,"comprehension":7.6459703947368425,"contact":4.609375,"contact_reachability":0.6177777777777778,"contact_satisfaction":7.481884057971015,"autonomy":6.600173460537728},"metadata":{"satisfaction_count":1320,"comprehension_count":1216,"contact_count":224,"contactReachability_count":225,"contactSatisfaction_count":138,"autonomy_count":1153}}
