{"data":{"satisfaction":7.87819253438114,"comprehension":7.690217391304348,"contact":4.517543859649122,"contact_reachability":0.5739130434782609,"contact_satisfaction":7.923076923076923,"autonomy":6.273148148148148},"metadata":{"satisfaction_count":509,"comprehension_count":460,"contact_count":114,"contactReachability_count":115,"contactSatisfaction_count":65,"autonomy_count":432}}
