{"data":{"satisfaction":7.95045045045045,"comprehension":7.860576923076923,"contact":5.277777777777778,"contact_reachability":0.6756756756756757,"contact_satisfaction":7.916666666666667,"autonomy":6.63265306122449},"metadata":{"satisfaction_count":222,"comprehension_count":208,"contact_count":36,"contactReachability_count":37,"contactSatisfaction_count":24,"autonomy_count":196}}
