{"data":{"satisfaction":7.785714285714286,"comprehension":7.537878787878788,"contact":5.892857142857143,"contact_reachability":0.7857142857142857,"contact_satisfaction":7.5,"autonomy":6.666666666666667},"metadata":{"satisfaction_count":70,"comprehension_count":66,"contact_count":14,"contactReachability_count":14,"contactSatisfaction_count":11,"autonomy_count":60}}
