{"data":{"satisfaction":8.003952569169961,"comprehension":7.863247863247863,"contact":5.121951219512195,"contact_reachability":0.6428571428571429,"contact_satisfaction":8.076923076923077,"autonomy":6.590909090909091},"metadata":{"satisfaction_count":253,"comprehension_count":234,"contact_count":41,"contactReachability_count":42,"contactSatisfaction_count":26,"autonomy_count":220}}
