{"data":{"satisfaction":7.55448793063042,"comprehension":7.6950659781985085,"contact":5.366197183098592,"contact_reachability":0.7579972183588317,"contact_satisfaction":7.108208955223881,"autonomy":6.922357343311506},"metadata":{"satisfaction_count":4267,"comprehension_count":3486,"contact_count":710,"contactReachability_count":719,"contactSatisfaction_count":536,"autonomy_count":3207}}
