{"data":{"satisfaction":8.073552841210834,"comprehension":8.04899457389084,"contact":5.841543513957307,"contact_reachability":0.791869918699187,"contact_satisfaction":7.396049896049896,"autonomy":7.0405982905982905},"metadata":{"satisfaction_count":3766,"comprehension_count":3133,"contact_count":609,"contactReachability_count":615,"contactSatisfaction_count":481,"autonomy_count":2808}}
