{"data":{"satisfaction":7.34375,"comprehension":7.6664753157290475,"contact":5.491329479768786,"contact_reachability":0.7471264367816092,"contact_satisfaction":7.364341085271318,"autonomy":7.046894803548796},"metadata":{"satisfaction_count":1056,"comprehension_count":871,"contact_count":173,"contactReachability_count":174,"contactSatisfaction_count":129,"autonomy_count":789}}
