{"data":{"satisfaction":7.550921435499515,"comprehension":7.795321637426901,"contact":5.695266272189349,"contact_reachability":0.7941176470588235,"contact_satisfaction":7.182835820895522,"autonomy":7.075351213282247},"metadata":{"satisfaction_count":1031,"comprehension_count":855,"contact_count":169,"contactReachability_count":170,"contactSatisfaction_count":134,"autonomy_count":783}}
