{"data":{"satisfaction":6.786961583236321,"comprehension":7.078014184397163,"contact":4.954268292682927,"contact_reachability":0.7305389221556886,"contact_satisfaction":6.8277310924369745,"autonomy":6.195826645264847},"metadata":{"satisfaction_count":859,"comprehension_count":705,"contact_count":164,"contactReachability_count":167,"contactSatisfaction_count":119,"autonomy_count":623}}
