{"data":{"satisfaction":6.992449664429531,"comprehension":7.336901121304791,"contact":4.78960396039604,"contact_reachability":0.7135922330097088,"contact_satisfaction":6.765734265734266,"autonomy":6.651532349602724},"metadata":{"satisfaction_count":1192,"comprehension_count":981,"contact_count":202,"contactReachability_count":206,"contactSatisfaction_count":143,"autonomy_count":881}}
