{"data":{"satisfaction":7.904240447343896,"comprehension":7.949042792792793,"contact":5.732574679943101,"contact_reachability":0.7837078651685393,"contact_satisfaction":7.340619307832423,"autonomy":6.970266040688576},"metadata":{"satisfaction_count":4292,"comprehension_count":3552,"contact_count":703,"contactReachability_count":712,"contactSatisfaction_count":549,"autonomy_count":3195}}
