{"data":{"satisfaction":7.3607967406066095,"comprehension":7.574875207986689,"contact":5.234478203434611,"contact_reachability":0.7444589308996089,"contact_satisfaction":7.063279857397505,"autonomy":6.834445118253487},"metadata":{"satisfaction_count":4418,"comprehension_count":3606,"contact_count":757,"contactReachability_count":767,"contactSatisfaction_count":561,"autonomy_count":3298}}
