{"data":{"satisfaction":7.545977011494253,"comprehension":7.684351252462708,"contact":5.391483516483516,"contact_reachability":0.7584803256445047,"contact_satisfaction":7.136363636363637,"autonomy":6.895494943303708},"metadata":{"satisfaction_count":4350,"comprehension_count":3553,"contact_count":728,"contactReachability_count":737,"contactSatisfaction_count":550,"autonomy_count":3263}}
