{"data":{"satisfaction":7.603754940711463,"comprehension":7.826991676575505,"contact":6.026785714285714,"contact_reachability":0.8165680473372781,"contact_satisfaction":7.390510948905109,"autonomy":7.107329842931938},"metadata":{"satisfaction_count":1012,"comprehension_count":841,"contact_count":168,"contactReachability_count":169,"contactSatisfaction_count":137,"autonomy_count":764}}
