{"data":{"satisfaction":7.903225806451613,"comprehension":7.944475602916433,"contact":5.738636363636363,"contact_reachability":0.7840112201963534,"contact_satisfaction":7.345454545454546,"autonomy":6.967238689547582},"metadata":{"satisfaction_count":4309,"comprehension_count":3566,"contact_count":704,"contactReachability_count":713,"contactSatisfaction_count":550,"autonomy_count":3205}}
