{"data":{"satisfaction":7.490583804143126,"comprehension":7.726256983240224,"contact":5.611413043478261,"contact_reachability":0.7945945945945946,"contact_satisfaction":7.071917808219178,"autonomy":6.977886977886978},"metadata":{"satisfaction_count":1062,"comprehension_count":895,"contact_count":184,"contactReachability_count":185,"contactSatisfaction_count":146,"autonomy_count":814}}
