{"data":{"satisfaction":7.965158480522623,"comprehension":7.9886231038506414,"contact":5.823353293413174,"contact_reachability":0.7914201183431953,"contact_satisfaction":7.381404174573055,"autonomy":7.017601043024772},"metadata":{"satisfaction_count":4133,"comprehension_count":3428,"contact_count":668,"contactReachability_count":676,"contactSatisfaction_count":527,"autonomy_count":3068}}
