{"data":{"satisfaction":7.949940405244338,"comprehension":7.9794422081656124,"contact":5.778267254038179,"contact_reachability":0.7880986937590712,"contact_satisfaction":7.355140186915888,"autonomy":6.990725935401343},"metadata":{"satisfaction_count":4195,"comprehension_count":3478,"contact_count":681,"contactReachability_count":689,"contactSatisfaction_count":535,"autonomy_count":3127}}
