{"data":{"satisfaction":7.877423822714682,"comprehension":7.932477678571429,"contact":5.712270803949224,"contact_reachability":0.7799442896935933,"contact_satisfaction":7.3502722323049,"autonomy":6.960845245494096},"metadata":{"satisfaction_count":4332,"comprehension_count":3584,"contact_count":709,"contactReachability_count":718,"contactSatisfaction_count":551,"autonomy_count":3218}}
