{"data":{"satisfaction":7.2998296422487225,"comprehension":7.444794952681388,"contact":4.94949494949495,"contact_reachability":0.6766169154228856,"contact_satisfaction":7.368421052631579,"autonomy":6.7626728110599075},"metadata":{"satisfaction_count":1174,"comprehension_count":951,"contact_count":198,"contactReachability_count":201,"contactSatisfaction_count":133,"autonomy_count":868}}
