{"data":{"satisfaction":7.449567723342939,"comprehension":7.738927738927739,"contact":5.520231213872832,"contact_reachability":0.764367816091954,"contact_satisfaction":7.234848484848484,"autonomy":7.071611253196931},"metadata":{"satisfaction_count":1041,"comprehension_count":858,"contact_count":173,"contactReachability_count":174,"contactSatisfaction_count":132,"autonomy_count":782}}
