{"data":{"satisfaction":8.178233438485805,"comprehension":8.199823943661972,"contact":5.357142857142857,"contact_reachability":0.5714285714285714,"contact_satisfaction":9.375,"autonomy":8.782771535580524},"metadata":{"satisfaction_count":634,"comprehension_count":568,"contact_count":7,"contactReachability_count":7,"contactSatisfaction_count":4,"autonomy_count":534}}
