{"data":{"satisfaction":8.188291139240507,"comprehension":8.193462897526501,"contact":5.357142857142857,"contact_reachability":0.5714285714285714,"contact_satisfaction":9.375,"autonomy":8.778195488721805},"metadata":{"satisfaction_count":632,"comprehension_count":566,"contact_count":7,"contactReachability_count":7,"contactSatisfaction_count":4,"autonomy_count":532}}
