{"data":{"satisfaction":5.975378787878788,"comprehension":6.331460674157303,"contact":2.8448275862068964,"contact_reachability":0.46153846153846156,"contact_satisfaction":6.5131578947368425,"autonomy":6.0576923076923075},"metadata":{"satisfaction_count":528,"comprehension_count":445,"contact_count":87,"contactReachability_count":91,"contactSatisfaction_count":38,"autonomy_count":416}}
