{"data":{"satisfaction":5.965346534653466,"comprehension":6.286407766990291,"contact":3.01980198019802,"contact_reachability":0.47572815533980584,"contact_satisfaction":6.48936170212766,"autonomy":5.889830508474576},"metadata":{"satisfaction_count":606,"comprehension_count":515,"contact_count":101,"contactReachability_count":103,"contactSatisfaction_count":47,"autonomy_count":472}}
