{"data":{"satisfaction":5.726744186046512,"comprehension":6.032731376975169,"contact":2.5,"contact_reachability":0.4186046511627907,"contact_satisfaction":6.287878787878788,"autonomy":6.093366093366093},"metadata":{"satisfaction_count":516,"comprehension_count":443,"contact_count":83,"contactReachability_count":86,"contactSatisfaction_count":33,"autonomy_count":407}}
