{"data":{"satisfaction":5.705128205128205,"comprehension":6.434108527131783,"contact":3.369565217391304,"contact_reachability":0.5652173913043478,"contact_satisfaction":5.961538461538462,"autonomy":6.101694915254237},"metadata":{"satisfaction_count":156,"comprehension_count":129,"contact_count":23,"contactReachability_count":23,"contactSatisfaction_count":13,"autonomy_count":118}}
