{"data":{"satisfaction":6.315789473684211,"comprehension":6.174698795180723,"contact":2.8333333333333335,"contact_reachability":0.6111111111111112,"contact_satisfaction":5.3125,"autonomy":6.052631578947368},"metadata":{"satisfaction_count":95,"comprehension_count":83,"contact_count":15,"contactReachability_count":18,"contactSatisfaction_count":8,"autonomy_count":76}}
