{"data":{"satisfaction":6.315789473684211,"comprehension":6.428571428571429,"contact":3.2142857142857144,"contact_reachability":0.6470588235294118,"contact_satisfaction":5.625,"autonomy":5.977011494252873},"metadata":{"satisfaction_count":114,"comprehension_count":98,"contact_count":14,"contactReachability_count":17,"contactSatisfaction_count":8,"autonomy_count":87}}
