{"data":{"satisfaction":5.698529411764706,"comprehension":5.599173553719008,"contact":2.9411764705882355,"contact_reachability":0.5263157894736842,"contact_satisfaction":6.25,"autonomy":6.545454545454546},"metadata":{"satisfaction_count":136,"comprehension_count":121,"contact_count":17,"contactReachability_count":19,"contactSatisfaction_count":8,"autonomy_count":110}}
