{"data":{"satisfaction":5.968543046357616,"comprehension":6.29863813229572,"contact":3.05,"contact_reachability":0.4803921568627451,"contact_satisfaction":6.48936170212766,"autonomy":5.902335456475583},"metadata":{"satisfaction_count":604,"comprehension_count":514,"contact_count":100,"contactReachability_count":102,"contactSatisfaction_count":47,"autonomy_count":471}}
