{"data":{"satisfaction":6.086538461538462,"comprehension":6.286516853932584,"contact":2.8448275862068964,"contact_reachability":0.449438202247191,"contact_satisfaction":6.5131578947368425,"autonomy":5.839416058394161},"metadata":{"satisfaction_count":520,"comprehension_count":445,"contact_count":87,"contactReachability_count":89,"contactSatisfaction_count":38,"autonomy_count":411}}
