{"data":{"satisfaction":5.793103448275862,"comprehension":6.19140625,"contact":2.4107142857142856,"contact_reachability":0.35714285714285715,"contact_satisfaction":6.75,"autonomy":5.555555555555555},"metadata":{"satisfaction_count":145,"comprehension_count":128,"contact_count":28,"contactReachability_count":28,"contactSatisfaction_count":10,"autonomy_count":117}}
