{"data":{"satisfaction":5.704225352112676,"comprehension":6.068548387096774,"contact":2.4038461538461537,"contact_reachability":0.34615384615384615,"contact_satisfaction":6.944444444444445,"autonomy":5.486725663716814},"metadata":{"satisfaction_count":142,"comprehension_count":124,"contact_count":26,"contactReachability_count":26,"contactSatisfaction_count":9,"autonomy_count":113}}
