{"data":{"satisfaction":5.54421768707483,"comprehension":6.260504201680672,"contact":3.2291666666666665,"contact_reachability":0.5416666666666666,"contact_satisfaction":5.961538461538462,"autonomy":5.909090909090909},"metadata":{"satisfaction_count":147,"comprehension_count":119,"contact_count":24,"contactReachability_count":24,"contactSatisfaction_count":13,"autonomy_count":110}}
