{"data":{"satisfaction":9.259776536312849,"comprehension":9.374548083875633,"contact":6.089015151515151,"contact_reachability":0.7947761194029851,"contact_satisfaction":7.6913875598086126,"autonomy":6.466221232368226},"metadata":{"satisfaction_count":1432,"comprehension_count":1383,"contact_count":264,"contactReachability_count":268,"contactSatisfaction_count":209,"autonomy_count":1347}}
