{"data":{"satisfaction":9.31293431965927,"comprehension":9.396310135450724,"contact":6.366103739445115,"contact_reachability":0.7985781990521327,"contact_satisfaction":8.00834597875569,"autonomy":6.451069968742487},"metadata":{"satisfaction_count":4461,"comprehension_count":4282,"contact_count":829,"contactReachability_count":844,"contactSatisfaction_count":659,"autonomy_count":4159}}
