{"data":{"satisfaction":7.537917087967644,"comprehension":7.4743589743589745,"contact":6.756373937677054,"contact_reachability":0.7827298050139275,"contact_satisfaction":8.672727272727272,"autonomy":5.495307612095933},"metadata":{"satisfaction_count":989,"comprehension_count":975,"contact_count":353,"contactReachability_count":359,"contactSatisfaction_count":275,"autonomy_count":959}}
