{"data":{"satisfaction":7.239583333333333,"comprehension":7.296819787985866,"contact":6.371681415929204,"contact_reachability":0.7522123893805309,"contact_satisfaction":8.470588235294118,"autonomy":5.338078291814947},"metadata":{"satisfaction_count":288,"comprehension_count":283,"contact_count":113,"contactReachability_count":113,"contactSatisfaction_count":85,"autonomy_count":281}}
