{"data":{"satisfaction":7.64251781472684,"comprehension":7.539156626506024,"contact":6.902356902356902,"contact_reachability":0.8053691275167785,"contact_satisfaction":8.577405857740585,"autonomy":5.588235294117647},"metadata":{"satisfaction_count":842,"comprehension_count":830,"contact_count":297,"contactReachability_count":298,"contactSatisfaction_count":239,"autonomy_count":816}}
