{"data":{"satisfaction":7.378378378378378,"comprehension":7.349177330895795,"contact":6.910377358490566,"contact_reachability":0.7887323943661971,"contact_satisfaction":8.77245508982036,"autonomy":5.12014787430684},"metadata":{"satisfaction_count":555,"comprehension_count":547,"contact_count":212,"contactReachability_count":213,"contactSatisfaction_count":167,"autonomy_count":541}}
