{"data":{"satisfaction":7.383177570093458,"comprehension":7.327790973871734,"contact":6.311728395061729,"contact_reachability":0.7300613496932515,"contact_satisfaction":8.665254237288135,"autonomy":4.975961538461538},"metadata":{"satisfaction_count":428,"comprehension_count":421,"contact_count":162,"contactReachability_count":163,"contactSatisfaction_count":118,"autonomy_count":416}}
