{"data":{"satisfaction":7.532928064842959,"comprehension":7.474306269270298,"contact":6.756373937677054,"contact_reachability":0.7827298050139275,"contact_satisfaction":8.672727272727272,"autonomy":5.4858934169279},"metadata":{"satisfaction_count":987,"comprehension_count":973,"contact_count":353,"contactReachability_count":359,"contactSatisfaction_count":275,"autonomy_count":957}}
