{"data":{"satisfaction":7.372881355932203,"comprehension":7.3399014778325125,"contact":6.28125,"contact_reachability":0.7267080745341615,"contact_satisfaction":8.663793103448276,"autonomy":4.937655860349127},"metadata":{"satisfaction_count":413,"comprehension_count":406,"contact_count":160,"contactReachability_count":161,"contactSatisfaction_count":116,"autonomy_count":401}}
