{"data":{"satisfaction":8.525229357798166,"comprehension":8.34708612686952,"contact":6.378260869565217,"contact_reachability":0.837248322147651,"contact_satisfaction":7.672594142259414,"autonomy":6.176},"metadata":{"satisfaction_count":2180,"comprehension_count":1939,"contact_count":575,"contactReachability_count":596,"contactSatisfaction_count":478,"autonomy_count":1875}}
