{"data":{"satisfaction":8.519720419370943,"comprehension":8.248745119910764,"contact":7.405123339658444,"contact_reachability":0.9046728971962616,"contact_satisfaction":8.198529411764707,"autonomy":6.336231884057971},"metadata":{"satisfaction_count":2003,"comprehension_count":1793,"contact_count":527,"contactReachability_count":535,"contactSatisfaction_count":476,"autonomy_count":1725}}
