{"data":{"satisfaction":8.496508921644686,"comprehension":8.249732715609408,"contact":6.719952634695086,"contact_reachability":0.8485023041474654,"contact_satisfaction":7.959326788218794,"autonomy":6.0062776957163955},"metadata":{"satisfaction_count":6445,"comprehension_count":5612,"contact_count":1689,"contactReachability_count":1736,"contactSatisfaction_count":1426,"autonomy_count":5416}}
