{"data":{"satisfaction":8.5311004784689,"comprehension":8.317333333333334,"contact":6.678765880217786,"contact_reachability":0.8477157360406091,"contact_satisfaction":7.982646420824295,"autonomy":6.071032186459489},"metadata":{"satisfaction_count":2090,"comprehension_count":1875,"contact_count":551,"contactReachability_count":591,"contactSatisfaction_count":461,"autonomy_count":1802}}
