{"data":{"satisfaction":8.491304347826087,"comprehension":8.199469368065605,"contact":7.418433931484502,"contact_reachability":0.9015873015873016,"contact_satisfaction":8.253176043557168,"autonomy":6.2625250501002006},"metadata":{"satisfaction_count":2300,"comprehension_count":2073,"contact_count":613,"contactReachability_count":630,"contactSatisfaction_count":551,"autonomy_count":1996}}
