{"data":{"satisfaction":8.484123531970422,"comprehension":8.201881331403763,"contact":7.422512234910277,"contact_reachability":0.9015873015873016,"contact_satisfaction":8.257713248638838,"autonomy":6.267535070140281},"metadata":{"satisfaction_count":2299,"comprehension_count":2073,"contact_count":613,"contactReachability_count":630,"contactSatisfaction_count":551,"autonomy_count":1996}}
