{"data":{"satisfaction":8.541221700128151,"comprehension":8.309386973180077,"contact":6.9051580698835275,"contact_reachability":0.8519108280254777,"contact_satisfaction":8.169291338582678,"autonomy":6.055776892430279},"metadata":{"satisfaction_count":2341,"comprehension_count":2088,"contact_count":601,"contactReachability_count":628,"contactSatisfaction_count":508,"autonomy_count":2008}}
