{"data":{"satisfaction":8.505296194586112,"comprehension":8.251047277079593,"contact":6.876265182186235,"contact_reachability":0.8526570048309179,"contact_satisfaction":8.131358467983244,"autonomy":5.997201927561013},"metadata":{"satisfaction_count":7647,"comprehension_count":6684,"contact_count":1976,"contactReachability_count":2070,"contactSatisfaction_count":1671,"autonomy_count":6433}}
