{"data":{"satisfaction":8.529040404040405,"comprehension":8.297596606974553,"contact":6.9347133757961785,"contact_reachability":0.8608562691131498,"contact_satisfaction":8.109869646182496,"autonomy":5.995110024449878},"metadata":{"satisfaction_count":2376,"comprehension_count":2122,"contact_count":628,"contactReachability_count":654,"contactSatisfaction_count":537,"autonomy_count":2045}}
