{"data":{"satisfaction":8.507006369426751,"comprehension":8.254112680157228,"contact":6.8789808917197455,"contact_reachability":0.8539325842696629,"contact_satisfaction":8.1203007518797,"autonomy":6.000605968792607},"metadata":{"satisfaction_count":7850,"comprehension_count":6869,"contact_count":2041,"contactReachability_count":2136,"contactSatisfaction_count":1729,"autonomy_count":6601}}
