{"data":{"satisfaction":8.496282527881041,"comprehension":8.193680349837777,"contact":7.058475378787879,"contact_reachability":0.8700590640617901,"contact_satisfaction":8.164019715224535,"autonomy":6.105629715612304},"metadata":{"satisfaction_count":8070,"comprehension_count":7089,"contact_count":2112,"contactReachability_count":2201,"contactSatisfaction_count":1826,"autonomy_count":6892}}
