{"data":{"satisfaction":8.505291005291005,"comprehension":8.285502226620485,"contact":6.710069444444445,"contact_reachability":0.8399339933993399,"contact_satisfaction":8.068893528183716,"autonomy":6.097686375321337},"metadata":{"satisfaction_count":2268,"comprehension_count":2021,"contact_count":576,"contactReachability_count":606,"contactSatisfaction_count":479,"autonomy_count":1945}}
