{"data":{"satisfaction":8.550021105951878,"comprehension":8.304502369668246,"contact":6.905339805825243,"contact_reachability":0.8560371517027864,"contact_satisfaction":8.128571428571428,"autonomy":6.027531956735497},"metadata":{"satisfaction_count":2369,"comprehension_count":2110,"contact_count":618,"contactReachability_count":646,"contactSatisfaction_count":525,"autonomy_count":2034}}
