{"data":{"satisfaction":8.499142367066895,"comprehension":8.207456978967496,"contact":7.37785016286645,"contact_reachability":0.9008,"contact_satisfaction":8.206521739130435,"autonomy":6.328862394436165},"metadata":{"satisfaction_count":2332,"comprehension_count":2092,"contact_count":614,"contactReachability_count":625,"contactSatisfaction_count":552,"autonomy_count":2013}}
