{"data":{"satisfaction":8.501892595221197,"comprehension":8.200969174855297,"contact":7.079185520361991,"contact_reachability":0.8725532840365376,"contact_satisfaction":8.161189358372457,"autonomy":6.106035437430786},"metadata":{"satisfaction_count":8454,"comprehension_count":7429,"contact_count":2210,"contactReachability_count":2299,"contactSatisfaction_count":1917,"autonomy_count":7224}}
