{"data":{"satisfaction":8.496077742653085,"comprehension":8.200106581401545,"contact":7.076940433212997,"contact_reachability":0.872940156114484,"contact_satisfaction":8.155226209048362,"autonomy":6.112024102985483},"metadata":{"satisfaction_count":8541,"comprehension_count":7506,"contact_count":2216,"contactReachability_count":2306,"contactSatisfaction_count":1923,"autonomy_count":7302}}
