{"data":{"satisfaction":8.45489443378119,"comprehension":8.271505376344086,"contact":6.744186046511628,"contact_reachability":0.8456375838926175,"contact_satisfaction":8.072805139186295,"autonomy":6.03932584269663},"metadata":{"satisfaction_count":2084,"comprehension_count":1860,"contact_count":559,"contactReachability_count":596,"contactSatisfaction_count":467,"autonomy_count":1780}}
