{"data":{"satisfaction":8.506910167818361,"comprehension":8.247498943215444,"contact":6.912535748331744,"contact_reachability":0.8572727272727273,"contact_satisfaction":8.129204035874439,"autonomy":6.011738811445341},"metadata":{"satisfaction_count":8104,"comprehension_count":7097,"contact_count":2098,"contactReachability_count":2200,"contactSatisfaction_count":1784,"autonomy_count":6815}}
