{"data":{"satisfaction":8.502874834144183,"comprehension":8.286600496277917,"contact":6.708695652173913,"contact_reachability":0.8396694214876033,"contact_satisfaction":8.070083682008368,"autonomy":6.097938144329897},"metadata":{"satisfaction_count":2261,"comprehension_count":2015,"contact_count":575,"contactReachability_count":605,"contactSatisfaction_count":478,"autonomy_count":1940}}
