{"data":{"satisfaction":8.509794197867592,"comprehension":8.251946213729653,"contact":6.91802103250478,"contact_reachability":0.8572731418148655,"contact_satisfaction":8.135188308038224,"autonomy":5.999410811607011},"metadata":{"satisfaction_count":8066,"comprehension_count":7065,"contact_count":2092,"contactReachability_count":2193,"contactSatisfaction_count":1779,"autonomy_count":6789}}
