{"data":{"satisfaction":8.502863376056721,"comprehension":8.246367755038275,"contact":6.874340021119324,"contact_reachability":0.850956696878147,"contact_satisfaction":8.147684605757197,"autonomy":5.9825327510917035},"metadata":{"satisfaction_count":7334,"comprehension_count":6401,"contact_count":1894,"contactReachability_count":1986,"contactSatisfaction_count":1598,"autonomy_count":6183}}
