{"data":{"satisfaction":8.493160651920839,"comprehension":8.244698614125898,"contact":6.902234636871508,"contact_reachability":0.8525026624068157,"contact_satisfaction":8.16589557171183,"autonomy":5.965732087227415},"metadata":{"satisfaction_count":6872,"comprehension_count":5989,"contact_count":1790,"contactReachability_count":1878,"contactSatisfaction_count":1513,"autonomy_count":5778}}
