{"data":{"satisfaction":8.514249790444259,"comprehension":8.254694835680752,"contact":7.063679245283019,"contact_reachability":0.874251497005988,"contact_satisfaction":8.138586956521738,"autonomy":5.947394057476863},"metadata":{"satisfaction_count":2386,"comprehension_count":2130,"contact_count":636,"contactReachability_count":668,"contactSatisfaction_count":552,"autonomy_count":2053}}
