{"data":{"satisfaction":8.534814181973516,"comprehension":8.295400095831337,"contact":6.840796019900497,"contact_reachability":0.8492063492063492,"contact_satisfaction":8.12007874015748,"autonomy":6.02787456445993},"metadata":{"satisfaction_count":2341,"comprehension_count":2087,"contact_count":603,"contactReachability_count":630,"contactSatisfaction_count":508,"autonomy_count":2009}}
