{"data":{"satisfaction":8.475,"comprehension":8.203669298653042,"contact":7.369918699186992,"contact_reachability":0.9009584664536742,"contact_satisfaction":8.19620253164557,"autonomy":6.348287506029909},"metadata":{"satisfaction_count":2400,"comprehension_count":2153,"contact_count":615,"contactReachability_count":626,"contactSatisfaction_count":553,"autonomy_count":2073}}
