{"data":{"satisfaction":8.508106021616058,"comprehension":8.253530450132391,"contact":6.884291377601586,"contact_reachability":0.8537624230951254,"contact_satisfaction":8.129022820362785,"autonomy":6.0058175137783225},"metadata":{"satisfaction_count":7772,"comprehension_count":6798,"contact_count":2018,"contactReachability_count":2113,"contactSatisfaction_count":1709,"autonomy_count":6532}}
