{"data":{"satisfaction":8.503540305010894,"comprehension":8.246489859594384,"contact":6.87467018469657,"contact_reachability":0.8510317060895822,"contact_satisfaction":8.147279549718574,"autonomy":5.984811762804976},"metadata":{"satisfaction_count":7344,"comprehension_count":6410,"contact_count":1895,"contactReachability_count":1987,"contactSatisfaction_count":1599,"autonomy_count":6189}}
