{"data":{"satisfaction":2.3761508110477862,"comprehension":3.5750119445771618,"contact":2.0572207084468666,"contact_reachability":0.5259959486833221,"contact_satisfaction":3.9425587467362924,"autonomy":2.002101944298476},"metadata":{"satisfaction_count":2281,"comprehension_count":2093,"contact_count":1468,"contactReachability_count":1481,"contactSatisfaction_count":766,"autonomy_count":1903}}
