{"data":{"satisfaction":2.3668137088564642,"comprehension":3.7433862433862433,"contact":2.084019769357496,"contact_reachability":0.5149375339489408,"contact_satisfaction":4.089439655172414,"autonomy":2.024056408129407},"metadata":{"satisfaction_count":2947,"comprehension_count":2646,"contact_count":1821,"contactReachability_count":1841,"contactSatisfaction_count":928,"autonomy_count":2411}}
