{"data":{"satisfaction":2.37241124260355,"comprehension":3.5786905246034975,"contact":2.1339699074074074,"contact_reachability":0.5259216589861752,"contact_satisfaction":4.074585635359116,"autonomy":2.0269662921348313},"metadata":{"satisfaction_count":2704,"comprehension_count":2459,"contact_count":1728,"contactReachability_count":1736,"contactSatisfaction_count":905,"autonomy_count":2225}}
