{"data":{"satisfaction":2.373803307223673,"comprehension":3.5566396953831507,"contact":2.0964432284541723,"contact_reachability":0.532520325203252,"contact_satisfaction":3.9702072538860103,"autonomy":2.020997375328084},"metadata":{"satisfaction_count":2298,"comprehension_count":2101,"contact_count":1462,"contactReachability_count":1476,"contactSatisfaction_count":772,"autonomy_count":1905}}
