{"data":{"satisfaction":2.475212464589235,"comprehension":3.576967816983327,"contact":2.1999468932554436,"contact_reachability":0.5351294241944005,"contact_satisfaction":4.130109670987039,"autonomy":1.848240779991522},"metadata":{"satisfaction_count":2824,"comprehension_count":2579,"contact_count":1883,"contactReachability_count":1893,"contactSatisfaction_count":1003,"autonomy_count":2359}}
