{"data":{"satisfaction":2.475841563130509,"comprehension":3.5977611065525728,"contact":2.216348429856399,"contact_reachability":0.5409197194076384,"contact_satisfaction":4.140625,"autonomy":1.792735320921755},"metadata":{"satisfaction_count":9417,"comprehension_count":8531,"contact_count":6337,"contactReachability_count":6415,"contactSatisfaction_count":3392,"autonomy_count":7681}}
