{"data":{"satisfaction":2.3404255319148937,"comprehension":3.553377420878602,"contact":2.040133779264214,"contact_reachability":0.5248838752488387,"contact_satisfaction":3.915275994865212,"autonomy":2.0228215767634854},"metadata":{"satisfaction_count":2303,"comprehension_count":2117,"contact_count":1495,"contactReachability_count":1507,"contactSatisfaction_count":779,"autonomy_count":1928}}
