{"data":{"satisfaction":2.2899590163934427,"comprehension":3.4475354742345035,"contact":2.1306262230919764,"contact_reachability":0.5424390243902439,"contact_satisfaction":3.9376130198915007,"autonomy":1.7049180327868851},"metadata":{"satisfaction_count":2928,"comprehension_count":2678,"contact_count":2044,"contactReachability_count":2050,"contactSatisfaction_count":1106,"autonomy_count":2440}}
