{"data":{"satisfaction":2.346288774002954,"comprehension":3.521838496698832,"contact":2.064357123021383,"contact_reachability":0.5236388697450034,"contact_satisfaction":3.968900160170849,"autonomy":1.86908605143048},"metadata":{"satisfaction_count":10832,"comprehension_count":9845,"contact_count":7202,"contactReachability_count":7255,"contactSatisfaction_count":3746,"autonomy_count":8983}}
