{"data":{"satisfaction":2.4296675191815855,"comprehension":3.564302131216047,"contact":2.1737164324474745,"contact_reachability":0.5377527162701141,"contact_satisfaction":4.08324621014114,"autonomy":1.7603039373704812},"metadata":{"satisfaction_count":10557,"comprehension_count":9572,"contact_count":7187,"contactReachability_count":7271,"contactSatisfaction_count":3826,"autonomy_count":8686}}
