{"data":{"satisfaction":2.4309051191946054,"comprehension":3.5660416884885304,"contact":2.174671879363306,"contact_reachability":0.5373999447971295,"contact_satisfaction":4.087926509186352,"autonomy":1.763959390862944},"metadata":{"satisfaction_count":10529,"comprehension_count":9547,"contact_count":7162,"contactReachability_count":7246,"contactSatisfaction_count":3810,"autonomy_count":8668}}
