{"data":{"satisfaction":2.3902552204176333,"comprehension":3.5218568072719845,"contact":2.1205601092896176,"contact_reachability":0.5280746854282236,"contact_satisfaction":4.0507567849686845,"autonomy":1.8421347684718017},"metadata":{"satisfaction_count":10775,"comprehension_count":9791,"contact_count":7320,"contactReachability_count":7391,"contactSatisfaction_count":3832,"autonomy_count":8919}}
