{"data":{"satisfaction":2.364326375711575,"comprehension":3.5984848484848486,"contact":2.179678188319428,"contact_reachability":0.5467455621301776,"contact_satisfaction":4.010416666666667,"autonomy":1.9722863741339491},"metadata":{"satisfaction_count":2635,"comprehension_count":2376,"contact_count":1678,"contactReachability_count":1690,"contactSatisfaction_count":912,"autonomy_count":2165}}
