{"data":{"satisfaction":2.4381737476220673,"comprehension":3.5751565762004174,"contact":2.024310425432445,"contact_reachability":0.5070028011204482,"contact_satisfaction":3.9981532779316713,"autonomy":1.8895238095238096},"metadata":{"satisfaction_count":3154,"comprehension_count":2874,"contact_count":2139,"contactReachability_count":2142,"contactSatisfaction_count":1083,"autonomy_count":2625}}
