{"data":{"satisfaction":2.3967297762478483,"comprehension":3.5291951604418728,"contact":2.1151412905946856,"contact_reachability":0.5281258702311334,"contact_satisfaction":4.040010741138561,"autonomy":1.8434139007748351},"metadata":{"satisfaction_count":10458,"comprehension_count":9505,"contact_count":7113,"contactReachability_count":7182,"contactSatisfaction_count":3724,"autonomy_count":8647}}
