{"data":{"satisfaction":2.350812794965915,"comprehension":3.5844590693915253,"contact":2.1146967972687367,"contact_reachability":0.5318049725540845,"contact_satisfaction":4.0010765918179025,"autonomy":1.9039839135352519},"metadata":{"satisfaction_count":9535,"comprehension_count":8661,"contact_count":6151,"contactReachability_count":6194,"contactSatisfaction_count":3251,"autonomy_count":7957}}
