{"data":{"satisfaction":2.429922323539345,"comprehension":3.5425176383215744,"contact":2.154040404040404,"contact_reachability":0.5349070818684079,"contact_satisfaction":4.046489563567363,"autonomy":1.836651767574157},"metadata":{"satisfaction_count":2961,"comprehension_count":2693,"contact_count":1980,"contactReachability_count":1991,"contactSatisfaction_count":1054,"autonomy_count":2461}}
