{"data":{"satisfaction":2.4025324891702766,"comprehension":3.541133455210238,"contact":2.1469135802469137,"contact_reachability":0.5415641908509592,"contact_satisfaction":3.977584629460201,"autonomy":1.7861433720464557},"metadata":{"satisfaction_count":3001,"comprehension_count":2735,"contact_count":2025,"contactReachability_count":2033,"contactSatisfaction_count":1093,"autonomy_count":2497}}
