{"data":{"satisfaction":2.458694754233788,"comprehension":3.579454711384896,"contact":2.1936274509803924,"contact_reachability":0.5397305887694869,"contact_satisfaction":4.106681961571551,"autonomy":1.7835443037974683},"metadata":{"satisfaction_count":9684,"comprehension_count":8766,"contact_count":6528,"contactReachability_count":6607,"contactSatisfaction_count":3487,"autonomy_count":7900}}
