{"data":{"satisfaction":2.487623762376238,"comprehension":3.6121611053180396,"contact":2.1798436142484796,"contact_reachability":0.5365980273403703,"contact_satisfaction":4.077023074423139,"autonomy":1.8038705950317735},"metadata":{"satisfaction_count":8484,"comprehension_count":7672,"contact_count":5755,"contactReachability_count":5779,"contactSatisfaction_count":3077,"autonomy_count":6924}}
