{"data":{"satisfaction":2.332463011314186,"comprehension":3.5533175355450237,"contact":2.0347269049224543,"contact_reachability":0.5250836120401338,"contact_satisfaction":3.903622250970246,"autonomy":2.0520833333333335},"metadata":{"satisfaction_count":2298,"comprehension_count":2110,"contact_count":1483,"contactReachability_count":1495,"contactSatisfaction_count":773,"autonomy_count":1920}}
