{"data":{"satisfaction":2.481271404109589,"comprehension":3.6015597305919886,"contact":2.2123647358370464,"contact_reachability":0.54000943247917,"contact_satisfaction":4.1401131625967835,"autonomy":1.7889486809292559},"metadata":{"satisfaction_count":9344,"comprehension_count":8463,"contact_count":6284,"contactReachability_count":6361,"contactSatisfaction_count":3358,"autonomy_count":7619}}
