{"data":{"satisfaction":2.3835059171597632,"comprehension":3.597710547833197,"contact":2.204081632653061,"contact_reachability":0.5382387022016223,"contact_satisfaction":4.117647058823529,"autonomy":1.960252935862692},"metadata":{"satisfaction_count":2704,"comprehension_count":2446,"contact_count":1715,"contactReachability_count":1726,"contactSatisfaction_count":918,"autonomy_count":2214}}
