{"data":{"satisfaction":2.345762060349798,"comprehension":3.523771790808241,"contact":2.061669555170422,"contact_reachability":0.5208661981930303,"contact_satisfaction":3.984091543399386,"autonomy":1.8602498843128181},"metadata":{"satisfaction_count":10406,"comprehension_count":9465,"contact_count":6924,"contactReachability_count":6973,"contactSatisfaction_count":3583,"autonomy_count":8644}}
