{"data":{"satisfaction":2.4308236808236807,"comprehension":3.5652557319223988,"contact":2.0061436672967865,"contact_reachability":0.5077866918357716,"contact_satisfaction":3.956197576887232,"autonomy":1.8726016884113583},"metadata":{"satisfaction_count":3108,"comprehension_count":2835,"contact_count":2116,"contactReachability_count":2119,"contactSatisfaction_count":1073,"autonomy_count":2606}}
