{"data":{"satisfaction":2.3435114503816794,"comprehension":3.501620473848905,"contact":2.044065984420345,"contact_reachability":0.5193386925527074,"contact_satisfaction":3.9616637063351097,"autonomy":1.8550760176557135},"metadata":{"satisfaction_count":9825,"comprehension_count":8948,"contact_count":6547,"contactReachability_count":6593,"contactSatisfaction_count":3378,"autonomy_count":8156}}
