{"data":{"satisfaction":2.395602276015045,"comprehension":3.5300360857567394,"contact":2.115439193983255,"contact_reachability":0.5283204497540408,"contact_satisfaction":4.038878352749932,"autonomy":1.8471411901983663},"metadata":{"satisfaction_count":10369,"comprehension_count":9422,"contact_count":7047,"contactReachability_count":7115,"contactSatisfaction_count":3691,"autonomy_count":8570}}
