{"data":{"satisfaction":2.480439098446806,"comprehension":3.605769230769231,"contact":2.1783625730994154,"contact_reachability":0.5368276807125728,"contact_satisfaction":4.072347266881029,"autonomy":1.7932217932217933},"metadata":{"satisfaction_count":8563,"comprehension_count":7748,"contact_count":5814,"contactReachability_count":5838,"contactSatisfaction_count":3110,"autonomy_count":6993}}
