{"data":{"satisfaction":2.3684210526315788,"comprehension":3.7438189425637125,"contact":2.0865597345132745,"contact_reachability":0.5188627665390924,"contact_satisfaction":4.065193965517241,"autonomy":2.005838198498749},"metadata":{"satisfaction_count":2926,"comprehension_count":2629,"contact_count":1808,"contactReachability_count":1829,"contactSatisfaction_count":928,"autonomy_count":2398}}
