{"data":{"satisfaction":2.394161994973903,"comprehension":3.529521276595745,"contact":2.1148100725565513,"contact_reachability":0.5282513738199239,"contact_satisfaction":4.038304808475957,"autonomy":1.8500760145012278},"metadata":{"satisfaction_count":10346,"comprehension_count":9400,"contact_count":7029,"contactReachability_count":7097,"contactSatisfaction_count":3681,"autonomy_count":8551}}
