{"data":{"satisfaction":2.35303265940902,"comprehension":3.5864352591915964,"contact":2.1099775064267354,"contact_reachability":0.5307164512525929,"contact_satisfaction":4.00015229972586,"autonomy":1.9055900621118012},"metadata":{"satisfaction_count":9645,"comprehension_count":8758,"contact_count":6224,"contactReachability_count":6267,"contactSatisfaction_count":3283,"autonomy_count":8050}}
