{"data":{"satisfaction":2.400103788271925,"comprehension":3.6328790459965927,"contact":2.150163666121113,"contact_reachability":0.5339805825242718,"contact_satisfaction":4.067337461300309,"autonomy":2.043887147335423},"metadata":{"satisfaction_count":1927,"comprehension_count":1761,"contact_count":1222,"contactReachability_count":1236,"contactSatisfaction_count":646,"autonomy_count":1595}}
