{"data":{"satisfaction":2.473404255319149,"comprehension":3.5927795031055902,"contact":2.167021843367075,"contact_reachability":0.5302226935312832,"contact_satisfaction":4.10443995963673,"autonomy":1.8502764780944279},"metadata":{"satisfaction_count":2820,"comprehension_count":2576,"contact_count":1877,"contactReachability_count":1886,"contactSatisfaction_count":991,"autonomy_count":2351}}
