{"data":{"satisfaction":8.56902356902357,"comprehension":8.381178232651024,"contact":4.707792207792208,"contact_reachability":0.636697247706422,"contact_satisfaction":7.441348973607038,"autonomy":5.3554987212276215},"metadata":{"satisfaction_count":2079,"comprehension_count":2003,"contact_count":539,"contactReachability_count":545,"contactSatisfaction_count":341,"autonomy_count":1955}}
