{"data":{"satisfaction":8.5727969348659,"comprehension":8.387176938369782,"contact":4.717592592592593,"contact_reachability":0.6373626373626373,"contact_satisfaction":7.4488304093567255,"autonomy":5.371690427698574},"metadata":{"satisfaction_count":2088,"comprehension_count":2012,"contact_count":540,"contactReachability_count":546,"contactSatisfaction_count":342,"autonomy_count":1964}}
