{"data":{"satisfaction":8.913699456849729,"comprehension":8.577185368877867,"contact":5.293674698795181,"contact_reachability":0.7078313253012049,"contact_satisfaction":7.4787234042553195,"autonomy":5.787476280834914},"metadata":{"satisfaction_count":1657,"comprehension_count":1613,"contact_count":332,"contactReachability_count":332,"contactSatisfaction_count":235,"autonomy_count":1581}}
