{"data":{"satisfaction":9.087719298245615,"comprehension":8.730585424133812,"contact":5.458860759493671,"contact_reachability":0.6772151898734177,"contact_satisfaction":8.060747663551401,"autonomy":6.009732360097324},"metadata":{"satisfaction_count":855,"comprehension_count":837,"contact_count":158,"contactReachability_count":158,"contactSatisfaction_count":107,"autonomy_count":822}}
