{"data":{"satisfaction":8.642297650130548,"comprehension":8.429539295392955,"contact":5.028935185185185,"contact_reachability":0.6766743648960739,"contact_satisfaction":7.440068493150685,"autonomy":5.535911602209945},"metadata":{"satisfaction_count":1915,"comprehension_count":1845,"contact_count":432,"contactReachability_count":433,"contactSatisfaction_count":292,"autonomy_count":1810}}
