{"data":{"satisfaction":9.105736782902138,"comprehension":8.85894495412844,"contact":5.136986301369863,"contact_reachability":0.636986301369863,"contact_satisfaction":8.064516129032258,"autonomy":6.378504672897196},"metadata":{"satisfaction_count":889,"comprehension_count":872,"contact_count":146,"contactReachability_count":146,"contactSatisfaction_count":93,"autonomy_count":856}}
