{"data":{"satisfaction":8.630985915492957,"comprehension":8.446459918080748,"contact":4.878826530612245,"contact_reachability":0.6615776081424937,"contact_satisfaction":7.384169884169884,"autonomy":5.602625298329356},"metadata":{"satisfaction_count":1775,"comprehension_count":1709,"contact_count":392,"contactReachability_count":393,"contactSatisfaction_count":259,"autonomy_count":1676}}
