{"data":{"satisfaction":9.085743801652892,"comprehension":8.760526315789473,"contact":5.578034682080925,"contact_reachability":0.6878612716763006,"contact_satisfaction":8.109243697478991,"autonomy":6.162915326902465},"metadata":{"satisfaction_count":968,"comprehension_count":950,"contact_count":173,"contactReachability_count":173,"contactSatisfaction_count":119,"autonomy_count":933}}
