{"data":{"satisfaction":8.599033816425122,"comprehension":8.196517412935323,"contact":5.388888888888889,"contact_reachability":0.8888888888888888,"contact_satisfaction":6.0625,"autonomy":5.202020202020202},"metadata":{"satisfaction_count":207,"comprehension_count":201,"contact_count":45,"contactReachability_count":45,"contactSatisfaction_count":40,"autonomy_count":198}}
