{"data":{"satisfaction":8.552093973442288,"comprehension":8.364262990455991,"contact":4.68503937007874,"contact_reachability":0.6361867704280155,"contact_satisfaction":7.414330218068536,"autonomy":5.358695652173913},"metadata":{"satisfaction_count":1958,"comprehension_count":1886,"contact_count":508,"contactReachability_count":514,"contactSatisfaction_count":321,"autonomy_count":1840}}
