{"data":{"satisfaction":8.214285714285714,"comprehension":7.896039603960396,"contact":5.721153846153846,"contact_reachability":0.7735849056603774,"contact_satisfaction":7.4375,"autonomy":4.82051282051282},"metadata":{"satisfaction_count":210,"comprehension_count":202,"contact_count":52,"contactReachability_count":53,"contactSatisfaction_count":40,"autonomy_count":195}}
