{"data":{"satisfaction":8.75,"comprehension":8.267045454545455,"contact":6.018518518518518,"contact_reachability":0.7818181818181819,"contact_satisfaction":7.738095238095238,"autonomy":4.56140350877193},"metadata":{"satisfaction_count":184,"comprehension_count":176,"contact_count":54,"contactReachability_count":55,"contactSatisfaction_count":42,"autonomy_count":171}}
