{"data":{"satisfaction":8.788546255506608,"comprehension":8.513824884792626,"contact":5.657894736842105,"contact_reachability":0.7368421052631579,"contact_satisfaction":7.678571428571429,"autonomy":5.165876777251185},"metadata":{"satisfaction_count":227,"comprehension_count":217,"contact_count":57,"contactReachability_count":57,"contactSatisfaction_count":42,"autonomy_count":211}}
