{"data":{"satisfaction":8.595360824742269,"comprehension":8.13660477453581,"contact":4.103260869565218,"contact_reachability":0.6413043478260869,"contact_satisfaction":6.398305084745763,"autonomy":5.245901639344262},"metadata":{"satisfaction_count":388,"comprehension_count":377,"contact_count":92,"contactReachability_count":92,"contactSatisfaction_count":59,"autonomy_count":366}}
