{"data":{"satisfaction":8.78076062639821,"comprehension":8.467510063254744,"contact":4.932975871313673,"contact_reachability":0.6684491978609626,"contact_satisfaction":7.389558232931727,"autonomy":5.675675675675675},"metadata":{"satisfaction_count":1788,"comprehension_count":1739,"contact_count":373,"contactReachability_count":374,"contactSatisfaction_count":249,"autonomy_count":1702}}
