{"data":{"satisfaction":7.0335820895522385,"comprehension":7.069327731092437,"contact":4.551282051282051,"contact_reachability":0.775,"contact_satisfaction":5.916666666666667,"autonomy":6.956521739130435},"metadata":{"satisfaction_count":268,"comprehension_count":238,"contact_count":39,"contactReachability_count":40,"contactSatisfaction_count":30,"autonomy_count":230}}
