{"data":{"satisfaction":7.051991150442478,"comprehension":7.266009852216749,"contact":5.06993006993007,"contact_reachability":0.7482993197278912,"contact_satisfaction":6.839622641509434,"autonomy":7.058047493403694},"metadata":{"satisfaction_count":904,"comprehension_count":812,"contact_count":143,"contactReachability_count":147,"contactSatisfaction_count":106,"autonomy_count":758}}
