{"data":{"satisfaction":7.161520190023753,"comprehension":7.404227212681638,"contact":5.211538461538462,"contact_reachability":0.7557251908396947,"contact_satisfaction":6.913265306122449,"autonomy":7.173295454545454},"metadata":{"satisfaction_count":842,"comprehension_count":757,"contact_count":130,"contactReachability_count":131,"contactSatisfaction_count":98,"autonomy_count":704}}
