{"data":{"satisfaction":7.2,"comprehension":7.444444444444445,"contact":5.367647058823529,"contact_reachability":0.7941176470588235,"contact_satisfaction":6.7592592592592595,"autonomy":7.069767441860465},"metadata":{"satisfaction_count":250,"comprehension_count":225,"contact_count":34,"contactReachability_count":34,"contactSatisfaction_count":27,"autonomy_count":215}}
