{"data":{"satisfaction":7.056772908366534,"comprehension":7.216666666666667,"contact":5.168711656441718,"contact_reachability":0.7604790419161677,"contact_satisfaction":6.849593495934959,"autonomy":7.0308788598574825},"metadata":{"satisfaction_count":1004,"comprehension_count":900,"contact_count":163,"contactReachability_count":167,"contactSatisfaction_count":123,"autonomy_count":842}}
