{"data":{"satisfaction":7.2023809523809526,"comprehension":7.4449339207048455,"contact":5.357142857142857,"contact_reachability":0.8,"contact_satisfaction":6.696428571428571,"autonomy":7.050691244239632},"metadata":{"satisfaction_count":252,"comprehension_count":227,"contact_count":35,"contactReachability_count":35,"contactSatisfaction_count":28,"autonomy_count":217}}
