{"data":{"satisfaction":7.0582329317269075,"comprehension":7.211322869955157,"contact":5.138888888888889,"contact_reachability":0.7590361445783133,"contact_satisfaction":6.823770491803279,"autonomy":7.026378896882494},"metadata":{"satisfaction_count":996,"comprehension_count":892,"contact_count":162,"contactReachability_count":166,"contactSatisfaction_count":122,"autonomy_count":834}}
