{"data":{"satisfaction":7.160714285714286,"comprehension":7.403973509933775,"contact":5.213178294573644,"contact_reachability":0.7538461538461538,"contact_satisfaction":6.93298969072165,"autonomy":7.17948717948718},"metadata":{"satisfaction_count":840,"comprehension_count":755,"contact_count":129,"contactReachability_count":130,"contactSatisfaction_count":97,"autonomy_count":702}}
