{"data":{"satisfaction":6.919014084507042,"comprehension":6.716269841269841,"contact":5.166666666666667,"contact_reachability":0.8043478260869565,"contact_satisfaction":6.458333333333333,"autonomy":6.816326530612245},"metadata":{"satisfaction_count":284,"comprehension_count":252,"contact_count":45,"contactReachability_count":46,"contactSatisfaction_count":36,"autonomy_count":245}}
