{"data":{"satisfaction":7.135416666666667,"comprehension":6.719626168224299,"contact":4.46078431372549,"contact_reachability":0.8407643312101911,"contact_satisfaction":5.33203125,"autonomy":5.420743639921722},"metadata":{"satisfaction_count":576,"comprehension_count":535,"contact_count":153,"contactReachability_count":157,"contactSatisfaction_count":128,"autonomy_count":511}}
