{"data":{"satisfaction":7.067395264116575,"comprehension":6.567460317460317,"contact":4.087591240875913,"contact_reachability":0.8273381294964028,"contact_satisfaction":4.95575221238938,"autonomy":5.327868852459017},"metadata":{"satisfaction_count":549,"comprehension_count":504,"contact_count":137,"contactReachability_count":139,"contactSatisfaction_count":113,"autonomy_count":488}}
