{"data":{"satisfaction":7.1366782006920415,"comprehension":6.717877094972067,"contact":4.46078431372549,"contact_reachability":0.8407643312101911,"contact_satisfaction":5.33203125,"autonomy":5.43859649122807},"metadata":{"satisfaction_count":578,"comprehension_count":537,"contact_count":153,"contactReachability_count":157,"contactSatisfaction_count":128,"autonomy_count":513}}
