{"data":{"satisfaction":7.1602434077079105,"comprehension":6.705043859649122,"contact":4.752252252252252,"contact_reachability":0.8495575221238938,"contact_satisfaction":5.611702127659575,"autonomy":5.570776255707763},"metadata":{"satisfaction_count":493,"comprehension_count":456,"contact_count":111,"contactReachability_count":113,"contactSatisfaction_count":94,"autonomy_count":438}}
