{"data":{"satisfaction":7.72108843537415,"comprehension":7.224264705882353,"contact":6.339285714285714,"contact_reachability":0.7931034482758621,"contact_satisfaction":8.068181818181818,"autonomy":5.853658536585366},"metadata":{"satisfaction_count":147,"comprehension_count":136,"contact_count":28,"contactReachability_count":29,"contactSatisfaction_count":22,"autonomy_count":123}}
