{"data":{"satisfaction":7.117750439367311,"comprehension":6.696597353497165,"contact":4.440789473684211,"contact_reachability":0.8397435897435898,"contact_satisfaction":5.31496062992126,"autonomy":5.395256916996048},"metadata":{"satisfaction_count":569,"comprehension_count":529,"contact_count":152,"contactReachability_count":156,"contactSatisfaction_count":127,"autonomy_count":506}}
