{"data":{"satisfaction":7.150537634408602,"comprehension":6.8023255813953485,"contact":5.714285714285714,"contact_reachability":0.7857142857142857,"contact_satisfaction":7.2727272727272725,"autonomy":5.232558139534884},"metadata":{"satisfaction_count":93,"comprehension_count":86,"contact_count":14,"contactReachability_count":14,"contactSatisfaction_count":11,"autonomy_count":86}}
