{"data":{"satisfaction":6.57563025210084,"comprehension":6.607142857142857,"contact":4.625603864734299,"contact_reachability":0.6619047619047619,"contact_satisfaction":7.040441176470588,"autonomy":5.045180722891566},"metadata":{"satisfaction_count":714,"comprehension_count":686,"contact_count":207,"contactReachability_count":210,"contactSatisfaction_count":136,"autonomy_count":664}}
