{"data":{"satisfaction":6.778661951075744,"comprehension":6.713194011228945,"contact":4.657012195121951,"contact_reachability":0.6445783132530121,"contact_satisfaction":7.273809523809524,"autonomy":5.198180636777128},"metadata":{"satisfaction_count":3393,"comprehension_count":3206,"contact_count":984,"contactReachability_count":996,"contactSatisfaction_count":630,"autonomy_count":3078}}
