{"data":{"satisfaction":6.701579116983564,"comprehension":6.661829976101059,"contact":4.823628219484882,"contact_reachability":0.6718403547671841,"contact_satisfaction":7.215242881072027,"autonomy":5.221640488656195},"metadata":{"satisfaction_count":3103,"comprehension_count":2929,"contact_count":893,"contactReachability_count":902,"contactSatisfaction_count":597,"autonomy_count":2865}}
