{"data":{"satisfaction":6.688311688311688,"comprehension":6.744712990936556,"contact":4.847222222222222,"contact_reachability":0.6830601092896175,"contact_satisfaction":7.151639344262295,"autonomy":5.211267605633803},"metadata":{"satisfaction_count":693,"comprehension_count":662,"contact_count":180,"contactReachability_count":183,"contactSatisfaction_count":122,"autonomy_count":639}}
