{"data":{"satisfaction":6.741007194244604,"comprehension":6.771148036253776,"contact":4.831460674157303,"contact_reachability":0.6685082872928176,"contact_satisfaction":7.288135593220339,"autonomy":5.242566510172144},"metadata":{"satisfaction_count":695,"comprehension_count":662,"contact_count":178,"contactReachability_count":181,"contactSatisfaction_count":118,"autonomy_count":639}}
