{"data":{"satisfaction":6.749622926093514,"comprehension":6.845238095238095,"contact":4.792817679558011,"contact_reachability":0.6758241758241759,"contact_satisfaction":7.110655737704918,"autonomy":5.466666666666667},"metadata":{"satisfaction_count":663,"comprehension_count":630,"contact_count":181,"contactReachability_count":182,"contactSatisfaction_count":122,"autonomy_count":600}}
