{"data":{"satisfaction":6.626275510204081,"comprehension":6.742323097463284,"contact":4.849537037037037,"contact_reachability":0.6912442396313364,"contact_satisfaction":7.030201342281879,"autonomy":5.591549295774648},"metadata":{"satisfaction_count":784,"comprehension_count":749,"contact_count":216,"contactReachability_count":217,"contactSatisfaction_count":149,"autonomy_count":710}}
