{"data":{"satisfaction":6.707779886148008,"comprehension":6.659128978224456,"contact":4.824561403508772,"contact_reachability":0.6710097719869706,"contact_satisfaction":7.22495894909688,"autonomy":5.222755311857437},"metadata":{"satisfaction_count":3162,"comprehension_count":2985,"contact_count":912,"contactReachability_count":921,"contactSatisfaction_count":609,"autonomy_count":2918}}
