{"data":{"satisfaction":6.7167842896594045,"comprehension":6.667478882391163,"contact":4.82258064516129,"contact_reachability":0.6719914802981896,"contact_satisfaction":7.210610932475884,"autonomy":5.226214238190286},"metadata":{"satisfaction_count":3259,"comprehension_count":3078,"contact_count":930,"contactReachability_count":939,"contactSatisfaction_count":622,"autonomy_count":3006}}
