{"data":{"satisfaction":6.736196319018405,"comprehension":6.801282051282051,"contact":4.782110091743119,"contact_reachability":0.680365296803653,"contact_satisfaction":7.043918918918919,"autonomy":5.531628532974428},"metadata":{"satisfaction_count":815,"comprehension_count":780,"contact_count":218,"contactReachability_count":219,"contactSatisfaction_count":148,"autonomy_count":743}}
