{"data":{"satisfaction":6.599740932642487,"comprehension":6.756114130434782,"contact":4.931818181818182,"contact_reachability":0.6968325791855203,"contact_satisfaction":7.091503267973856,"autonomy":5.512820512820513},"metadata":{"satisfaction_count":772,"comprehension_count":736,"contact_count":220,"contactReachability_count":221,"contactSatisfaction_count":153,"autonomy_count":702}}
