{"data":{"satisfaction":6.573107049608355,"comprehension":6.742837653478854,"contact":4.740932642487047,"contact_reachability":0.6597938144329897,"contact_satisfaction":7.2047244094488185,"autonomy":5.246826516220028},"metadata":{"satisfaction_count":766,"comprehension_count":733,"contact_count":193,"contactReachability_count":194,"contactSatisfaction_count":127,"autonomy_count":709}}
