{"data":{"satisfaction":6.803940568475452,"comprehension":6.719178082191781,"contact":4.576271186440678,"contact_reachability":0.6343366778149386,"contact_satisfaction":7.271095152603231,"autonomy":5.168260715550833},"metadata":{"satisfaction_count":3096,"comprehension_count":2920,"contact_count":885,"contactReachability_count":897,"contactSatisfaction_count":557,"autonomy_count":2823}}
