{"data":{"satisfaction":6.806441326530612,"comprehension":6.726934775261912,"contact":4.582866741321388,"contact_reachability":0.63646408839779,"contact_satisfaction":7.256205673758865,"autonomy":5.171328671328672},"metadata":{"satisfaction_count":3136,"comprehension_count":2959,"contact_count":893,"contactReachability_count":905,"contactSatisfaction_count":564,"autonomy_count":2860}}
