{"data":{"satisfaction":6.804838709677419,"comprehension":6.721956224350206,"contact":4.577226606538895,"contact_reachability":0.6340378197997776,"contact_satisfaction":7.275985663082437,"autonomy":5.168022638839759},"metadata":{"satisfaction_count":3100,"comprehension_count":2924,"contact_count":887,"contactReachability_count":899,"contactSatisfaction_count":558,"autonomy_count":2827}}
