{"data":{"satisfaction":6.789185905224787,"comprehension":6.709257473481196,"contact":4.59915611814346,"contact_reachability":0.6375,"contact_satisfaction":7.266666666666667,"autonomy":5.15785975407112},"metadata":{"satisfaction_count":3292,"comprehension_count":3111,"contact_count":948,"contactReachability_count":960,"contactSatisfaction_count":600,"autonomy_count":3009}}
