{"data":{"satisfaction":6.634214186369959,"comprehension":6.692139737991266,"contact":5.011363636363637,"contact_reachability":0.6981981981981982,"contact_satisfaction":7.205882352941177,"autonomy":5.037821482602118},"metadata":{"satisfaction_count":719,"comprehension_count":687,"contact_count":220,"contactReachability_count":222,"contactSatisfaction_count":153,"autonomy_count":661}}
