{"data":{"satisfaction":6.736613603473227,"comprehension":6.779210925644916,"contact":4.804469273743017,"contact_reachability":0.6648351648351648,"contact_satisfaction":7.288135593220339,"autonomy":5.267295597484277},"metadata":{"satisfaction_count":691,"comprehension_count":659,"contact_count":179,"contactReachability_count":182,"contactSatisfaction_count":118,"autonomy_count":636}}
