{"data":{"satisfaction":6.704473850031506,"comprehension":6.658878504672897,"contact":4.8225982532751095,"contact_reachability":0.6713513513513514,"contact_satisfaction":7.2181372549019605,"autonomy":5.218579234972678},"metadata":{"satisfaction_count":3174,"comprehension_count":2996,"contact_count":916,"contactReachability_count":925,"contactSatisfaction_count":612,"autonomy_count":2928}}
