{"data":{"satisfaction":6.647286821705427,"comprehension":6.75,"contact":4.8584905660377355,"contact_reachability":0.6901408450704225,"contact_satisfaction":7.054794520547945,"autonomy":5.612535612535613},"metadata":{"satisfaction_count":774,"comprehension_count":740,"contact_count":212,"contactReachability_count":213,"contactSatisfaction_count":146,"autonomy_count":702}}
