{"data":{"satisfaction":6.774859840660962,"comprehension":6.709088069956278,"contact":4.646130346232179,"contact_reachability":0.6438631790744467,"contact_satisfaction":7.265127388535032,"autonomy":5.198438516590762},"metadata":{"satisfaction_count":3389,"comprehension_count":3202,"contact_count":982,"contactReachability_count":994,"contactSatisfaction_count":628,"autonomy_count":3074}}
