{"data":{"satisfaction":6.818497913769124,"comprehension":6.72623434045689,"contact":4.5435308343409915,"contact_reachability":0.6332931242460796,"contact_satisfaction":7.184512428298279,"autonomy":5.186737804878049},"metadata":{"satisfaction_count":2876,"comprehension_count":2714,"contact_count":827,"contactReachability_count":829,"contactSatisfaction_count":523,"autonomy_count":2624}}
