{"data":{"satisfaction":7.803738317757009,"comprehension":7.552631578947368,"contact":3.9285714285714284,"contact_reachability":0.42857142857142855,"contact_satisfaction":9.166666666666666,"autonomy":7.666666666666667},"metadata":{"satisfaction_count":107,"comprehension_count":95,"contact_count":7,"contactReachability_count":7,"contactSatisfaction_count":3,"autonomy_count":90}}
