{"data":{"satisfaction":9.386317907444669,"comprehension":9.000422654268808,"contact":7.780458383594692,"contact_reachability":0.9258373205741627,"contact_satisfaction":8.409387222946545,"autonomy":6.488095238095238},"metadata":{"satisfaction_count":2485,"comprehension_count":2366,"contact_count":829,"contactReachability_count":836,"contactSatisfaction_count":767,"autonomy_count":2352}}
