{"data":{"satisfaction":9.263459335624285,"comprehension":8.589777195281782,"contact":7.792114695340501,"contact_reachability":0.9144645340751043,"contact_satisfaction":8.54559748427673,"autonomy":6.320519221168247},"metadata":{"satisfaction_count":4365,"comprehension_count":3815,"contact_count":1395,"contactReachability_count":1438,"contactSatisfaction_count":1272,"autonomy_count":4006}}
