{"data":{"satisfaction":9.30676992255808,"comprehension":8.775075570211596,"contact":7.8018723729461215,"contact_reachability":0.9270482603815937,"contact_satisfaction":8.43001651527663,"autonomy":6.3867684478371505},"metadata":{"satisfaction_count":8006,"comprehension_count":7278,"contact_count":2617,"contactReachability_count":2673,"contactSatisfaction_count":2422,"autonomy_count":7467}}
