{"data":{"satisfaction":9.189589504866694,"comprehension":8.823397579560735,"contact":7.762096774193548,"contact_reachability":0.9213630406290957,"contact_satisfaction":8.442982456140351,"autonomy":6.536363636363636},"metadata":{"satisfaction_count":2363,"comprehension_count":2231,"contact_count":744,"contactReachability_count":763,"contactSatisfaction_count":684,"autonomy_count":2200}}
