{"data":{"satisfaction":9.226720647773279,"comprehension":8.86285836542576,"contact":7.706964520367937,"contact_reachability":0.9227799227799228,"contact_satisfaction":8.366619115549215,"autonomy":6.530612244897959},"metadata":{"satisfaction_count":2470,"comprehension_count":2337,"contact_count":761,"contactReachability_count":777,"contactSatisfaction_count":701,"autonomy_count":2303}}
