{"data":{"satisfaction":9.263736263736265,"comprehension":8.65110759493671,"contact":7.80491599253267,"contact_reachability":0.9182808716707022,"contact_satisfaction":8.520720108695652,"autonomy":6.322734155310404},"metadata":{"satisfaction_count":5005,"comprehension_count":4424,"contact_count":1607,"contactReachability_count":1652,"contactSatisfaction_count":1472,"autonomy_count":4623}}
