{"data":{"satisfaction":9.404985888993416,"comprehension":9.008897676717746,"contact":7.949479940564636,"contact_reachability":0.9394387001477105,"contact_satisfaction":8.465189873417721,"autonomy":6.5440079562406765},"metadata":{"satisfaction_count":2126,"comprehension_count":2023,"contact_count":673,"contactReachability_count":677,"contactSatisfaction_count":632,"autonomy_count":2011}}
