{"data":{"satisfaction":9.3023670750565,"comprehension":8.775277234181344,"contact":7.780109489051095,"contact_reachability":0.9259921344297461,"contact_satisfaction":8.415909988156336,"autonomy":6.403318442884492},"metadata":{"satisfaction_count":8407,"comprehension_count":7665,"contact_count":2740,"contactReachability_count":2797,"contactSatisfaction_count":2533,"autonomy_count":7835}}
