{"data":{"satisfaction":9.301068812297347,"comprehension":8.77520759193357,"contact":7.792004421518055,"contact_reachability":0.9271021291952364,"contact_satisfaction":8.41859076433121,"autonomy":6.3973714727483575},"metadata":{"satisfaction_count":8327,"comprehension_count":7587,"contact_count":2714,"contactReachability_count":2771,"contactSatisfaction_count":2512,"autonomy_count":7761}}
