{"data":{"satisfaction":9.208899876390605,"comprehension":8.858790252393385,"contact":7.797062750333779,"contact_reachability":0.92578125,"contact_satisfaction":8.439306358381502,"autonomy":6.592920353982301},"metadata":{"satisfaction_count":2427,"comprehension_count":2298,"contact_count":749,"contactReachability_count":768,"contactSatisfaction_count":692,"autonomy_count":2260}}
