{"data":{"satisfaction":9.276692489053554,"comprehension":8.690050780515328,"contact":7.8000517330574235,"contact_reachability":0.9223398890569844,"contact_satisfaction":8.475267003934794,"autonomy":6.350736765508459},"metadata":{"satisfaction_count":5938,"comprehension_count":5317,"contact_count":1933,"contactReachability_count":1983,"contactSatisfaction_count":1779,"autonomy_count":5497}}
