{"data":{"satisfaction":9.253849190682985,"comprehension":8.859193011647255,"contact":7.656990521327014,"contact_reachability":0.9279907084785134,"contact_satisfaction":8.264066496163682,"autonomy":6.491154170176917},"metadata":{"satisfaction_count":2533,"comprehension_count":2404,"contact_count":844,"contactReachability_count":861,"contactSatisfaction_count":782,"autonomy_count":2374}}
