{"data":{"satisfaction":9.376026272577997,"comprehension":8.981401384083044,"contact":7.785626535626536,"contact_reachability":0.93681652490887,"contact_satisfaction":8.316929133858268,"autonomy":6.497615951452103},"metadata":{"satisfaction_count":2436,"comprehension_count":2312,"contact_count":814,"contactReachability_count":823,"contactSatisfaction_count":762,"autonomy_count":2307}}
