{"data":{"satisfaction":9.308465025113316,"comprehension":8.779789955567525,"contact":7.794505080918329,"contact_reachability":0.9262808698857353,"contact_satisfaction":8.428978428978429,"autonomy":6.401051939513478},"metadata":{"satisfaction_count":8163,"comprehension_count":7427,"contact_count":2657,"contactReachability_count":2713,"contactSatisfaction_count":2457,"autonomy_count":7605}}
