{"data":{"satisfaction":9.227912431587178,"comprehension":8.872731023102311,"contact":7.737789203084833,"contact_reachability":0.9270440251572327,"contact_satisfaction":8.36111111111111,"autonomy":6.633123689727463},"metadata":{"satisfaction_count":2558,"comprehension_count":2424,"contact_count":778,"contactReachability_count":795,"contactSatisfaction_count":720,"autonomy_count":2385}}
