{"data":{"satisfaction":9.211206896551724,"comprehension":8.814882866329812,"contact":7.802706552706553,"contact_reachability":0.9195561719833565,"contact_satisfaction":8.505434782608695,"autonomy":6.595348837209302},"metadata":{"satisfaction_count":2320,"comprehension_count":2177,"contact_count":702,"contactReachability_count":721,"contactSatisfaction_count":644,"autonomy_count":2150}}
