{"data":{"satisfaction":9.364115026326449,"comprehension":8.968270868824531,"contact":7.732342007434944,"contact_reachability":0.9348894348894349,"contact_satisfaction":8.275862068965518,"autonomy":6.526946107784431},"metadata":{"satisfaction_count":2469,"comprehension_count":2348,"contact_count":807,"contactReachability_count":814,"contactSatisfaction_count":754,"autonomy_count":2338}}
