{"data":{"satisfaction":9.197884530630233,"comprehension":8.80347907851434,"contact":7.797356828193832,"contact_reachability":0.9185714285714286,"contact_satisfaction":8.509615384615385,"autonomy":6.580952380952381},"metadata":{"satisfaction_count":2269,"comprehension_count":2127,"contact_count":681,"contactReachability_count":700,"contactSatisfaction_count":624,"autonomy_count":2100}}
