{"data":{"satisfaction":9.316280181687784,"comprehension":8.890910251500063,"contact":7.767725258493353,"contact_reachability":0.9277414669571532,"contact_satisfaction":8.383818254284575,"autonomy":6.4489069649212},"metadata":{"satisfaction_count":8366,"comprehension_count":7833,"contact_count":2708,"contactReachability_count":2754,"contactSatisfaction_count":2509,"autonomy_count":7868}}
