{"data":{"satisfaction":9.280693533270853,"comprehension":8.960089241447694,"contact":7.870967741935484,"contact_reachability":0.9258312020460358,"contact_satisfaction":8.507670850767084,"autonomy":6.195706440339491},"metadata":{"satisfaction_count":2134,"comprehension_count":2017,"contact_count":775,"contactReachability_count":782,"contactSatisfaction_count":717,"autonomy_count":2003}}
