{"data":{"satisfaction":9.209871422646206,"comprehension":8.847502191060473,"contact":7.712628865979381,"contact_reachability":0.926860025220681,"contact_satisfaction":8.335654596100278,"autonomy":6.487327701200534},"metadata":{"satisfaction_count":2411,"comprehension_count":2282,"contact_count":776,"contactReachability_count":793,"contactSatisfaction_count":718,"autonomy_count":2249}}
