{"data":{"satisfaction":9.216969185310257,"comprehension":8.846325167037861,"contact":7.660340314136126,"contact_reachability":0.926829268292683,"contact_satisfaction":8.277934936350778,"autonomy":6.475631768953068},"metadata":{"satisfaction_count":2369,"comprehension_count":2245,"contact_count":764,"contactReachability_count":779,"contactSatisfaction_count":707,"autonomy_count":2216}}
