{"data":{"satisfaction":9.229607250755286,"comprehension":8.811059907834101,"contact":7.765804597701149,"contact_reachability":0.9260312944523471,"contact_satisfaction":8.392857142857142,"autonomy":6.554934823091248},"metadata":{"satisfaction_count":2317,"comprehension_count":2170,"contact_count":696,"contactReachability_count":703,"contactSatisfaction_count":644,"autonomy_count":2148}}
