{"data":{"satisfaction":9.271032504780115,"comprehension":8.58641975308642,"contact":7.711738484398217,"contact_reachability":0.9158741770299926,"contact_satisfaction":8.43216896831844,"autonomy":6.34610372686995},"metadata":{"satisfaction_count":4184,"comprehension_count":3645,"contact_count":1346,"contactReachability_count":1367,"contactSatisfaction_count":1231,"autonomy_count":3837}}
