{"data":{"satisfaction":9.267352185089974,"comprehension":8.590482573726542,"contact":7.819852941176471,"contact_reachability":0.9158345221112696,"contact_satisfaction":8.56280193236715,"autonomy":6.336053034166242},"metadata":{"satisfaction_count":4279,"comprehension_count":3730,"contact_count":1360,"contactReachability_count":1402,"contactSatisfaction_count":1242,"autonomy_count":3922}}
