{"data":{"satisfaction":9.279742205190733,"comprehension":8.68980308052252,"contact":7.798810167658194,"contact_reachability":0.9219409282700421,"contact_satisfaction":8.477366255144032,"autonomy":6.3472378804960545},"metadata":{"satisfaction_count":5741,"comprehension_count":5129,"contact_count":1849,"contactReachability_count":1896,"contactSatisfaction_count":1701,"autonomy_count":5322}}
