{"data":{"satisfaction":9.37448896156991,"comprehension":8.987941429801895,"contact":7.794653705953827,"contact_reachability":0.9362980769230769,"contact_satisfaction":8.331168831168831,"autonomy":6.479481641468682},"metadata":{"satisfaction_count":2446,"comprehension_count":2322,"contact_count":823,"contactReachability_count":832,"contactSatisfaction_count":770,"autonomy_count":2315}}
