{"data":{"satisfaction":9.199480744266552,"comprehension":8.800184586986617,"contact":7.819683908045977,"contact_reachability":0.9188811188811189,"contact_satisfaction":8.530564263322884,"autonomy":6.583996256434253},"metadata":{"satisfaction_count":2311,"comprehension_count":2167,"contact_count":696,"contactReachability_count":715,"contactSatisfaction_count":638,"autonomy_count":2137}}
