{"data":{"satisfaction":9.225229157573112,"comprehension":8.806526806526806,"contact":7.891432791728213,"contact_reachability":0.9240687679083095,"contact_satisfaction":8.561698717948717,"autonomy":6.578574799433695},"metadata":{"satisfaction_count":2291,"comprehension_count":2145,"contact_count":677,"contactReachability_count":698,"contactSatisfaction_count":624,"autonomy_count":2119}}
