{"data":{"satisfaction":9.24025974025974,"comprehension":8.81530282015719,"contact":7.785404624277457,"contact_reachability":0.9256080114449213,"contact_satisfaction":8.41796875,"autonomy":6.549953314659197},"metadata":{"satisfaction_count":2310,"comprehension_count":2163,"contact_count":692,"contactReachability_count":699,"contactSatisfaction_count":640,"autonomy_count":2142}}
