{"data":{"satisfaction":9.278773663930307,"comprehension":8.692969334330591,"contact":7.788065843621399,"contact_reachability":0.9222668004012036,"contact_satisfaction":8.462828395751817,"autonomy":6.353771025501899},"metadata":{"satisfaction_count":5969,"comprehension_count":5348,"contact_count":1944,"contactReachability_count":1994,"contactSatisfaction_count":1789,"autonomy_count":5529}}
