{"data":{"satisfaction":9.320037322136692,"comprehension":8.945154157965852,"contact":7.75085910652921,"contact_reachability":0.9273837801153716,"contact_satisfaction":8.366097922848665,"autonomy":6.427686973749381},"metadata":{"satisfaction_count":8574,"comprehension_count":8141,"contact_count":2910,"contactReachability_count":2947,"contactSatisfaction_count":2696,"autonomy_count":8076}}
