{"data":{"satisfaction":9.19706498951782,"comprehension":8.846409574468085,"contact":7.80241935483871,"contact_reachability":0.9252948885976409,"contact_satisfaction":8.449781659388647,"autonomy":6.546600630346691},"metadata":{"satisfaction_count":2385,"comprehension_count":2256,"contact_count":744,"contactReachability_count":763,"contactSatisfaction_count":687,"autonomy_count":2221}}
