{"data":{"satisfaction":9.372169617126389,"comprehension":8.98417172593235,"contact":7.817745803357314,"contact_reachability":0.9406880189798339,"contact_satisfaction":8.316326530612244,"autonomy":6.492829204693612},"metadata":{"satisfaction_count":2429,"comprehension_count":2306,"contact_count":834,"contactReachability_count":843,"contactSatisfaction_count":784,"autonomy_count":2301}}
