{"data":{"satisfaction":9.27415458937198,"comprehension":8.582130965593784,"contact":7.716328066215199,"contact_reachability":0.9155555555555556,"contact_satisfaction":8.440329218106996,"autonomy":6.331314195417435},"metadata":{"satisfaction_count":4140,"comprehension_count":3604,"contact_count":1329,"contactReachability_count":1350,"contactSatisfaction_count":1215,"autonomy_count":3797}}
