{"data":{"satisfaction":9.317445071437147,"comprehension":8.892307692307693,"contact":7.772424017790956,"contact_reachability":0.9278162595698141,"contact_satisfaction":8.388,"autonomy":6.449182839632278},"metadata":{"satisfaction_count":8329,"comprehension_count":7800,"contact_count":2698,"contactReachability_count":2743,"contactSatisfaction_count":2500,"autonomy_count":7832}}
