{"data":{"satisfaction":9.268677311255667,"comprehension":8.660356347438753,"contact":7.80902348578492,"contact_reachability":0.9188214070956103,"contact_satisfaction":8.519892110586648,"autonomy":6.347918890074706},"metadata":{"satisfaction_count":5073,"comprehension_count":4490,"contact_count":1618,"contactReachability_count":1663,"contactSatisfaction_count":1483,"autonomy_count":4685}}
