{"data":{"satisfaction":9.37525604260549,"comprehension":8.98252050064739,"contact":7.786236297198538,"contact_reachability":0.9373493975903614,"contact_satisfaction":8.312743823146944,"autonomy":6.496539792387543},"metadata":{"satisfaction_count":2441,"comprehension_count":2317,"contact_count":821,"contactReachability_count":830,"contactSatisfaction_count":769,"autonomy_count":2312}}
