{"data":{"satisfaction":9.38663967611336,"comprehension":9.002552105487027,"contact":7.760290556900727,"contact_reachability":0.9244604316546763,"contact_satisfaction":8.401048492791611,"autonomy":6.494228302693458},"metadata":{"satisfaction_count":2470,"comprehension_count":2351,"contact_count":826,"contactReachability_count":834,"contactSatisfaction_count":763,"autonomy_count":2339}}
