{"data":{"satisfaction":9.219565217391304,"comprehension":8.811892642295234,"contact":7.863901018922853,"contact_reachability":0.9236209335219236,"contact_satisfaction":8.5347551342812,"autonomy":6.588345864661654},"metadata":{"satisfaction_count":2300,"comprehension_count":2161,"contact_count":687,"contactReachability_count":707,"contactSatisfaction_count":633,"autonomy_count":2128}}
