{"data":{"satisfaction":9.228227060653188,"comprehension":8.873152709359607,"contact":7.758620689655173,"contact_reachability":0.9275,"contact_satisfaction":8.379310344827585,"autonomy":6.619424760316798},"metadata":{"satisfaction_count":2572,"comprehension_count":2436,"contact_count":783,"contactReachability_count":800,"contactSatisfaction_count":725,"autonomy_count":2399}}
