{"data":{"satisfaction":9.23493714781101,"comprehension":8.810129509713228,"contact":7.778581765557163,"contact_reachability":0.9255014326647565,"contact_satisfaction":8.411580594679187,"autonomy":6.542056074766355},"metadata":{"satisfaction_count":2307,"comprehension_count":2162,"contact_count":691,"contactReachability_count":698,"contactSatisfaction_count":639,"autonomy_count":2140}}
