{"data":{"satisfaction":9.35257731958763,"comprehension":8.957881024750325,"contact":7.752206809583859,"contact_reachability":0.93625,"contact_satisfaction":8.285040431266847,"autonomy":6.499564080209241},"metadata":{"satisfaction_count":2425,"comprehension_count":2303,"contact_count":793,"contactReachability_count":800,"contactSatisfaction_count":742,"autonomy_count":2294}}
