{"data":{"satisfaction":9.308699375994127,"comprehension":8.78075837031061,"contact":7.79466966966967,"contact_reachability":0.9264705882352942,"contact_satisfaction":8.427353896103897,"autonomy":6.40220675160909},"metadata":{"satisfaction_count":8173,"comprehension_count":7437,"contact_count":2664,"contactReachability_count":2720,"contactSatisfaction_count":2464,"autonomy_count":7613}}
