{"data":{"satisfaction":7.8860103626943,"comprehension":8.04848660111818,"contact":4.383561643835616,"contact_reachability":0.6051502145922747,"contact_satisfaction":7.559055118110236,"autonomy":7.912937347436941},"metadata":{"satisfaction_count":5790,"comprehension_count":5187,"contact_count":438,"contactReachability_count":466,"contactSatisfaction_count":254,"autonomy_count":4916}}
