{"data":{"satisfaction":7.743044560054287,"comprehension":7.942423308154771,"contact":4.0177478580171355,"contact_reachability":0.5822273514137334,"contact_satisfaction":7.214285714285714,"autonomy":7.782601617192164},"metadata":{"satisfaction_count":22105,"comprehension_count":19461,"contact_count":1634,"contactReachability_count":1733,"contactSatisfaction_count":910,"autonomy_count":18427}}
