{"data":{"satisfaction":7.739192062367115,"comprehension":7.927585124745018,"contact":3.7704918032786887,"contact_reachability":0.5669014084507042,"contact_satisfaction":6.8316831683168315,"autonomy":7.6721629485935985},"metadata":{"satisfaction_count":7055,"comprehension_count":6373,"contact_count":549,"contactReachability_count":568,"contactSatisfaction_count":303,"autonomy_count":6186}}
