{"data":{"satisfaction":7.720787357018714,"comprehension":7.91625226039783,"contact":3.9472980203317283,"contact_reachability":0.5747950819672131,"contact_satisfaction":7.100577478344562,"autonomy":7.800653130768138},"metadata":{"satisfaction_count":24741,"comprehension_count":22120,"contact_count":1869,"contactReachability_count":1952,"contactSatisfaction_count":1039,"autonomy_count":21129}}
