{"data":{"satisfaction":7.725162680814026,"comprehension":7.9136698993086165,"contact":3.9447167755991286,"contact_reachability":0.5735140771637122,"contact_satisfaction":7.114440078585462,"autonomy":7.804818690678998},"metadata":{"satisfaction_count":24127,"comprehension_count":21551,"contact_count":1836,"contactReachability_count":1918,"contactSatisfaction_count":1018,"autonomy_count":20545}}
