{"data":{"satisfaction":7.731916894664843,"comprehension":7.9101581217057975,"contact":3.975181260457334,"contact_reachability":0.576,"contact_satisfaction":7.141783567134269,"autonomy":7.840145505986965},"metadata":{"satisfaction_count":23392,"comprehension_count":20870,"contact_count":1793,"contactReachability_count":1875,"contactSatisfaction_count":998,"autonomy_count":19793}}
