{"data":{"satisfaction":7.574915254237288,"comprehension":7.845928485576923,"contact":3.850987432675045,"contact_reachability":0.5652173913043478,"contact_satisfaction":6.986970684039088,"autonomy":7.688805149945046},"metadata":{"satisfaction_count":7375,"comprehension_count":6656,"contact_count":557,"contactReachability_count":575,"contactSatisfaction_count":307,"autonomy_count":6369}}
