{"data":{"satisfaction":7.945680206318504,"comprehension":8.095815373563218,"contact":4.497792494481236,"contact_reachability":0.6263048016701461,"contact_satisfaction":7.436131386861314,"autonomy":7.949743003997716},"metadata":{"satisfaction_count":6204,"comprehension_count":5568,"contact_count":453,"contactReachability_count":479,"contactSatisfaction_count":274,"autonomy_count":5253}}
