{"data":{"satisfaction":7.738052827115884,"comprehension":7.937188550237571,"contact":3.9553264604811,"contact_reachability":0.572538860103627,"contact_satisfaction":7.238993710691824,"autonomy":7.710631591708085},"metadata":{"satisfaction_count":19649,"comprehension_count":17258,"contact_count":1455,"contactReachability_count":1544,"contactSatisfaction_count":795,"autonomy_count":16498}}
