{"data":{"satisfaction":7.936781609195402,"comprehension":8.078923357664234,"contact":4.4610091743119265,"contact_reachability":0.6212121212121212,"contact_satisfaction":7.452107279693487,"autonomy":7.959814528593508},"metadata":{"satisfaction_count":6090,"comprehension_count":5480,"contact_count":436,"contactReachability_count":462,"contactSatisfaction_count":261,"autonomy_count":5176}}
