{"data":{"satisfaction":7.600798901510423,"comprehension":7.834905006240466,"contact":3.825944170771757,"contact_reachability":0.5583596214511041,"contact_satisfaction":7.0820668693009114,"autonomy":7.6609875830205025},"metadata":{"satisfaction_count":8011,"comprehension_count":7211,"contact_count":609,"contactReachability_count":634,"contactSatisfaction_count":329,"autonomy_count":6926}}
