{"data":{"satisfaction":7.710717708744433,"comprehension":7.927885854161299,"contact":3.8,"contact_reachability":0.5651245551601424,"contact_satisfaction":6.941813261163735,"autonomy":7.82707076247943},"metadata":{"satisfaction_count":17737,"comprehension_count":15524,"contact_count":1350,"contactReachability_count":1405,"contactSatisfaction_count":739,"autonomy_count":14584}}
