{"data":{"satisfaction":7.913379073756432,"comprehension":8.054599349780073,"contact":4.470046082949309,"contact_reachability":0.6147186147186147,"contact_satisfaction":7.578125,"autonomy":7.889447236180905},"metadata":{"satisfaction_count":5830,"comprehension_count":5229,"contact_count":434,"contactReachability_count":462,"contactSatisfaction_count":256,"autonomy_count":4975}}
