{"data":{"satisfaction":7.77098970151859,"comprehension":8.00780487804878,"contact":4.1381278538812785,"contact_reachability":0.5816993464052288,"contact_satisfaction":7.367886178861789,"autonomy":7.855377008652658},"metadata":{"satisfaction_count":5729,"comprehension_count":5125,"contact_count":438,"contactReachability_count":459,"contactSatisfaction_count":246,"autonomy_count":4854}}
