{"data":{"satisfaction":7.717161016949152,"comprehension":7.931786350903998,"contact":3.825256975036711,"contact_reachability":0.5673959068454482,"contact_satisfaction":6.9559412550066755,"autonomy":7.802754151478331},"metadata":{"satisfaction_count":17936,"comprehension_count":15708,"contact_count":1362,"contactReachability_count":1417,"contactSatisfaction_count":749,"autonomy_count":14814}}
