{"data":{"satisfaction":7.740977409774097,"comprehension":7.939582907380903,"contact":4.02008520998174,"contact_reachability":0.5832376578645235,"contact_satisfaction":7.202835332606325,"autonomy":7.747122727761644},"metadata":{"satisfaction_count":22222,"comprehension_count":19564,"contact_count":1643,"contactReachability_count":1742,"contactSatisfaction_count":917,"autonomy_count":18594}}
