{"data":{"satisfaction":7.787948809100604,"comprehension":8.01994443341933,"contact":4.30622009569378,"contact_reachability":0.5923423423423423,"contact_satisfaction":7.594936708860759,"autonomy":7.896725440806045},"metadata":{"satisfaction_count":5626,"comprehension_count":5039,"contact_count":418,"contactReachability_count":444,"contactSatisfaction_count":237,"autonomy_count":4764}}
