{"data":{"satisfaction":7.764114998268099,"comprehension":8.018730590062113,"contact":4.106741573033708,"contact_reachability":0.572961373390558,"contact_satisfaction":7.428861788617886,"autonomy":7.856265356265356},"metadata":{"satisfaction_count":5774,"comprehension_count":5152,"contact_count":445,"contactReachability_count":466,"contactSatisfaction_count":246,"autonomy_count":4884}}
