{"data":{"satisfaction":7.935195900148785,"comprehension":8.07176945668135,"contact":4.48394495412844,"contact_reachability":0.6190476190476191,"contact_satisfaction":7.519230769230769,"autonomy":7.9337080829618145},"metadata":{"satisfaction_count":6049,"comprehension_count":5448,"contact_count":436,"contactReachability_count":462,"contactSatisfaction_count":260,"autonomy_count":5159}}
