{"data":{"satisfaction":7.758020581113802,"comprehension":7.913868368032237,"contact":3.7547892720306515,"contact_reachability":0.5680147058823529,"contact_satisfaction":6.829268292682927,"autonomy":7.741032370953631},"metadata":{"satisfaction_count":6608,"comprehension_count":5956,"contact_count":522,"contactReachability_count":544,"contactSatisfaction_count":287,"autonomy_count":5715}}
