{"data":{"satisfaction":7.509922209874583,"comprehension":7.805316722231971,"contact":3.9105263157894736,"contact_reachability":0.5641547861507128,"contact_satisfaction":7.116858237547893,"autonomy":7.646196150320806},"metadata":{"satisfaction_count":6299,"comprehension_count":5699,"contact_count":475,"contactReachability_count":491,"contactSatisfaction_count":261,"autonomy_count":5455}}
