{"data":{"satisfaction":7.748359155244006,"comprehension":7.906329113924051,"contact":3.90017667844523,"contact_reachability":0.5714285714285714,"contact_satisfaction":7.098070739549839,"autonomy":7.706996400062607},"metadata":{"satisfaction_count":22397,"comprehension_count":19750,"contact_count":1698,"contactReachability_count":1785,"contactSatisfaction_count":933,"autonomy_count":19167}}
