{"data":{"satisfaction":7.821011673151751,"comprehension":8.170204887682054,"contact":3.4375,"contact_reachability":0.5375939849624061,"contact_satisfaction":6.616541353383458,"autonomy":8.13659793814433},"metadata":{"satisfaction_count":4369,"comprehension_count":4051,"contact_count":256,"contactReachability_count":266,"contactSatisfaction_count":133,"autonomy_count":3880}}
