{"data":{"satisfaction":7.94435736677116,"comprehension":8.064853556485355,"contact":4.509803921568627,"contact_reachability":0.6303901437371663,"contact_satisfaction":7.419354838709677,"autonomy":7.897842522588973},"metadata":{"satisfaction_count":6380,"comprehension_count":5736,"contact_count":459,"contactReachability_count":487,"contactSatisfaction_count":279,"autonomy_count":5423}}
