{"data":{"satisfaction":7.908078457446808,"comprehension":8.052373914649916,"contact":4.375,"contact_reachability":0.609704641350211,"contact_satisfaction":7.452471482889734,"autonomy":7.893198206977197},"metadata":{"satisfaction_count":6016,"comprehension_count":5413,"contact_count":448,"contactReachability_count":474,"contactSatisfaction_count":263,"autonomy_count":5131}}
