{"data":{"satisfaction":7.719585710239916,"comprehension":7.9149509027557805,"contact":3.9472980203317283,"contact_reachability":0.5747950819672131,"contact_satisfaction":7.100577478344562,"autonomy":7.798569330617272},"metadata":{"satisfaction_count":24717,"comprehension_count":22099,"contact_count":1869,"contactReachability_count":1952,"contactSatisfaction_count":1039,"autonomy_count":21109}}
