{"data":{"satisfaction":7.862197063506103,"comprehension":8.02686154453881,"contact":4.328703703703703,"contact_reachability":0.6004366812227074,"contact_satisfaction":7.51004016064257,"autonomy":7.885738115095913},"metadata":{"satisfaction_count":5653,"comprehension_count":5063,"contact_count":432,"contactReachability_count":458,"contactSatisfaction_count":249,"autonomy_count":4796}}
