{"data":{"satisfaction":7.738740863004009,"comprehension":7.943360317375221,"contact":4,"contact_reachability":0.5795454545454546,"contact_satisfaction":7.206385404789054,"autonomy":7.80593114418816},"metadata":{"satisfaction_count":21205,"comprehension_count":18653,"contact_count":1580,"contactReachability_count":1672,"contactSatisfaction_count":877,"autonomy_count":17602}}
