{"data":{"satisfaction":7.734703748488513,"comprehension":7.937286924007478,"contact":3.946078431372549,"contact_reachability":0.5740740740740741,"contact_satisfaction":7.1875,"autonomy":7.824792809618303},"metadata":{"satisfaction_count":20675,"comprehension_count":18186,"contact_count":1530,"contactReachability_count":1620,"contactSatisfaction_count":840,"autonomy_count":17134}}
