{"data":{"satisfaction":7.774503199730549,"comprehension":7.981540182733545,"contact":3.7362030905077264,"contact_reachability":0.565677966101695,"contact_satisfaction":6.824596774193548,"autonomy":7.7366097139566135},"metadata":{"satisfaction_count":5938,"comprehension_count":5363,"contact_count":453,"contactReachability_count":472,"contactSatisfaction_count":248,"autonomy_count":5209}}
