{"data":{"satisfaction":7.7492711370262395,"comprehension":7.925008072328059,"contact":3.693820224719101,"contact_reachability":0.5623869801084991,"contact_satisfaction":6.75513698630137,"autonomy":7.6934598102845735},"metadata":{"satisfaction_count":6860,"comprehension_count":6194,"contact_count":534,"contactReachability_count":553,"contactSatisfaction_count":292,"autonomy_count":6009}}
