{"data":{"satisfaction":7.745882747349453,"comprehension":7.910281349338141,"contact":3.9387186629526463,"contact_reachability":0.5758218451749735,"contact_satisfaction":7.105527638190955,"autonomy":7.760378194711183},"metadata":{"satisfaction_count":23863,"comprehension_count":21077,"contact_count":1795,"contactReachability_count":1886,"contactSatisfaction_count":995,"autonomy_count":20307}}
