{"data":{"satisfaction":7.736548272210992,"comprehension":7.938738097843931,"contact":3.9613133940182053,"contact_reachability":0.5761670761670762,"contact_satisfaction":7.184551886792453,"autonomy":7.822351233671989},"metadata":{"satisfaction_count":20778,"comprehension_count":18274,"contact_count":1538,"contactReachability_count":1628,"contactSatisfaction_count":848,"autonomy_count":17225}}
