{"data":{"satisfaction":7.507601216194591,"comprehension":7.81023189945123,"contact":3.9141949152542375,"contact_reachability":0.5635245901639344,"contact_satisfaction":7.133204633204633,"autonomy":7.6380424746075715},"metadata":{"satisfaction_count":6249,"comprehension_count":5649,"contact_count":472,"contactReachability_count":488,"contactSatisfaction_count":259,"autonomy_count":5415}}
