{"data":{"satisfaction":4.571428571428571,"comprehension":5.512820512820513,"contact":1.9642857142857142,"contact_reachability":0.42857142857142855,"contact_satisfaction":4.583333333333333,"autonomy":4.722222222222222},"metadata":{"satisfaction_count":70,"comprehension_count":39,"contact_count":14,"contactReachability_count":14,"contactSatisfaction_count":6,"autonomy_count":36}}
