{"data":{"satisfaction":9.113069016152716,"comprehension":8.551587301587302,"contact":8.108591885441527,"contact_reachability":0.9238658777120315,"contact_satisfaction":8.782852218871176,"autonomy":2.1415153412648715},"metadata":{"satisfaction_count":3405,"comprehension_count":3276,"contact_count":2514,"contactReachability_count":2535,"contactSatisfaction_count":2321,"autonomy_count":3194}}
