{"data":{"satisfaction":9.082568807339449,"comprehension":8.642857142857142,"contact":8.034979423868313,"contact_reachability":0.9227642276422764,"contact_satisfaction":8.716517857142858,"autonomy":2.2903225806451615},"metadata":{"satisfaction_count":327,"comprehension_count":315,"contact_count":243,"contactReachability_count":246,"contactSatisfaction_count":224,"autonomy_count":310}}
