{"data":{"satisfaction":9.114278103356419,"comprehension":8.609809864976578,"contact":8.131682109764789,"contact_reachability":0.9276640790402259,"contact_satisfaction":8.772587466359093,"autonomy":2.0976027397260273},"metadata":{"satisfaction_count":3754,"comprehension_count":3629,"contact_count":2806,"contactReachability_count":2834,"contactSatisfaction_count":2601,"autonomy_count":3504}}
