{"data":{"satisfaction":9.104004609622587,"comprehension":8.547904191616766,"contact":8.089438815276695,"contact_reachability":0.9226903749516815,"contact_satisfaction":8.773245984784447,"autonomy":2.144829702362688},"metadata":{"satisfaction_count":3471,"comprehension_count":3340,"contact_count":2566,"contactReachability_count":2587,"contactSatisfaction_count":2366,"autonomy_count":3259}}
