{"data":{"satisfaction":9.106586826347305,"comprehension":8.592431761786601,"contact":8.122589974293058,"contact_reachability":0.9277300222858962,"contact_satisfaction":8.761698440207972,"autonomy":2.118315680702661},"metadata":{"satisfaction_count":4175,"comprehension_count":4030,"contact_count":3112,"contactReachability_count":3141,"contactSatisfaction_count":2885,"autonomy_count":3871}}
