{"data":{"satisfaction":9.090909090909092,"comprehension":8.510362694300518,"contact":8.142523364485982,"contact_reachability":0.9351851851851852,"contact_satisfaction":8.7125,"autonomy":2.1645796064400717},"metadata":{"satisfaction_count":605,"comprehension_count":579,"contact_count":428,"contactReachability_count":432,"contactSatisfaction_count":400,"autonomy_count":559}}
