{"data":{"satisfaction":8.913405495420482,"comprehension":8.38134135855546,"contact":7.8939745075318655,"contact_reachability":0.9251152073732719,"contact_satisfaction":8.536967418546366,"autonomy":2.2694394213381557},"metadata":{"satisfaction_count":1201,"comprehension_count":1163,"contact_count":863,"contactReachability_count":868,"contactSatisfaction_count":798,"autonomy_count":1106}}
