{"data":{"satisfaction":8.863168724279836,"comprehension":8.39493136219641,"contact":7.875722543352601,"contact_reachability":0.9225251076040172,"contact_satisfaction":8.5423197492163,"autonomy":2.3314917127071824},"metadata":{"satisfaction_count":972,"comprehension_count":947,"contact_count":692,"contactReachability_count":697,"contactSatisfaction_count":638,"autonomy_count":905}}
