{"data":{"satisfaction":9.137254901960784,"comprehension":8.643724696356275,"contact":8.121890547263682,"contact_reachability":0.9306930693069307,"contact_satisfaction":8.729946524064172,"autonomy":2.3360655737704916},"metadata":{"satisfaction_count":255,"comprehension_count":247,"contact_count":201,"contactReachability_count":202,"contactSatisfaction_count":187,"autonomy_count":244}}
