{"data":{"satisfaction":9.105642256902762,"comprehension":8.591146480974881,"contact":8.12198261989057,"contact_reachability":0.9276147959183674,"contact_satisfaction":8.762152777777779,"autonomy":2.117525239451204},"metadata":{"satisfaction_count":4165,"comprehension_count":4021,"contact_count":3107,"contactReachability_count":3136,"contactSatisfaction_count":2880,"autonomy_count":3863}}
