{"data":{"satisfaction":8.742593811718235,"comprehension":8.384401114206128,"contact":5.112107623318385,"contact_reachability":0.6814159292035398,"contact_satisfaction":7.549668874172186,"autonomy":5.7905982905982905},"metadata":{"satisfaction_count":1519,"comprehension_count":1436,"contact_count":223,"contactReachability_count":226,"contactSatisfaction_count":151,"autonomy_count":1404}}
