{"data":{"satisfaction":8.793034825870647,"comprehension":8.285088656270029,"contact":5.269607843137255,"contact_reachability":0.6980676328502415,"contact_satisfaction":7.597173144876325,"autonomy":5.766951942067149},"metadata":{"satisfaction_count":5025,"comprehension_count":4681,"contact_count":816,"contactReachability_count":828,"contactSatisfaction_count":566,"autonomy_count":4557}}
