{"data":{"satisfaction":8.686926605504587,"comprehension":8.306159420289855,"contact":5.33203125,"contact_reachability":0.640625,"contact_satisfaction":8.323170731707316,"autonomy":5.945611866501854},"metadata":{"satisfaction_count":872,"comprehension_count":828,"contact_count":128,"contactReachability_count":128,"contactSatisfaction_count":82,"autonomy_count":809}}
