{"data":{"satisfaction":8.749163879598662,"comprehension":8.397027600849256,"contact":5.069767441860465,"contact_reachability":0.6834862385321101,"contact_satisfaction":7.465753424657534,"autonomy":5.835140997830803},"metadata":{"satisfaction_count":1495,"comprehension_count":1413,"contact_count":215,"contactReachability_count":218,"contactSatisfaction_count":146,"autonomy_count":1383}}
