{"data":{"satisfaction":8.694300518134716,"comprehension":8.258259911894273,"contact":5.049019607843137,"contact_reachability":0.6640826873385013,"contact_satisfaction":7.648514851485149,"autonomy":5.8091568449682685},"metadata":{"satisfaction_count":4825,"comprehension_count":4540,"contact_count":765,"contactReachability_count":774,"contactSatisfaction_count":505,"autonomy_count":4412}}
