{"data":{"satisfaction":8.77482829032857,"comprehension":8.26593625498008,"contact":5.290632054176072,"contact_reachability":0.696329254727475,"contact_satisfaction":7.646818923327896,"autonomy":5.744768157570784},"metadata":{"satisfaction_count":5387,"comprehension_count":5020,"contact_count":886,"contactReachability_count":899,"contactSatisfaction_count":613,"autonomy_count":4874}}
