{"data":{"satisfaction":8.776496838973596,"comprehension":8.266660015961692,"contact":5.290960451977401,"contact_reachability":0.6959910913140311,"contact_satisfaction":7.651143790849673,"autonomy":5.745992601726264},"metadata":{"satisfaction_count":5378,"comprehension_count":5012,"contact_count":885,"contactReachability_count":898,"contactSatisfaction_count":612,"autonomy_count":4866}}
