{"data":{"satisfaction":8.739272578667757,"comprehension":8.237812911725955,"contact":5.189588688946015,"contact_reachability":0.6802030456852792,"contact_satisfaction":7.675855513307985,"autonomy":5.724832214765101},"metadata":{"satisfaction_count":4894,"comprehension_count":4554,"contact_count":778,"contactReachability_count":788,"contactSatisfaction_count":526,"autonomy_count":4470}}
