{"data":{"satisfaction":8.68305531167691,"comprehension":8.247232472324724,"contact":4.684343434343434,"contact_reachability":0.64,"contact_satisfaction":7.361111111111111,"autonomy":5.735992402659069},"metadata":{"satisfaction_count":1139,"comprehension_count":1084,"contact_count":198,"contactReachability_count":200,"contactSatisfaction_count":126,"autonomy_count":1053}}
