{"data":{"satisfaction":8.634782608695652,"comprehension":8.231540565177758,"contact":4.605911330049261,"contact_reachability":0.6341463414634146,"contact_satisfaction":7.3046875,"autonomy":5.667293233082707},"metadata":{"satisfaction_count":1150,"comprehension_count":1097,"contact_count":203,"contactReachability_count":205,"contactSatisfaction_count":128,"autonomy_count":1064}}
