{"data":{"satisfaction":8.797356828193832,"comprehension":8.276474769012083,"contact":5.313351498637602,"contact_reachability":0.6991869918699187,"contact_satisfaction":7.6171875,"autonomy":5.75079094670236},"metadata":{"satisfaction_count":4540,"comprehension_count":4221,"contact_count":734,"contactReachability_count":738,"contactSatisfaction_count":512,"autonomy_count":4109}}
