{"data":{"satisfaction":8.681222707423581,"comprehension":8.246097337006429,"contact":4.695121951219512,"contact_reachability":0.6473429951690821,"contact_satisfaction":7.291666666666667,"autonomy":5.689981096408317},"metadata":{"satisfaction_count":1145,"comprehension_count":1089,"contact_count":205,"contactReachability_count":207,"contactSatisfaction_count":132,"autonomy_count":1058}}
