{"data":{"satisfaction":8.705111956062526,"comprehension":8.26387328690182,"contact":5.0927152317880795,"contact_reachability":0.6701570680628273,"contact_satisfaction":7.644135188866799,"autonomy":5.816963253986596},"metadata":{"satisfaction_count":4734,"comprehension_count":4451,"contact_count":755,"contactReachability_count":764,"contactSatisfaction_count":503,"autonomy_count":4327}}
