{"data":{"satisfaction":8.73049645390071,"comprehension":8.379038317054846,"contact":4.786995515695067,"contact_reachability":0.6858407079646017,"contact_satisfaction":7.0230263157894735,"autonomy":5.879163439194423},"metadata":{"satisfaction_count":1410,"comprehension_count":1331,"contact_count":223,"contactReachability_count":226,"contactSatisfaction_count":152,"autonomy_count":1291}}
