{"data":{"satisfaction":8.70945945945946,"comprehension":8.278805120910384,"contact":5.303738317757009,"contact_reachability":0.616822429906542,"contact_satisfaction":8.598484848484848,"autonomy":5.970802919708029},"metadata":{"satisfaction_count":740,"comprehension_count":703,"contact_count":107,"contactReachability_count":107,"contactSatisfaction_count":66,"autonomy_count":685}}
