{"data":{"satisfaction":8.793446978082798,"comprehension":8.27120057170081,"contact":5.308219178082192,"contact_reachability":0.6975476839237057,"contact_satisfaction":7.627952755905512,"autonomy":5.741872402835493},"metadata":{"satisfaction_count":4517,"comprehension_count":4198,"contact_count":730,"contactReachability_count":734,"contactSatisfaction_count":508,"autonomy_count":4091}}
