{"data":{"satisfaction":8.629753914988815,"comprehension":8.23581560283688,"contact":5.680147058823529,"contact_reachability":0.6788321167883211,"contact_satisfaction":8.396739130434783,"autonomy":5.922330097087379},"metadata":{"satisfaction_count":894,"comprehension_count":846,"contact_count":136,"contactReachability_count":137,"contactSatisfaction_count":92,"autonomy_count":824}}
