{"data":{"satisfaction":8.709550118389897,"comprehension":8.279682274247492,"contact":4.965753424657534,"contact_reachability":0.6860986547085202,"contact_satisfaction":7.298657718120805,"autonomy":5.666380051590713},"metadata":{"satisfaction_count":1267,"comprehension_count":1196,"contact_count":219,"contactReachability_count":223,"contactSatisfaction_count":149,"autonomy_count":1163}}
