{"data":{"satisfaction":8.707960834397616,"comprehension":8.265052059755545,"contact":5.087014725568943,"contact_reachability":0.667989417989418,"contact_satisfaction":7.661290322580645,"autonomy":5.806226765799257},"metadata":{"satisfaction_count":4698,"comprehension_count":4418,"contact_count":747,"contactReachability_count":756,"contactSatisfaction_count":496,"autonomy_count":4304}}
