{"data":{"satisfaction":8.73731343283582,"comprehension":8.237337037828595,"contact":5.118453865336658,"contact_reachability":0.6724137931034483,"contact_satisfaction":7.6585820895522385,"autonomy":5.742682394058541},"metadata":{"satisfaction_count":5025,"comprehension_count":4679,"contact_count":802,"contactReachability_count":812,"contactSatisfaction_count":536,"autonomy_count":4578}}
