{"data":{"satisfaction":4.092741935483871,"comprehension":4.184322033898305,"contact":2.552395209580838,"contact_reachability":0.5,"contact_satisfaction":5.198170731707317,"autonomy":4.25531914893617},"metadata":{"satisfaction_count":1488,"comprehension_count":1180,"contact_count":334,"contactReachability_count":340,"contactSatisfaction_count":164,"autonomy_count":1034}}
