{"data":{"satisfaction":4.479905437352246,"comprehension":4.742647058823529,"contact":2.5274725274725274,"contact_reachability":0.5483870967741935,"contact_satisfaction":4.6938775510204085,"autonomy":4.673539518900344},"metadata":{"satisfaction_count":423,"comprehension_count":340,"contact_count":91,"contactReachability_count":93,"contactSatisfaction_count":49,"autonomy_count":291}}
