{"data":{"satisfaction":4.101010101010101,"comprehension":4.191426146010187,"contact":2.552395209580838,"contact_reachability":0.5,"contact_satisfaction":5.198170731707317,"autonomy":4.249757986447241},"metadata":{"satisfaction_count":1485,"comprehension_count":1178,"contact_count":334,"contactReachability_count":340,"contactSatisfaction_count":164,"autonomy_count":1033}}
