{"data":{"satisfaction":4.477434679334917,"comprehension":4.689349112426036,"contact":2.7325581395348837,"contact_reachability":0.5747126436781609,"contact_satisfaction":4.795918367346939,"autonomy":4.982332155477032},"metadata":{"satisfaction_count":421,"comprehension_count":338,"contact_count":86,"contactReachability_count":87,"contactSatisfaction_count":49,"autonomy_count":283}}
