{"data":{"satisfaction":3.9306122448979592,"comprehension":4.030612244897959,"contact":2.597517730496454,"contact_reachability":0.513986013986014,"contact_satisfaction":5.1223776223776225,"autonomy":4.174418604651163},"metadata":{"satisfaction_count":1225,"comprehension_count":980,"contact_count":282,"contactReachability_count":286,"contactSatisfaction_count":143,"autonomy_count":860}}
