{"data":{"satisfaction":4.338933528122717,"comprehension":4.383086876155268,"contact":2.4917218543046356,"contact_reachability":0.5032467532467533,"contact_satisfaction":5.050335570469799,"autonomy":4.428121720881427},"metadata":{"satisfaction_count":1369,"comprehension_count":1082,"contact_count":302,"contactReachability_count":308,"contactSatisfaction_count":149,"autonomy_count":953}}
