{"data":{"satisfaction":4.295612009237876,"comprehension":4.481534090909091,"contact":2.767857142857143,"contact_reachability":0.5614035087719298,"contact_satisfaction":5,"autonomy":4.414715719063545},"metadata":{"satisfaction_count":433,"comprehension_count":352,"contact_count":112,"contactReachability_count":114,"contactSatisfaction_count":62,"autonomy_count":299}}
