{"data":{"satisfaction":4.746543778801843,"comprehension":5.0602409638554215,"contact":2.193877551020408,"contact_reachability":0.5510204081632653,"contact_satisfaction":3.9814814814814814,"autonomy":4.868421052631579},"metadata":{"satisfaction_count":217,"comprehension_count":166,"contact_count":49,"contactReachability_count":49,"contactSatisfaction_count":27,"autonomy_count":152}}
