{"data":{"satisfaction":4.734299516908212,"comprehension":5.0390625,"contact":2.5290697674418605,"contact_reachability":0.5176470588235295,"contact_satisfaction":4.833333333333333,"autonomy":4.909747292418772},"metadata":{"satisfaction_count":414,"comprehension_count":320,"contact_count":86,"contactReachability_count":85,"contactSatisfaction_count":45,"autonomy_count":277}}
