{"data":{"satisfaction":4,"comprehension":4.089609151572927,"contact":2.621107266435986,"contact_reachability":0.5101351351351351,"contact_satisfaction":5.260416666666667,"autonomy":4.234527687296417},"metadata":{"satisfaction_count":1315,"comprehension_count":1049,"contact_count":289,"contactReachability_count":296,"contactSatisfaction_count":144,"autonomy_count":921}}
