{"data":{"satisfaction":4.503464203233256,"comprehension":4.665697674418604,"contact":2.6704545454545454,"contact_reachability":0.5842696629213483,"contact_satisfaction":4.607843137254902,"autonomy":4.931034482758621},"metadata":{"satisfaction_count":433,"comprehension_count":344,"contact_count":88,"contactReachability_count":89,"contactSatisfaction_count":51,"autonomy_count":290}}
