{"data":{"satisfaction":9.125881486159352,"comprehension":8.833035131066996,"contact":7.435966880755243,"contact_reachability":0.8887623386484435,"contact_satisfaction":8.386716704485949,"autonomy":6.46706233206366},"metadata":{"satisfaction_count":38004,"comprehension_count":35211,"contact_count":12923,"contactReachability_count":13170,"contactSatisfaction_count":11458,"autonomy_count":33867}}
