{"data":{"satisfaction":9.07421875,"comprehension":8.797916008841174,"contact":7.365627632687447,"contact_reachability":0.8876376376376376,"contact_satisfaction":8.308467167157655,"autonomy":6.409894688494472},"metadata":{"satisfaction_count":34560,"comprehension_count":31670,"contact_count":11870,"contactReachability_count":11988,"contactSatisfaction_count":10523,"autonomy_count":30481}}
