{"data":{"satisfaction":8.985498827654675,"comprehension":8.645741722326543,"contact":7.331316210889382,"contact_reachability":0.8824077693255961,"contact_satisfaction":8.335229858898497,"autonomy":6.295706681259639},"metadata":{"satisfaction_count":94682,"comprehension_count":84142,"contact_count":32472,"contactReachability_count":33259,"contactSatisfaction_count":28561,"autonomy_count":80404}}
