{"data":{"satisfaction":9.122548237920586,"comprehension":8.827181737359833,"contact":7.433164458300857,"contact_reachability":0.8887444563388898,"contact_satisfaction":8.383956043956044,"autonomy":6.460863597027841},"metadata":{"satisfaction_count":37626,"comprehension_count":34869,"contact_count":12830,"contactReachability_count":13078,"contactSatisfaction_count":11375,"autonomy_count":33511}}
