{"data":{"satisfaction":9.110838879543627,"comprehension":8.846442095298201,"contact":7.329753538552905,"contact_reachability":0.8918311510650772,"contact_satisfaction":8.231714095153402,"autonomy":6.11395620791161},"metadata":{"satisfaction_count":27346,"comprehension_count":25352,"contact_count":10103,"contactReachability_count":10234,"contactSatisfaction_count":8996,"autonomy_count":24799}}
