{"data":{"satisfaction":8.986436498150432,"comprehension":8.646136212824999,"contact":7.340814033335414,"contact_reachability":0.8829356008655633,"contact_satisfaction":8.34078093414193,"autonomy":6.3072858063945185},"metadata":{"satisfaction_count":93265,"comprehension_count":82885,"contact_count":32038,"contactReachability_count":32811,"contactSatisfaction_count":28197,"autonomy_count":79099}}
