{"data":{"satisfaction":9.015385517672819,"comprehension":8.677118736980594,"contact":7.349119568304459,"contact_reachability":0.8852663706992231,"contact_satisfaction":8.327031375703942,"autonomy":6.258373423408054},"metadata":{"satisfaction_count":102304,"comprehension_count":91210,"contact_count":35210,"contactReachability_count":36040,"contactSatisfaction_count":31075,"autonomy_count":87927}}
