{"data":{"satisfaction":9.087261915021976,"comprehension":8.791887415660554,"contact":7.343458350961898,"contact_reachability":0.8908860017583277,"contact_satisfaction":8.262187438747794,"autonomy":6.335336888027145},"metadata":{"satisfaction_count":116030,"comprehension_count":106267,"contact_count":40181,"contactReachability_count":40948,"contactSatisfaction_count":35713,"autonomy_count":103150}}
