{"data":{"satisfaction":8.98989492098933,"comprehension":8.647027883479007,"contact":7.277238350011559,"contact_reachability":0.8838772845953002,"contact_satisfaction":8.246229557277047,"autonomy":6.272232698856313},"metadata":{"satisfaction_count":86887,"comprehension_count":76999,"contact_count":30279,"contactReachability_count":30640,"contactSatisfaction_count":26721,"autonomy_count":73709}}
