{"data":{"satisfaction":9.102050166074905,"comprehension":8.821122207948282,"contact":7.326535016726017,"contact_reachability":0.8949156140537098,"contact_satisfaction":8.202851274616407,"autonomy":6.213559322033898},"metadata":{"satisfaction_count":26193,"comprehension_count":24131,"contact_count":9267,"contactReachability_count":9421,"contactSatisfaction_count":8277,"autonomy_count":23600}}
