{"data":{"satisfaction":9.143110130981022,"comprehension":8.87944066515495,"contact":7.376404494382022,"contact_reachability":0.8940173974791408,"contact_satisfaction":8.263266539119927,"autonomy":6.133117361213371},"metadata":{"satisfaction_count":29928,"comprehension_count":27783,"contact_count":11125,"contactReachability_count":11266,"contactSatisfaction_count":9931,"autonomy_count":27164}}
