{"data":{"satisfaction":9.063423389862079,"comprehension":8.716437736702279,"contact":7.35068280118579,"contact_reachability":0.8879739153199895,"contact_satisfaction":8.299997256289956,"autonomy":6.256220687547162},"metadata":{"satisfaction_count":118111,"comprehension_count":106146,"contact_count":41154,"contactReachability_count":42017,"contactSatisfaction_count":36447,"autonomy_count":104691}}
