{"data":{"satisfaction":8.989076047103481,"comprehension":8.6490685114388,"contact":7.345569540789102,"contact_reachability":0.8830687182002084,"contact_satisfaction":8.344833119383825,"autonomy":6.309216466787908},"metadata":{"satisfaction_count":92732,"comprehension_count":82395,"contact_count":31859,"contactReachability_count":32626,"contactSatisfaction_count":28044,"autonomy_count":78631}}
