{"data":{"satisfaction":9.133655922797233,"comprehension":8.833274116184047,"contact":7.364106469975146,"contact_reachability":0.8894219425874951,"contact_satisfaction":8.299674708593114,"autonomy":6.34310761789601},"metadata":{"satisfaction_count":36579,"comprehension_count":33774,"contact_count":12473,"contactReachability_count":12715,"contactSatisfaction_count":11067,"autonomy_count":33080}}
