{"data":{"satisfaction":9.140512961941534,"comprehension":8.839507094846901,"contact":7.361504818984368,"contact_reachability":0.889771914487801,"contact_satisfaction":8.293111313868613,"autonomy":6.340639269406393},"metadata":{"satisfaction_count":36260,"comprehension_count":33475,"contact_count":12347,"contactReachability_count":12583,"contactSatisfaction_count":10960,"autonomy_count":32850}}
