{"data":{"satisfaction":9.103443154533528,"comprehension":8.808894750108022,"contact":7.355437728850635,"contact_reachability":0.8915575473239502,"contact_satisfaction":8.268870950497167,"autonomy":6.346648586898979},"metadata":{"satisfaction_count":121197,"comprehension_count":111088,"contact_count":42058,"contactReachability_count":42843,"contactSatisfaction_count":37412,"autonomy_count":107671}}
