{"data":{"satisfaction":9.015689315754937,"comprehension":8.677328988046742,"contact":7.3526946972980785,"contact_reachability":0.8851593597380233,"contact_satisfaction":8.332187182761896,"autonomy":6.272925662812834},"metadata":{"satisfaction_count":100578,"comprehension_count":89599,"contact_count":34605,"contactReachability_count":35423,"contactSatisfaction_count":30537,"autonomy_count":86148}}
