{"data":{"satisfaction":9.121500651041666,"comprehension":8.83034904473507,"contact":7.4631796831462465,"contact_reachability":0.8892790262172284,"contact_satisfaction":8.413660025130138,"autonomy":6.477861014678117},"metadata":{"satisfaction_count":36864,"comprehension_count":34179,"contact_count":12561,"contactReachability_count":12816,"contactSatisfaction_count":11142,"autonomy_count":32838}}
