{"data":{"satisfaction":9.125877846350287,"comprehension":8.83492081707597,"contact":7.453830503169262,"contact_reachability":0.8896906425117065,"contact_satisfaction":8.39821019220596,"autonomy":6.494053666407697},"metadata":{"satisfaction_count":37592,"comprehension_count":34856,"contact_count":12779,"contactReachability_count":13027,"contactSatisfaction_count":11342,"autonomy_count":33466}}
