{"data":{"satisfaction":9.125614759666332,"comprehension":8.827205016486104,"contact":7.3588966836734695,"contact_reachability":0.8891234654781452,"contact_satisfaction":8.29678231170232,"autonomy":6.344951923076923},"metadata":{"satisfaction_count":36803,"comprehension_count":33968,"contact_count":12544,"contactReachability_count":12789,"contactSatisfaction_count":11126,"autonomy_count":33280}}
