{"data":{"satisfaction":9.12513933066906,"comprehension":8.83159134403062,"contact":7.374969992798271,"contact_reachability":0.8891853712133103,"contact_satisfaction":8.314388813712224,"autonomy":6.372498717290918},"metadata":{"satisfaction_count":36783,"comprehension_count":33965,"contact_count":12497,"contactReachability_count":12742,"contactSatisfaction_count":11085,"autonomy_count":33133}}
