{"data":{"satisfaction":9.146557694971603,"comprehension":8.841251274668586,"contact":7.374317607756865,"contact_reachability":0.892577187649976,"contact_satisfaction":8.280420860018298,"autonomy":6.341791912822553},"metadata":{"satisfaction_count":36095,"comprehension_count":33342,"contact_count":12273,"contactReachability_count":12502,"contactSatisfaction_count":10930,"autonomy_count":32669}}
