{"data":{"satisfaction":9.145183549544576,"comprehension":8.84245694809854,"contact":7.366785801315896,"contact_reachability":0.8906511516697219,"contact_satisfaction":8.29074869732151,"autonomy":6.318536274539552},"metadata":{"satisfaction_count":36230,"comprehension_count":33448,"contact_count":12311,"contactReachability_count":12547,"contactSatisfaction_count":10939,"autonomy_count":32957}}
