{"data":{"satisfaction":9.109538531355476,"comprehension":8.819094705810096,"contact":7.3775023033754925,"contact_reachability":0.8875462392108509,"contact_satisfaction":8.33222968498723,"autonomy":6.387811110059619},"metadata":{"satisfaction_count":35257,"comprehension_count":32564,"contact_count":11939,"contactReachability_count":12165,"contactSatisfaction_count":10571,"autonomy_count":31701}}
