{"data":{"satisfaction":9.025689785081267,"comprehension":8.691496192549637,"contact":7.338591916558018,"contact_reachability":0.8856902657121749,"contact_satisfaction":8.310988394412782,"autonomy":6.231959029538047},"metadata":{"satisfaction_count":111484,"comprehension_count":99673,"contact_count":38350,"contactReachability_count":39253,"contactSatisfaction_count":33863,"autonomy_count":96655}}
