{"data":{"satisfaction":9.062154132929457,"comprehension":8.789845860479899,"contact":7.362558238034731,"contact_reachability":0.887444435125388,"contact_satisfaction":8.306890949058587,"autonomy":6.422559480416197},"metadata":{"satisfaction_count":34334,"comprehension_count":31465,"contact_count":11805,"contactReachability_count":11923,"contactSatisfaction_count":10463,"autonomy_count":30178}}
