{"data":{"satisfaction":8.999142901667446,"comprehension":8.65518214308107,"contact":7.365984877859636,"contact_reachability":0.8841603836083157,"contact_satisfaction":8.357622085349758,"autonomy":6.2865083110481885},"metadata":{"satisfaction_count":89838,"comprehension_count":79745,"contact_count":30948,"contactReachability_count":31699,"contactSatisfaction_count":27276,"autonomy_count":76284}}
