{"data":{"satisfaction":9.101814770718331,"comprehension":8.824783816566889,"contact":7.334510595358224,"contact_reachability":0.8945956685873236,"contact_satisfaction":8.213922477116059,"autonomy":6.306386418755053},"metadata":{"satisfaction_count":27717,"comprehension_count":25557,"contact_count":9910,"contactReachability_count":10066,"contactSatisfaction_count":8849,"autonomy_count":24740}}
