{"data":{"satisfaction":9.0569435928878,"comprehension":8.785472831983975,"contact":7.30278798357467,"contact_reachability":0.891817215727949,"contact_satisfaction":8.20543953375425,"autonomy":6.2156248659316145},"metadata":{"satisfaction_count":26096,"comprehension_count":23962,"contact_count":9254,"contactReachability_count":9410,"contactSatisfaction_count":8236,"autonomy_count":23309}}
