{"data":{"satisfaction":9.126514888038738,"comprehension":8.83942731912685,"contact":7.461026690811747,"contact_reachability":0.8900810497877267,"contact_satisfaction":8.40316573556797,"autonomy":6.482070040777165},"metadata":{"satisfaction_count":37379,"comprehension_count":34679,"contact_count":12701,"contactReachability_count":12955,"contactSatisfaction_count":11277,"autonomy_count":33352}}
