{"data":{"satisfaction":9.092257490358945,"comprehension":8.79701343240926,"contact":7.352001006795872,"contact_reachability":0.8912624715993283,"contact_satisfaction":8.268321680301186,"autonomy":6.346807966811506},"metadata":{"satisfaction_count":114614,"comprehension_count":104970,"contact_count":39730,"contactReachability_count":40492,"contactSatisfaction_count":35327,"autonomy_count":101722}}
