{"data":{"satisfaction":9.021626674411007,"comprehension":8.687528563448941,"contact":7.336464030012417,"contact_reachability":0.8851633885705436,"contact_satisfaction":8.3136488833004,"autonomy":6.237011898776605},"metadata":{"satisfaction_count":110188,"comprehension_count":98465,"contact_count":37851,"contactReachability_count":38742,"contactSatisfaction_count":33402,"autonomy_count":95472}}
