{"data":{"satisfaction":9.067410922669985,"comprehension":8.794724139391116,"contact":7.306555762285214,"contact_reachability":0.8915429309231763,"contact_satisfaction":8.21257227211219,"autonomy":6.213524679278104},"metadata":{"satisfaction_count":25708,"comprehension_count":23617,"contact_count":9137,"contactReachability_count":9294,"contactSatisfaction_count":8129,"autonomy_count":22995}}
