{"data":{"satisfaction":9.123768816205166,"comprehension":8.83637716837465,"contact":7.457590681676048,"contact_reachability":0.8900980993255672,"contact_satisfaction":8.399145976404297,"autonomy":6.494451736069681},"metadata":{"satisfaction_count":37667,"comprehension_count":34934,"contact_count":12792,"contactReachability_count":13048,"contactSatisfaction_count":11358,"autonomy_count":33524}}
