{"data":{"satisfaction":9.098139444944216,"comprehension":8.803062413416637,"contact":7.3534694075674105,"contact_reachability":0.8915410085995379,"contact_satisfaction":8.266984993178717,"autonomy":6.331656394234853},"metadata":{"satisfaction_count":118943,"comprehension_count":108999,"contact_count":41203,"contactReachability_count":41979,"contactSatisfaction_count":36650,"autonomy_count":105947}}
