{"data":{"satisfaction":9.064597478176527,"comprehension":8.793969849246231,"contact":7.30025070852409,"contact_reachability":0.8915443146500911,"contact_satisfaction":8.20540308747856,"autonomy":6.2215946122094286},"metadata":{"satisfaction_count":25775,"comprehension_count":23681,"contact_count":9174,"contactReachability_count":9331,"contactSatisfaction_count":8162,"autonomy_count":23015}}
