{"data":{"satisfaction":8.99482700042743,"comprehension":8.654277959410276,"contact":7.357868586170653,"contact_reachability":0.8837158673881943,"contact_satisfaction":8.352556222431122,"autonomy":6.293638604597137},"metadata":{"satisfaction_count":91243,"comprehension_count":81055,"contact_count":31397,"contactReachability_count":32154,"contactSatisfaction_count":27658,"autonomy_count":77483}}
