{"data":{"satisfaction":9.12739841986456,"comprehension":8.83203865679858,"contact":7.371108343711083,"contact_reachability":0.8885721267410606,"contact_satisfaction":8.315538072492274,"autonomy":6.401750023606434},"metadata":{"satisfaction_count":35440,"comprehension_count":32698,"contact_count":12045,"contactReachability_count":12277,"contactSatisfaction_count":10677,"autonomy_count":31771}}
