{"data":{"satisfaction":9.133168927250308,"comprehension":8.833862732292348,"contact":7.364587525150905,"contact_reachability":0.890029209757638,"contact_satisfaction":8.294506889050036,"autonomy":6.343059721843469},"metadata":{"satisfaction_count":36495,"comprehension_count":33686,"contact_count":12425,"contactReachability_count":12667,"contactSatisfaction_count":11032,"autonomy_count":33003}}
