{"data":{"satisfaction":9.117197104220734,"comprehension":8.828840771836795,"contact":7.46447209955841,"contact_reachability":0.8895531780994336,"contact_satisfaction":8.412813320061533,"autonomy":6.486461595137226},"metadata":{"satisfaction_count":36605,"comprehension_count":33945,"contact_count":12455,"contactReachability_count":12712,"contactSatisfaction_count":11051,"autonomy_count":32574}}
