{"data":{"satisfaction":9.074269314121713,"comprehension":8.782623843912328,"contact":7.359387205971704,"contact_reachability":0.884160354072687,"contact_satisfaction":8.345226377952756,"autonomy":6.494298594537258},"metadata":{"satisfaction_count":34146,"comprehension_count":31572,"contact_count":11521,"contactReachability_count":11749,"contactSatisfaction_count":10160,"autonomy_count":30168}}
