{"data":{"satisfaction":9.10225110401034,"comprehension":8.824777176662904,"contact":7.344737634192836,"contact_reachability":0.8954545454545455,"contact_satisfaction":8.216971601751037,"autonomy":6.305355200064472},"metadata":{"satisfaction_count":27853,"comprehension_count":25693,"contact_count":9967,"contactReachability_count":10120,"contactSatisfaction_count":8909,"autonomy_count":24817}}
