{"data":{"satisfaction":8.997963818623228,"comprehension":8.654461910824814,"contact":7.36703596608077,"contact_reachability":0.8842298908906369,"contact_satisfaction":8.358214456854288,"autonomy":6.288275225729915},"metadata":{"satisfaction_count":89383,"comprehension_count":79327,"contact_count":30779,"contactReachability_count":31528,"contactSatisfaction_count":27129,"autonomy_count":75865}}
