{"data":{"satisfaction":9.090653098479406,"comprehension":8.812409865574702,"contact":7.296343677781446,"contact_reachability":0.8905095662057207,"contact_satisfaction":8.21025013931026,"autonomy":6.286806219056719},"metadata":{"satisfaction_count":102986,"comprehension_count":94997,"contact_count":36348,"contactReachability_count":36953,"contactSatisfaction_count":32302,"autonomy_count":92104}}
