{"data":{"satisfaction":9.067502902048554,"comprehension":8.720939952630845,"contact":7.351480408817827,"contact_reachability":0.8879926844709137,"contact_satisfaction":8.30056483433328,"autonomy":6.261431992608097},"metadata":{"satisfaction_count":119743,"comprehension_count":107665,"contact_count":41779,"contactReachability_count":42649,"contactSatisfaction_count":37002,"autonomy_count":106062}}
