{"data":{"satisfaction":9.090855340953883,"comprehension":8.815434372858123,"contact":7.314866215165982,"contact_reachability":0.8935589519650655,"contact_satisfaction":8.20281374501992,"autonomy":6.225742574257426},"metadata":{"satisfaction_count":25370,"comprehension_count":23344,"contact_count":9007,"contactReachability_count":9160,"contactSatisfaction_count":8032,"autonomy_count":22725}}
