{"data":{"satisfaction":9.122287289011368,"comprehension":8.841798407893261,"contact":7.348632337194588,"contact_reachability":0.8964856841903668,"contact_satisfaction":8.212848128807659,"autonomy":6.270817417876241},"metadata":{"satisfaction_count":29030,"comprehension_count":26757,"contact_count":10273,"contactReachability_count":10443,"contactSatisfaction_count":9192,"autonomy_count":26180}}
