{"data":{"satisfaction":9.055390231664907,"comprehension":8.705432814546576,"contact":7.3433269579472915,"contact_reachability":0.887548344725256,"contact_satisfaction":8.295964754742394,"autonomy":6.244723270256305},"metadata":{"satisfaction_count":115598,"comprehension_count":103832,"contact_count":40259,"contactReachability_count":41111,"contactSatisfaction_count":35636,"autonomy_count":102573}}
