{"data":{"satisfaction":9.100304066534683,"comprehension":8.822669047912305,"contact":7.311145303719561,"contact_reachability":0.8911938923259182,"contact_satisfaction":8.220281613864067,"autonomy":6.298856912603652},"metadata":{"satisfaction_count":105569,"comprehension_count":97428,"contact_count":37370,"contactReachability_count":37985,"contactSatisfaction_count":33237,"autonomy_count":94306}}
