{"data":{"satisfaction":9.094375804488498,"comprehension":8.799179661729976,"contact":7.35536093418259,"contact_reachability":0.8913965427444756,"contact_satisfaction":8.270783004121075,"autonomy":6.348039699295594},"metadata":{"satisfaction_count":114203,"comprehension_count":104591,"contact_count":39564,"contactReachability_count":40321,"contactSatisfaction_count":35185,"autonomy_count":101362}}
