{"data":{"satisfaction":9.104944784413027,"comprehension":8.827785403797758,"contact":7.334856974343851,"contact_reachability":0.8946553059643687,"contact_satisfaction":8.21326362135388,"autonomy":6.27364785304969},"metadata":{"satisfaction_count":28434,"comprehension_count":26226,"contact_count":10173,"contactReachability_count":10328,"contactSatisfaction_count":9085,"autonomy_count":25478}}
