{"data":{"satisfaction":9.054664013575557,"comprehension":8.70549758305839,"contact":7.343436842756402,"contact_reachability":0.8875696631936031,"contact_satisfaction":8.295877009084556,"autonomy":6.242587758033366},"metadata":{"satisfaction_count":116091,"comprehension_count":104264,"contact_count":40415,"contactReachability_count":41270,"contactSatisfaction_count":35775,"autonomy_count":103039}}
