{"data":{"satisfaction":9.122175484010139,"comprehension":8.826909037815739,"contact":7.382958429377633,"contact_reachability":0.8896600124766063,"contact_satisfaction":8.318556331721297,"autonomy":6.387321407131709},"metadata":{"satisfaction_count":37086,"comprehension_count":34245,"contact_count":12581,"contactReachability_count":12824,"contactSatisfaction_count":11166,"autonomy_count":33316}}
