{"data":{"satisfaction":9.115337086365509,"comprehension":8.828950875011104,"contact":7.470185334407736,"contact_reachability":0.8896344833030709,"contact_satisfaction":8.418543407192153,"autonomy":6.483241775199062},"metadata":{"satisfaction_count":36415,"comprehension_count":33771,"contact_count":12410,"contactReachability_count":12667,"contactSatisfaction_count":11012,"autonomy_count":32402}}
