{"data":{"satisfaction":9.107157713746915,"comprehension":8.825275974511623,"contact":7.390269485234791,"contact_reachability":0.8887823585810163,"contact_satisfaction":8.32530449009271,"autonomy":6.5073990469024325},"metadata":{"satisfaction_count":36059,"comprehension_count":33427,"contact_count":12394,"contactReachability_count":12516,"contactSatisfaction_count":11002,"autonomy_count":31896}}
