{"data":{"satisfaction":9.091297300123752,"comprehension":8.795935941841433,"contact":7.352497359287762,"contact_reachability":0.8913016656384948,"contact_satisfaction":8.268518256639421,"autonomy":6.345208061333674},"metadata":{"satisfaction_count":114746,"comprehension_count":105092,"contact_count":39762,"contactReachability_count":40525,"contactSatisfaction_count":35357,"autonomy_count":101869}}
