{"data":{"satisfaction":9.00923572361692,"comprehension":8.671686609945857,"contact":7.350204634455142,"contact_reachability":0.8843343688873547,"contact_satisfaction":8.33728541847572,"autonomy":6.275705305030367},"metadata":{"satisfaction_count":98747,"comprehension_count":87916,"contact_count":33963,"contactReachability_count":34764,"contactSatisfaction_count":29942,"autonomy_count":84467}}
