{"data":{"satisfaction":9.138830752058043,"comprehension":8.833585362165431,"contact":7.306023899165166,"contact_reachability":0.8903603820531343,"contact_satisfaction":8.225672687062293,"autonomy":6.30850605818316},"metadata":{"satisfaction_count":35835,"comprehension_count":33065,"contact_count":12218,"contactReachability_count":12459,"contactSatisfaction_count":10852,"autonomy_count":32518}}
