{"data":{"satisfaction":9.072829722481695,"comprehension":8.782203887294548,"contact":7.347497978618273,"contact_reachability":0.8835755173932188,"contact_satisfaction":8.337751044958711,"autonomy":6.501279645111755},"metadata":{"satisfaction_count":33187,"comprehension_count":30664,"contact_count":11131,"contactReachability_count":11355,"contactSatisfaction_count":9809,"autonomy_count":29305}}
