{"data":{"satisfaction":8.958444552293132,"comprehension":8.613464125868365,"contact":7.245395355314926,"contact_reachability":0.8820452824994839,"contact_satisfaction":8.2273751630886,"autonomy":6.23965403671564},"metadata":{"satisfaction_count":82420,"comprehension_count":72838,"contact_count":28721,"contactReachability_count":29062,"contactSatisfaction_count":25293,"autonomy_count":69834}}
