{"data":{"satisfaction":9.13108973261666,"comprehension":8.84888814641571,"contact":7.352313512464836,"contact_reachability":0.8963083086902605,"contact_satisfaction":8.21893298633702,"autonomy":6.261526832955404},"metadata":{"satisfaction_count":29209,"comprehension_count":26937,"contact_count":10309,"contactReachability_count":10483,"contactSatisfaction_count":9222,"autonomy_count":26460}}
