{"data":{"satisfaction":8.99814502529511,"comprehension":8.655037630185237,"contact":7.371150835073069,"contact_reachability":0.88447331550121,"contact_satisfaction":8.360589018795324,"autonomy":6.284476591685875},"metadata":{"satisfaction_count":88950,"comprehension_count":78926,"contact_count":30656,"contactReachability_count":31404,"contactSatisfaction_count":27028,"autonomy_count":75486}}
