{"data":{"satisfaction":9.124612982613987,"comprehension":8.833499785989442,"contact":7.450217797137523,"contact_reachability":0.889821455821761,"contact_satisfaction":8.39291973361374,"autonomy":6.477778437073518},"metadata":{"satisfaction_count":37789,"comprehension_count":35045,"contact_count":12856,"contactReachability_count":13106,"contactSatisfaction_count":11412,"autonomy_count":33706}}
