{"data":{"satisfaction":9.126142496813214,"comprehension":8.83582373238201,"contact":7.466520526106018,"contact_reachability":0.8898265353961556,"contact_satisfaction":8.411989223170185,"autonomy":6.482433460076046},"metadata":{"satisfaction_count":36871,"comprehension_count":34198,"contact_count":12545,"contactReachability_count":12798,"contactSatisfaction_count":11135,"autonomy_count":32875}}
