{"data":{"satisfaction":8.991957395935225,"comprehension":8.652349962077656,"contact":7.353759564914943,"contact_reachability":0.8836096446543793,"contact_satisfaction":8.34900919012062,"autonomy":6.300085797339002},"metadata":{"satisfaction_count":92010,"comprehension_count":81746,"contact_count":31626,"contactReachability_count":32391,"contactSatisfaction_count":27856,"autonomy_count":78091}}
