{"data":{"satisfaction":6.699029126213592,"comprehension":6.428571428571429,"contact":8.238636363636363,"contact_reachability":0.9545454545454546,"contact_satisfaction":8.630952380952381,"autonomy":3.789473684210526},"metadata":{"satisfaction_count":103,"comprehension_count":98,"contact_count":44,"contactReachability_count":44,"contactSatisfaction_count":42,"autonomy_count":95}}
