{"data":{"satisfaction":6.398809523809524,"comprehension":6.024844720496894,"contact":7.607142857142857,"contact_reachability":0.9178082191780822,"contact_satisfaction":8.3203125,"autonomy":3.7837837837837838},"metadata":{"satisfaction_count":168,"comprehension_count":161,"contact_count":70,"contactReachability_count":73,"contactSatisfaction_count":64,"autonomy_count":148}}
