{"data":{"satisfaction":6.480263157894737,"comprehension":6.120689655172414,"contact":7.734375,"contact_reachability":0.9253731343283582,"contact_satisfaction":8.389830508474576,"autonomy":3.712121212121212},"metadata":{"satisfaction_count":152,"comprehension_count":145,"contact_count":64,"contactReachability_count":67,"contactSatisfaction_count":59,"autonomy_count":132}}
