{"data":{"satisfaction":6.1419753086419755,"comprehension":5.774193548387097,"contact":7.391304347826087,"contact_reachability":0.8857142857142857,"contact_satisfaction":8.360655737704919,"autonomy":3.5526315789473686},"metadata":{"satisfaction_count":162,"comprehension_count":155,"contact_count":69,"contactReachability_count":70,"contactSatisfaction_count":61,"autonomy_count":152}}
