{"data":{"satisfaction":6.113744075829384,"comprehension":5.705445544554456,"contact":7.219101123595506,"contact_reachability":0.8817204301075269,"contact_satisfaction":8.237179487179487,"autonomy":3.544973544973545},"metadata":{"satisfaction_count":211,"comprehension_count":202,"contact_count":89,"contactReachability_count":93,"contactSatisfaction_count":78,"autonomy_count":189}}
