{"data":{"satisfaction":6.907894736842105,"comprehension":6.815068493150685,"contact":8.455882352941176,"contact_reachability":0.9705882352941176,"contact_satisfaction":8.712121212121213,"autonomy":3.7681159420289854},"metadata":{"satisfaction_count":76,"comprehension_count":73,"contact_count":34,"contactReachability_count":34,"contactSatisfaction_count":33,"autonomy_count":69}}
