{"data":{"satisfaction":7.680965147453083,"comprehension":7.101990049751244,"contact":6.160714285714286,"contact_reachability":0.7142857142857143,"contact_satisfaction":8.625,"autonomy":6.780821917808219},"metadata":{"satisfaction_count":373,"comprehension_count":201,"contact_count":28,"contactReachability_count":28,"contactSatisfaction_count":20,"autonomy_count":146}}
