{"data":{"satisfaction":6.770538243626063,"comprehension":6.377314814814815,"contact":3.5714285714285716,"contact_reachability":0.5333333333333333,"contact_satisfaction":7.142857142857143,"autonomy":6.4935064935064934},"metadata":{"satisfaction_count":353,"comprehension_count":216,"contact_count":28,"contactReachability_count":30,"contactSatisfaction_count":14,"autonomy_count":154}}
