{"data":{"satisfaction":6.933842239185751,"comprehension":6.525974025974026,"contact":5.258620689655173,"contact_reachability":0.7096774193548387,"contact_satisfaction":7.625,"autonomy":6.5476190476190474},"metadata":{"satisfaction_count":393,"comprehension_count":231,"contact_count":29,"contactReachability_count":31,"contactSatisfaction_count":20,"autonomy_count":168}}
