{"data":{"satisfaction":7.032967032967033,"comprehension":6.944444444444445,"contact":6.111111111111111,"contact_reachability":0.7777777777777778,"contact_satisfaction":7.857142857142857,"autonomy":6.410256410256411},"metadata":{"satisfaction_count":91,"comprehension_count":54,"contact_count":9,"contactReachability_count":9,"contactSatisfaction_count":7,"autonomy_count":39}}
