{"data":{"satisfaction":7.752293577981652,"comprehension":7.661290322580645,"contact":6.818181818181818,"contact_reachability":0.8181818181818182,"contact_satisfaction":8.333333333333334,"autonomy":6.75},"metadata":{"satisfaction_count":109,"comprehension_count":62,"contact_count":11,"contactReachability_count":11,"contactSatisfaction_count":9,"autonomy_count":40}}
