{"data":{"satisfaction":6.788732394366197,"comprehension":6.39908256880734,"contact":3.5714285714285716,"contact_reachability":0.5333333333333333,"contact_satisfaction":7.142857142857143,"autonomy":6.516129032258065},"metadata":{"satisfaction_count":355,"comprehension_count":218,"contact_count":28,"contactReachability_count":30,"contactSatisfaction_count":14,"autonomy_count":155}}
