{"data":{"satisfaction":8.890591741166453,"comprehension":8.669752816839898,"contact":6.285997357992074,"contact_reachability":0.792507204610951,"contact_satisfaction":7.9493818910791845,"autonomy":5.705122572708901},"metadata":{"satisfaction_count":11745,"comprehension_count":11449,"contact_count":3785,"contactReachability_count":3817,"contactSatisfaction_count":2993,"autonomy_count":11381}}
