{"data":{"satisfaction":8.818008272351257,"comprehension":8.610417797069994,"contact":6.2461514778325125,"contact_reachability":0.7838086476540939,"contact_satisfaction":7.977782147070389,"autonomy":5.581473589772345},"metadata":{"satisfaction_count":9429,"comprehension_count":9215,"contact_count":3248,"contactReachability_count":3261,"contactSatisfaction_count":2543,"autonomy_count":8917}}
