{"data":{"satisfaction":9.042172980700501,"comprehension":8.822291361639824,"contact":6.45935960591133,"contact_reachability":0.8202933985330073,"contact_satisfaction":7.887218045112782,"autonomy":5.993377483443709},"metadata":{"satisfaction_count":2798,"comprehension_count":2732,"contact_count":812,"contactReachability_count":818,"contactSatisfaction_count":665,"autonomy_count":2718}}
