{"data":{"satisfaction":8.889671568195826,"comprehension":8.667027905716608,"contact":6.28226249313564,"contact_reachability":0.7921547262326342,"contact_satisfaction":7.947203890239667,"autonomy":5.725059058695257},"metadata":{"satisfaction_count":11357,"comprehension_count":11073,"contact_count":3642,"contactReachability_count":3671,"contactSatisfaction_count":2879,"autonomy_count":11006}}
