{"data":{"satisfaction":8.969089115422559,"comprehension":8.739885367498314,"contact":6.25,"contact_reachability":0.8099547511312217,"contact_satisfaction":7.724719101123595,"autonomy":5.941832938789314},"metadata":{"satisfaction_count":3041,"comprehension_count":2966,"contact_count":880,"contactReachability_count":884,"contactSatisfaction_count":712,"autonomy_count":2957}}
