{"data":{"satisfaction":8.835147471910112,"comprehension":8.620201384518564,"contact":6.258445945945946,"contact_reachability":0.7835342395486022,"contact_satisfaction":8.016810918774967,"autonomy":5.588940092165899},"metadata":{"satisfaction_count":11392,"comprehension_count":11123,"contact_count":3848,"contactReachability_count":3899,"contactSatisfaction_count":3004,"autonomy_count":10850}}
