{"data":{"satisfaction":8.838567005749669,"comprehension":8.623165428519659,"contact":6.278962611901001,"contact_reachability":0.7848791893998441,"contact_satisfaction":8.02946127946128,"autonomy":5.59427562494192},"metadata":{"satisfaction_count":11305,"comprehension_count":11038,"contact_count":3798,"contactReachability_count":3849,"contactSatisfaction_count":2970,"autonomy_count":10761}}
