{"data":{"satisfaction":8.9937106918239,"comprehension":8.772551546391753,"contact":6.389189189189189,"contact_reachability":0.8184747583243824,"contact_satisfaction":7.817460317460317,"autonomy":5.934959349593496},"metadata":{"satisfaction_count":3180,"comprehension_count":3104,"contact_count":925,"contactReachability_count":931,"contactSatisfaction_count":756,"autonomy_count":3075}}
