{"data":{"satisfaction":8.777252906976743,"comprehension":8.549048862364788,"contact":6.01685393258427,"contact_reachability":0.7706935123042505,"contact_satisfaction":7.817518248175182,"autonomy":5.647279549718574},"metadata":{"satisfaction_count":2752,"comprehension_count":2681,"contact_count":890,"contactReachability_count":894,"contactSatisfaction_count":685,"autonomy_count":2665}}
