{"data":{"satisfaction":8.782145481263777,"comprehension":8.55754716981132,"contact":5.959206174200662,"contact_reachability":0.7727771679473107,"contact_satisfaction":7.7214285714285715,"autonomy":5.609570831750855},"metadata":{"satisfaction_count":2722,"comprehension_count":2650,"contact_count":907,"contactReachability_count":911,"contactSatisfaction_count":700,"autonomy_count":2633}}
