{"data":{"satisfaction":8.8329539485204,"comprehension":8.618633428981349,"contact":6.253561253561253,"contact_reachability":0.7837423312883436,"contact_satisfaction":8.008291873963516,"autonomy":5.586720617987861},"metadata":{"satisfaction_count":11422,"comprehension_count":11152,"contact_count":3861,"contactReachability_count":3912,"contactSatisfaction_count":3015,"autonomy_count":10874}}
