{"data":{"satisfaction":8.750949126803341,"comprehension":8.766182816790899,"contact":6.479057591623037,"contact_reachability":0.8092783505154639,"contact_satisfaction":8.035714285714286,"autonomy":8.622854750941817},"metadata":{"satisfaction_count":2634,"comprehension_count":2549,"contact_count":191,"contactReachability_count":194,"contactSatisfaction_count":154,"autonomy_count":2389}}
