{"data":{"satisfaction":8.78315649867374,"comprehension":8.785762942779291,"contact":6.25,"contact_reachability":0.8152173913043478,"contact_satisfaction":7.705479452054795,"autonomy":8.784530386740332},"metadata":{"satisfaction_count":1508,"comprehension_count":1468,"contact_count":90,"contactReachability_count":92,"contactSatisfaction_count":73,"autonomy_count":1448}}
