{"data":{"satisfaction":8.820083682008368,"comprehension":8.782161234991424,"contact":6.36986301369863,"contact_reachability":0.8513513513513513,"contact_satisfaction":7.5,"autonomy":8.769633507853403},"metadata":{"satisfaction_count":1195,"comprehension_count":1166,"contact_count":73,"contactReachability_count":74,"contactSatisfaction_count":62,"autonomy_count":1146}}
