{"data":{"satisfaction":8.831210191082803,"comprehension":8.741765480895916,"contact":6.819852941176471,"contact_reachability":0.8345323741007195,"contact_satisfaction":8.20796460176991,"autonomy":8.512064343163539},"metadata":{"satisfaction_count":1570,"comprehension_count":1518,"contact_count":136,"contactReachability_count":139,"contactSatisfaction_count":113,"autonomy_count":1492}}
