{"data":{"satisfaction":8.809055118110237,"comprehension":8.703703703703704,"contact":7.205882352941177,"contact_reachability":0.8627450980392157,"contact_satisfaction":8.352272727272727,"autonomy":8.445378151260504},"metadata":{"satisfaction_count":508,"comprehension_count":486,"contact_count":51,"contactReachability_count":51,"contactSatisfaction_count":44,"autonomy_count":476}}
