{"data":{"satisfaction":8.807755775577558,"comprehension":8.753721820501914,"contact":6.620111731843576,"contact_reachability":0.8186813186813187,"contact_satisfaction":8.116438356164384,"autonomy":8.627705627705629},"metadata":{"satisfaction_count":2424,"comprehension_count":2351,"contact_count":179,"contactReachability_count":182,"contactSatisfaction_count":146,"autonomy_count":2310}}
