{"data":{"satisfaction":8.711743772241993,"comprehension":8.801319648093841,"contact":6.088235294117647,"contact_reachability":0.8255813953488372,"contact_satisfaction":7.392857142857143,"autonomy":8.751020408163265},"metadata":{"satisfaction_count":1405,"comprehension_count":1364,"contact_count":85,"contactReachability_count":86,"contactSatisfaction_count":70,"autonomy_count":1225}}
