{"data":{"satisfaction":8.699068684516881,"comprehension":8.801020408163266,"contact":6.029411764705882,"contact_reachability":0.7980769230769231,"contact_satisfaction":7.592592592592593,"autonomy":8.768827766863131},"metadata":{"satisfaction_count":1718,"comprehension_count":1666,"contact_count":102,"contactReachability_count":104,"contactSatisfaction_count":81,"autonomy_count":1527}}
