{"data":{"satisfaction":8.75240662302657,"comprehension":8.766891891891891,"contact":6.530054644808743,"contact_reachability":0.8172043010752689,"contact_satisfaction":8.020134228187919,"autonomy":8.629032258064516},"metadata":{"satisfaction_count":2597,"comprehension_count":2516,"contact_count":183,"contactReachability_count":186,"contactSatisfaction_count":149,"autonomy_count":2356}}
