{"data":{"satisfaction":7.752525252525253,"comprehension":7.412027453971021,"contact":5.388724035608309,"contact_reachability":0.6927113702623907,"contact_satisfaction":7.841105354058722,"autonomy":6.585393385257929},"metadata":{"satisfaction_count":9702,"comprehension_count":9179,"contact_count":1685,"contactReachability_count":1715,"contactSatisfaction_count":1158,"autonomy_count":8859}}
