{"data":{"satisfaction":8.375834851244687,"comprehension":7.781488549618321,"contact":6.090047393364929,"contact_reachability":0.784037558685446,"contact_satisfaction":7.787878787878788,"autonomy":6.8407310704960835},"metadata":{"satisfaction_count":1647,"comprehension_count":1572,"contact_count":211,"contactReachability_count":213,"contactSatisfaction_count":165,"autonomy_count":1532}}
