{"data":{"satisfaction":7.736140724946695,"comprehension":7.400473666403519,"contact":5.385793018983466,"contact_reachability":0.6927239927841251,"contact_satisfaction":7.838680926916221,"autonomy":6.558600583090379},"metadata":{"satisfaction_count":9380,"comprehension_count":8867,"contact_count":1633,"contactReachability_count":1663,"contactSatisfaction_count":1122,"autonomy_count":8575}}
