{"data":{"satisfaction":7.747983870967742,"comprehension":7.504231908590774,"contact":5.384615384615385,"contact_reachability":0.6751269035532995,"contact_satisfaction":8.01526717557252,"autonomy":6.547980894485454},"metadata":{"satisfaction_count":2480,"comprehension_count":2363,"contact_count":390,"contactReachability_count":394,"contactSatisfaction_count":262,"autonomy_count":2303}}
