{"data":{"satisfaction":7.859560067681895,"comprehension":7.4444178819029405,"contact":5.394467213114754,"contact_reachability":0.6880053908355795,"contact_satisfaction":7.8896103896103895,"autonomy":6.609230769230769},"metadata":{"satisfaction_count":8865,"comprehension_count":8366,"contact_count":1464,"contactReachability_count":1484,"contactSatisfaction_count":1001,"autonomy_count":8125}}
