{"data":{"satisfaction":8.175355450236967,"comprehension":8.015463917525773,"contact":4.310344827586207,"contact_reachability":0.5862068965517241,"contact_satisfaction":7.352941176470588,"autonomy":6.145251396648045},"metadata":{"satisfaction_count":211,"comprehension_count":194,"contact_count":58,"contactReachability_count":58,"contactSatisfaction_count":34,"autonomy_count":179}}
