{"data":{"satisfaction":7.731563050591492,"comprehension":7.3770217885309455,"contact":5.338896457765667,"contact_reachability":0.6918918918918919,"contact_satisfaction":7.744565217391305,"autonomy":6.5154667776390625},"metadata":{"satisfaction_count":7946,"comprehension_count":7481,"contact_count":1468,"contactReachability_count":1480,"contactSatisfaction_count":1012,"autonomy_count":7209}}
