{"data":{"satisfaction":7.749231444883619,"comprehension":7.407590375450424,"contact":5.428526249209361,"contact_reachability":0.6964618249534451,"contact_satisfaction":7.8594322344322345,"autonomy":6.569158540989527},"metadata":{"satisfaction_count":9108,"comprehension_count":8603,"contact_count":1581,"contactReachability_count":1611,"contactSatisfaction_count":1092,"autonomy_count":8307}}
