{"data":{"satisfaction":7.77800744109136,"comprehension":7.536812472932005,"contact":5.298611111111111,"contact_reachability":0.6758241758241759,"contact_satisfaction":7.882231404958677,"autonomy":6.601510439804532},"metadata":{"satisfaction_count":2419,"comprehension_count":2309,"contact_count":360,"contactReachability_count":364,"contactSatisfaction_count":242,"autonomy_count":2251}}
