{"data":{"satisfaction":7.74173294265383,"comprehension":7.522975929978118,"contact":5.236768802228412,"contact_reachability":0.6694214876033058,"contact_satisfaction":7.866108786610878,"autonomy":6.599462365591398},"metadata":{"satisfaction_count":2389,"comprehension_count":2285,"contact_count":359,"contactReachability_count":363,"contactSatisfaction_count":239,"autonomy_count":2232}}
