{"data":{"satisfaction":8.193751356042526,"comprehension":7.7616875712656785,"contact":5.224719101123595,"contact_reachability":0.6703910614525139,"contact_satisfaction":7.815126050420168,"autonomy":6.69256120527307},"metadata":{"satisfaction_count":4609,"comprehension_count":4385,"contact_count":712,"contactReachability_count":716,"contactSatisfaction_count":476,"autonomy_count":4248}}
