{"data":{"satisfaction":7.658993367147874,"comprehension":7.457731958762887,"contact":5.086956521739131,"contact_reachability":0.6536796536796536,"contact_satisfaction":7.8,"autonomy":6.481639624252775},"metadata":{"satisfaction_count":2563,"comprehension_count":2425,"contact_count":460,"contactReachability_count":462,"contactSatisfaction_count":300,"autonomy_count":2342}}
