{"data":{"satisfaction":7.754272184476014,"comprehension":7.412414318354912,"contact":5.388724035608309,"contact_reachability":0.6927113702623907,"contact_satisfaction":7.841105354058722,"autonomy":6.588115909347164},"metadata":{"satisfaction_count":9714,"comprehension_count":9191,"contact_count":1685,"contactReachability_count":1715,"contactSatisfaction_count":1158,"autonomy_count":8869}}
