{"data":{"satisfaction":8.383575883575883,"comprehension":7.784276387377584,"contact":5.91796875,"contact_reachability":0.751937984496124,"contact_satisfaction":7.890625,"autonomy":6.828859060402684},"metadata":{"satisfaction_count":1924,"comprehension_count":1838,"contact_count":256,"contactReachability_count":258,"contactSatisfaction_count":192,"autonomy_count":1788}}
