{"data":{"satisfaction":7.709508460918614,"comprehension":7.487288135593221,"contact":5.337677725118484,"contact_reachability":0.6682242990654206,"contact_satisfaction":8.044642857142858,"autonomy":6.47239263803681},"metadata":{"satisfaction_count":2482,"comprehension_count":2360,"contact_count":422,"contactReachability_count":428,"contactSatisfaction_count":280,"autonomy_count":2282}}
