{"data":{"satisfaction":8.705128205128204,"comprehension":8.23816155988858,"contact":4.229651162790698,"contact_reachability":0.5433526011560693,"contact_satisfaction":7.82258064516129,"autonomy":6.299559471365638},"metadata":{"satisfaction_count":780,"comprehension_count":718,"contact_count":172,"contactReachability_count":173,"contactSatisfaction_count":93,"autonomy_count":681}}
