{"data":{"satisfaction":7.760773258155457,"comprehension":7.528421052631579,"contact":5.38781163434903,"contact_reachability":0.6904109589041096,"contact_satisfaction":7.842741935483871,"autonomy":6.624946050927924},"metadata":{"satisfaction_count":2483,"comprehension_count":2375,"contact_count":361,"contactReachability_count":365,"contactSatisfaction_count":248,"autonomy_count":2317}}
