{"data":{"satisfaction":7.863961813842482,"comprehension":7.573164682539683,"contact":5.245098039215686,"contact_reachability":0.6742671009771987,"contact_satisfaction":7.79126213592233,"autonomy":6.743002544529262},"metadata":{"satisfaction_count":2095,"comprehension_count":2016,"contact_count":306,"contactReachability_count":307,"contactSatisfaction_count":206,"autonomy_count":1965}}
