{"data":{"satisfaction":9.063873425139175,"comprehension":8.97921760391198,"contact":7.589605734767025,"contact_reachability":0.8657243816254417,"contact_satisfaction":8.78630705394191,"autonomy":8.05398618957941},"metadata":{"satisfaction_count":3413,"comprehension_count":3272,"contact_count":279,"contactReachability_count":283,"contactSatisfaction_count":241,"autonomy_count":3186}}
