{"data":{"satisfaction":9.059139784946236,"comprehension":9.055045871559633,"contact":7.438271604938271,"contact_reachability":0.8292682926829268,"contact_satisfaction":8.992537313432836,"autonomy":8.194444444444445},"metadata":{"satisfaction_count":1116,"comprehension_count":1090,"contact_count":81,"contactReachability_count":82,"contactSatisfaction_count":67,"autonomy_count":1080}}
