{"data":{"satisfaction":9.039019245979436,"comprehension":8.971397139713972,"contact":7.539936102236422,"contact_reachability":0.861198738170347,"contact_satisfaction":8.773234200743495,"autonomy":8.083663086489542},"metadata":{"satisfaction_count":3793,"comprehension_count":3636,"contact_count":313,"contactReachability_count":317,"contactSatisfaction_count":269,"autonomy_count":3538}}
