{"data":{"satisfaction":9.094746716697935,"comprehension":9.097690086621752,"contact":7.347560975609756,"contact_reachability":0.8072289156626506,"contact_satisfaction":9.128787878787879,"autonomy":8.184466019417476},"metadata":{"satisfaction_count":1066,"comprehension_count":1039,"contact_count":82,"contactReachability_count":83,"contactSatisfaction_count":66,"autonomy_count":1030}}
