{"data":{"satisfaction":8.877551020408163,"comprehension":8.872377622377622,"contact":6.8478260869565215,"contact_reachability":0.782608695652174,"contact_satisfaction":8.75,"autonomy":8.140350877192983},"metadata":{"satisfaction_count":588,"comprehension_count":572,"contact_count":46,"contactReachability_count":46,"contactSatisfaction_count":36,"autonomy_count":570}}
