{"data":{"satisfaction":9.006734006734007,"comprehension":8.998267898383371,"contact":7.310126582278481,"contact_reachability":0.8125,"contact_satisfaction":9.0234375,"autonomy":8.156359393232206},"metadata":{"satisfaction_count":891,"comprehension_count":866,"contact_count":79,"contactReachability_count":80,"contactSatisfaction_count":64,"autonomy_count":857}}
