{"data":{"satisfaction":9.011524822695035,"comprehension":8.94543225015328,"contact":7.435897435897436,"contact_reachability":0.8375451263537906,"contact_satisfaction":8.903508771929825,"autonomy":8.1150061500615},"metadata":{"satisfaction_count":3384,"comprehension_count":3262,"contact_count":273,"contactReachability_count":277,"contactSatisfaction_count":228,"autonomy_count":3252}}
