{"data":{"satisfaction":8.92766497461929,"comprehension":8.864541832669323,"contact":7.596153846153846,"contact_reachability":0.8461538461538461,"contact_satisfaction":8.977272727272727,"autonomy":8.282694848084544},"metadata":{"satisfaction_count":788,"comprehension_count":753,"contact_count":52,"contactReachability_count":52,"contactSatisfaction_count":44,"autonomy_count":757}}
