{"data":{"satisfaction":8.66,"comprehension":8.757861635220126,"contact":6.208791208791209,"contact_reachability":0.7252747252747253,"contact_satisfaction":8.56060606060606,"autonomy":7.968421052631579},"metadata":{"satisfaction_count":1000,"comprehension_count":954,"contact_count":91,"contactReachability_count":91,"contactSatisfaction_count":66,"autonomy_count":950}}
