{"data":{"satisfaction":9.013517400057522,"comprehension":8.944377990430622,"contact":7.456140350877193,"contact_reachability":0.8408304498269896,"contact_satisfaction":8.891213389121338,"autonomy":8.100659077291791},"metadata":{"satisfaction_count":3477,"comprehension_count":3344,"contact_count":285,"contactReachability_count":289,"contactSatisfaction_count":239,"autonomy_count":3338}}
