{"data":{"satisfaction":8.946117274167987,"comprehension":8.878311258278146,"contact":7.136363636363637,"contact_reachability":0.8181818181818182,"contact_satisfaction":8.722222222222221,"autonomy":8.096026490066226},"metadata":{"satisfaction_count":631,"comprehension_count":604,"contact_count":55,"contactReachability_count":55,"contactSatisfaction_count":45,"autonomy_count":604}}
