{"data":{"satisfaction":8.974197608558843,"comprehension":8.961261850277868,"contact":7.309322033898305,"contact_reachability":0.8284518828451883,"contact_satisfaction":8.846153846153847,"autonomy":8.153846153846153},"metadata":{"satisfaction_count":3178,"comprehension_count":3059,"contact_count":236,"contactReachability_count":239,"contactSatisfaction_count":195,"autonomy_count":3055}}
