{"data":{"satisfaction":8.912776412776413,"comprehension":8.94486692015209,"contact":7.142857142857143,"contact_reachability":0.8051948051948052,"contact_satisfaction":8.870967741935484,"autonomy":8.002544529262087},"metadata":{"satisfaction_count":814,"comprehension_count":789,"contact_count":77,"contactReachability_count":77,"contactSatisfaction_count":62,"autonomy_count":786}}
