{"data":{"satisfaction":9.038563127311146,"comprehension":8.97066923712476,"contact":7.540192926045016,"contact_reachability":0.8603174603174604,"contact_satisfaction":8.782771535580524,"autonomy":8.087818696883852},"metadata":{"satisfaction_count":3786,"comprehension_count":3631,"contact_count":311,"contactReachability_count":315,"contactSatisfaction_count":267,"autonomy_count":3530}}
