{"data":{"satisfaction":9.045996592844974,"comprehension":9.063867016622922,"contact":7.327586206896552,"contact_reachability":0.8390804597701149,"contact_satisfaction":8.732876712328768,"autonomy":8.176991150442477},"metadata":{"satisfaction_count":1174,"comprehension_count":1143,"contact_count":87,"contactReachability_count":87,"contactSatisfaction_count":73,"autonomy_count":1130}}
