{"data":{"satisfaction":9.01497005988024,"comprehension":8.950636448307979,"contact":7.425925925925926,"contact_reachability":0.8357664233576643,"contact_satisfaction":8.911111111111111,"autonomy":8.115264797507788},"metadata":{"satisfaction_count":3340,"comprehension_count":3221,"contact_count":270,"contactReachability_count":274,"contactSatisfaction_count":225,"autonomy_count":3210}}
