{"data":{"satisfaction":9.060975609756097,"comprehension":8.983306836248012,"contact":7.554945054945055,"contact_reachability":0.8722627737226277,"contact_satisfaction":8.665966386554622,"autonomy":8.128712871287128},"metadata":{"satisfaction_count":3280,"comprehension_count":3145,"contact_count":273,"contactReachability_count":274,"contactSatisfaction_count":238,"autonomy_count":3030}}
