{"data":{"satisfaction":8.808859434949424,"comprehension":8.845315904139433,"contact":6.744897959183674,"contact_reachability":0.7714285714285715,"contact_satisfaction":8.743386243386244,"autonomy":8.047272727272727},"metadata":{"satisfaction_count":2867,"comprehension_count":2754,"contact_count":245,"contactReachability_count":245,"contactSatisfaction_count":189,"autonomy_count":2750}}
