{"data":{"satisfaction":8.857388316151203,"comprehension":8.88644366197183,"contact":6.9021739130434785,"contact_reachability":0.782608695652174,"contact_satisfaction":8.819444444444445,"autonomy":8.095238095238095},"metadata":{"satisfaction_count":582,"comprehension_count":568,"contact_count":46,"contactReachability_count":46,"contactSatisfaction_count":36,"autonomy_count":567}}
