{"data":{"satisfaction":6.84070796460177,"comprehension":6.295546558704453,"contact":5,"contact_reachability":0.7076923076923077,"contact_satisfaction":7.065217391304348,"autonomy":6.329670329670329},"metadata":{"satisfaction_count":565,"comprehension_count":494,"contact_count":65,"contactReachability_count":65,"contactSatisfaction_count":46,"autonomy_count":455}}
