{"data":{"satisfaction":6.4839319470699435,"comprehension":6.076086956521739,"contact":4.649532710280374,"contact_reachability":0.6697530864197531,"contact_satisfaction":6.974299065420561,"autonomy":6.015258215962441},"metadata":{"satisfaction_count":2116,"comprehension_count":1840,"contact_count":321,"contactReachability_count":324,"contactSatisfaction_count":214,"autonomy_count":1704}}
