{"data":{"satisfaction":4.70303867403315,"comprehension":5.0470332850940665,"contact":3.269230769230769,"contact_reachability":0.5865384615384616,"contact_satisfaction":5.573770491803279,"autonomy":6.196969696969697},"metadata":{"satisfaction_count":724,"comprehension_count":691,"contact_count":104,"contactReachability_count":104,"contactSatisfaction_count":61,"autonomy_count":660}}
