{"data":{"satisfaction":8.220701454234389,"comprehension":7.220129171151776,"contact":5.6640625,"contact_reachability":0.7653061224489796,"contact_satisfaction":7.448630136986301,"autonomy":5.468940316686967},"metadata":{"satisfaction_count":1169,"comprehension_count":929,"contact_count":192,"contactReachability_count":196,"contactSatisfaction_count":146,"autonomy_count":821}}
