{"data":{"satisfaction":6.435309973045822,"comprehension":6.0681233933161955,"contact":4.634328358208955,"contact_reachability":0.6775147928994083,"contact_satisfaction":6.869469026548672,"autonomy":6.048699501936912},"metadata":{"satisfaction_count":2226,"comprehension_count":1945,"contact_count":335,"contactReachability_count":338,"contactSatisfaction_count":226,"autonomy_count":1807}}
