{"data":{"satisfaction":7.905576679340938,"comprehension":7.0528771384136855,"contact":5.526859504132231,"contact_reachability":0.7530364372469636,"contact_satisfaction":7.389502762430939,"autonomy":5.743944636678201},"metadata":{"satisfaction_count":1578,"comprehension_count":1286,"contact_count":242,"contactReachability_count":247,"contactSatisfaction_count":181,"autonomy_count":1156}}
