{"data":{"satisfaction":8.382352941176471,"comprehension":7.57168458781362,"contact":6.479591836734694,"contact_reachability":0.8163265306122449,"contact_satisfaction":7.9375,"autonomy":6.294820717131474},"metadata":{"satisfaction_count":340,"comprehension_count":279,"contact_count":49,"contactReachability_count":49,"contactSatisfaction_count":40,"autonomy_count":251}}
