{"data":{"satisfaction":4.699211045364891,"comprehension":5.036496350364963,"contact":3.415492957746479,"contact_reachability":0.5985915492957746,"contact_satisfaction":5.705882352941177,"autonomy":6.165745856353591},"metadata":{"satisfaction_count":1014,"comprehension_count":959,"contact_count":142,"contactReachability_count":142,"contactSatisfaction_count":85,"autonomy_count":905}}
