{"data":{"satisfaction":7.743496672716273,"comprehension":6.896170839469809,"contact":5.4417670682730925,"contact_reachability":0.7440944881889764,"contact_satisfaction":7.364130434782608,"autonomy":5.777414075286416},"metadata":{"satisfaction_count":1653,"comprehension_count":1358,"contact_count":249,"contactReachability_count":254,"contactSatisfaction_count":184,"autonomy_count":1222}}
