{"data":{"satisfaction":8.464715258658165,"comprehension":8.59454168585905,"contact":5.927130774235524,"contact_reachability":0.7696774193548387,"contact_satisfaction":7.720338983050848,"autonomy":8.053020767778477},"metadata":{"satisfaction_count":13802,"comprehension_count":13026,"contact_count":1537,"contactReachability_count":1550,"contactSatisfaction_count":1180,"autonomy_count":12712}}
