{"data":{"satisfaction":8.462313003452245,"comprehension":8.593666641262098,"contact":5.907036797934151,"contact_reachability":0.7676056338028169,"contact_satisfaction":7.715008431703204,"autonomy":8.038359582098861},"metadata":{"satisfaction_count":13904,"comprehension_count":13121,"contact_count":1549,"contactReachability_count":1562,"contactSatisfaction_count":1186,"autonomy_count":12826}}
