{"data":{"satisfaction":8.465121563281073,"comprehension":8.593273398619361,"contact":5.950134770889488,"contact_reachability":0.7702070808283233,"contact_satisfaction":7.745614035087719,"autonomy":8.189193710270994},"metadata":{"satisfaction_count":13203,"comprehension_count":12458,"contact_count":1484,"contactReachability_count":1497,"contactSatisfaction_count":1140,"autonomy_count":11956}}
