{"data":{"satisfaction":8.349338178043084,"comprehension":8.50494233937397,"contact":5.109589041095891,"contact_reachability":0.7103825136612022,"contact_satisfaction":7.2007722007722,"autonomy":8.077790304396844},"metadata":{"satisfaction_count":3853,"comprehension_count":3642,"contact_count":365,"contactReachability_count":366,"contactSatisfaction_count":259,"autonomy_count":3548}}
