{"data":{"satisfaction":8.428571428571429,"comprehension":8.548704493276484,"contact":5.951986754966887,"contact_reachability":0.7722772277227723,"contact_satisfaction":7.714592274678112,"autonomy":8.219041278295606},"metadata":{"satisfaction_count":3220,"comprehension_count":3049,"contact_count":302,"contactReachability_count":303,"contactSatisfaction_count":233,"autonomy_count":3004}}
