{"data":{"satisfaction":8.361647361647362,"comprehension":8.505309011707052,"contact":5.136986301369863,"contact_reachability":0.7103825136612022,"contact_satisfaction":7.239382239382239,"autonomy":8.0720871751886},"metadata":{"satisfaction_count":3885,"comprehension_count":3673,"contact_count":365,"contactReachability_count":366,"contactSatisfaction_count":259,"autonomy_count":3579}}
