{"data":{"satisfaction":8.468159603180393,"comprehension":8.595911585130226,"contact":5.9297385620915035,"contact_reachability":0.7692806221646143,"contact_satisfaction":7.727853492333901,"autonomy":8.073379923761118},"metadata":{"satisfaction_count":13709,"comprehension_count":12939,"contact_count":1530,"contactReachability_count":1543,"contactSatisfaction_count":1174,"autonomy_count":12592}}
