{"data":{"satisfaction":8.46447087526685,"comprehension":8.588045234248789,"contact":5.935672514619883,"contact_reachability":0.7748538011695907,"contact_satisfaction":7.660377358490566,"autonomy":8.133986928104575},"metadata":{"satisfaction_count":3279,"comprehension_count":3095,"contact_count":342,"contactReachability_count":342,"contactSatisfaction_count":265,"autonomy_count":3060}}
