{"data":{"satisfaction":8.368046132971505,"comprehension":8.584417451304535,"contact":6.09284890426759,"contact_reachability":0.7918088737201365,"contact_satisfaction":7.722953216374269,"autonomy":7.942155484873141},"metadata":{"satisfaction_count":14740,"comprehension_count":13913,"contact_count":1734,"contactReachability_count":1758,"contactSatisfaction_count":1368,"autonomy_count":13519}}
