{"data":{"satisfaction":8.407051282051283,"comprehension":8.550508857896721,"contact":5.782467532467533,"contact_reachability":0.7732558139534884,"contact_satisfaction":7.489486963835156,"autonomy":7.905461707446405},"metadata":{"satisfaction_count":14040,"comprehension_count":13265,"contact_count":1540,"contactReachability_count":1548,"contactSatisfaction_count":1189,"autonomy_count":13201}}
