{"data":{"satisfaction":8.40532302431046,"comprehension":8.549414262127526,"contact":5.729379686434902,"contact_reachability":0.7667796610169492,"contact_satisfaction":7.484416740872662,"autonomy":8.059401159047006},"metadata":{"satisfaction_count":13451,"comprehension_count":12719,"contact_count":1467,"contactReachability_count":1475,"contactSatisfaction_count":1123,"autonomy_count":12424}}
