{"data":{"satisfaction":8.369763822156054,"comprehension":8.585974472967159,"contact":6.088895281933256,"contact_reachability":0.7911464245175936,"contact_satisfaction":7.724452554744525,"autonomy":7.873289926110177},"metadata":{"satisfaction_count":14777,"comprehension_count":13946,"contact_count":1738,"contactReachability_count":1762,"contactSatisfaction_count":1370,"autonomy_count":13669}}
