{"data":{"satisfaction":8.36993107869851,"comprehension":8.602928692699491,"contact":6.0562015503875966,"contact_reachability":0.7938144329896907,"contact_satisfaction":7.634364820846906,"autonomy":7.954043305346885},"metadata":{"satisfaction_count":12478,"comprehension_count":11780,"contact_count":1548,"contactReachability_count":1552,"contactSatisfaction_count":1228,"autonomy_count":11315}}
