{"data":{"satisfaction":8.368708308065495,"comprehension":8.51537475976938,"contact":5.155763239875389,"contact_reachability":0.7111801242236024,"contact_satisfaction":7.258771929824562,"autonomy":8.078834051010269},"metadata":{"satisfaction_count":3298,"comprehension_count":3122,"contact_count":321,"contactReachability_count":322,"contactSatisfaction_count":228,"autonomy_count":3019}}
