{"data":{"satisfaction":8.357894736842105,"comprehension":8.491919754806352,"contact":5.305555555555555,"contact_reachability":0.7209944751381215,"contact_satisfaction":7.374517374517374,"autonomy":8.092650843580211},"metadata":{"satisfaction_count":3800,"comprehension_count":3589,"contact_count":360,"contactReachability_count":362,"contactSatisfaction_count":259,"autonomy_count":3497}}
