{"data":{"satisfaction":8.530493410971498,"comprehension":8.68467741935484,"contact":5.997566909975669,"contact_reachability":0.7858880778588808,"contact_satisfaction":7.631578947368421,"autonomy":7.935103244837758},"metadata":{"satisfaction_count":3263,"comprehension_count":3100,"contact_count":411,"contactReachability_count":411,"contactSatisfaction_count":323,"autonomy_count":3051}}
