{"data":{"satisfaction":8.362598144182726,"comprehension":8.586874338424316,"contact":6.074207061639736,"contact_reachability":0.7904368358913814,"contact_satisfaction":7.712765957446808,"autonomy":8.002829521339306},"metadata":{"satisfaction_count":14010,"comprehension_count":13226,"contact_count":1671,"contactReachability_count":1694,"contactSatisfaction_count":1316,"autonomy_count":12723}}
