{"data":{"satisfaction":8.310896621793244,"comprehension":8.494218876041947,"contact":5.98175965665236,"contact_reachability":0.8038379530916845,"contact_satisfaction":7.4532085561497325,"autonomy":7.815126050420168},"metadata":{"satisfaction_count":3937,"comprehension_count":3719,"contact_count":466,"contactReachability_count":469,"contactSatisfaction_count":374,"autonomy_count":3689}}
