{"data":{"satisfaction":8.352791878172589,"comprehension":8.511281224818694,"contact":5.053333333333334,"contact_reachability":0.7021276595744681,"contact_satisfaction":7.20532319391635,"autonomy":8.076074972436604},"metadata":{"satisfaction_count":3940,"comprehension_count":3723,"contact_count":375,"contactReachability_count":376,"contactSatisfaction_count":263,"autonomy_count":3628}}
