{"data":{"satisfaction":8.337775623939908,"comprehension":8.517003323958066,"contact":5.6980519480519485,"contact_reachability":0.7698924731182796,"contact_satisfaction":7.415492957746479,"autonomy":7.873607873607874},"metadata":{"satisfaction_count":4127,"comprehension_count":3911,"contact_count":462,"contactReachability_count":465,"contactSatisfaction_count":355,"autonomy_count":3861}}
