{"data":{"satisfaction":9.36205931729155,"comprehension":9.320512820512821,"contact":5.720338983050848,"contact_reachability":0.8135593220338984,"contact_satisfaction":7.03125,"autonomy":9.082621082621083},"metadata":{"satisfaction_count":1787,"comprehension_count":1755,"contact_count":59,"contactReachability_count":59,"contactSatisfaction_count":48,"autonomy_count":1755}}
