{"data":{"satisfaction":8.720930232558139,"comprehension":8.536585365853659,"contact":3.5714285714285716,"contact_reachability":0.42857142857142855,"contact_satisfaction":8.333333333333334,"autonomy":7.25},"metadata":{"satisfaction_count":43,"comprehension_count":41,"contact_count":7,"contactReachability_count":7,"contactSatisfaction_count":3,"autonomy_count":40}}
