{"data":{"satisfaction":8.526315789473685,"comprehension":8.439226519337016,"contact":4.666666666666667,"contact_reachability":0.5333333333333333,"contact_satisfaction":8.75,"autonomy":6.931818181818182},"metadata":{"satisfaction_count":190,"comprehension_count":181,"contact_count":30,"contactReachability_count":30,"contactSatisfaction_count":16,"autonomy_count":176}}
