{"data":{"satisfaction":8.518518518518519,"comprehension":8.444444444444445,"contact":4.827586206896552,"contact_reachability":0.5517241379310345,"contact_satisfaction":8.75,"autonomy":6.9714285714285715},"metadata":{"satisfaction_count":189,"comprehension_count":180,"contact_count":29,"contactReachability_count":29,"contactSatisfaction_count":16,"autonomy_count":175}}
