{"data":{"satisfaction":8.663101604278076,"comprehension":8.61271676300578,"contact":5.568181818181818,"contact_reachability":0.5909090909090909,"contact_satisfaction":9.423076923076923,"autonomy":7.261904761904762},"metadata":{"satisfaction_count":187,"comprehension_count":173,"contact_count":22,"contactReachability_count":22,"contactSatisfaction_count":13,"autonomy_count":168}}
