{"data":{"satisfaction":9.03214861311392,"comprehension":8.799133327497154,"contact":3.5705741626794256,"contact_reachability":0.48243559718969553,"contact_satisfaction":7.5761421319796955,"autonomy":8.703359035717451},"metadata":{"satisfaction_count":11789,"comprehension_count":11423,"contact_count":418,"contactReachability_count":427,"contactSatisfaction_count":197,"autonomy_count":11283}}
