{"data":{"satisfaction":8.970588235294118,"comprehension":8.734375,"contact":3.037974683544304,"contact_reachability":0.4375,"contact_satisfaction":7.0588235294117645,"autonomy":8.639966624947851},"metadata":{"satisfaction_count":2448,"comprehension_count":2400,"contact_count":79,"contactReachability_count":80,"contactSatisfaction_count":34,"autonomy_count":2397}}
