{"data":{"satisfaction":9.027938566026087,"comprehension":8.793782837127846,"contact":3.5444444444444443,"contact_reachability":0.48148148148148145,"contact_satisfaction":7.523584905660377,"autonomy":8.809582009288683},"metadata":{"satisfaction_count":12957,"comprehension_count":12562,"contact_count":450,"contactReachability_count":459,"contactSatisfaction_count":212,"autonomy_count":12273}}
