{"data":{"satisfaction":9.012219959266803,"comprehension":8.732112794612794,"contact":3.7637362637362637,"contact_reachability":0.532608695652174,"contact_satisfaction":7.135416666666667,"autonomy":8.706823925863521},"metadata":{"satisfaction_count":2455,"comprehension_count":2376,"contact_count":91,"contactReachability_count":92,"contactSatisfaction_count":48,"autonomy_count":2374}}
