{"data":{"satisfaction":8.983725761772853,"comprehension":8.717902995720399,"contact":3.622448979591837,"contact_reachability":0.5204081632653061,"contact_satisfaction":6.96078431372549,"autonomy":8.720142602495544},"metadata":{"satisfaction_count":2888,"comprehension_count":2804,"contact_count":98,"contactReachability_count":98,"contactSatisfaction_count":51,"autonomy_count":2805}}
