{"data":{"satisfaction":8.924429479985035,"comprehension":8.682096403978576,"contact":3.0232558139534884,"contact_reachability":0.41379310344827586,"contact_satisfaction":7.428571428571429,"autonomy":8.67437379576108},"metadata":{"satisfaction_count":2673,"comprehension_count":2614,"contact_count":86,"contactReachability_count":87,"contactSatisfaction_count":35,"autonomy_count":2595}}
