{"data":{"satisfaction":9.008587041373927,"comprehension":8.766891891891891,"contact":2.9878048780487805,"contact_reachability":0.40963855421686746,"contact_satisfaction":7.424242424242424,"autonomy":8.722978382706165},"metadata":{"satisfaction_count":2562,"comprehension_count":2516,"contact_count":82,"contactReachability_count":83,"contactSatisfaction_count":33,"autonomy_count":2498}}
