{"data":{"satisfaction":9.028312048007386,"comprehension":8.793349734148084,"contact":3.5596026490066226,"contact_reachability":0.48268398268398266,"contact_satisfaction":7.535046728971962,"autonomy":8.794907144594923},"metadata":{"satisfaction_count":12998,"comprehension_count":12601,"contact_count":453,"contactReachability_count":462,"contactSatisfaction_count":214,"autonomy_count":12331}}
