{"data":{"satisfaction":9.039043045179652,"comprehension":8.805116663604629,"contact":3.5581683168316833,"contact_reachability":0.48284313725490197,"contact_satisfaction":7.448186528497409,"autonomy":8.70487532564198},"metadata":{"satisfaction_count":11244,"comprehension_count":10886,"contact_count":404,"contactReachability_count":408,"contactSatisfaction_count":193,"autonomy_count":10748}}
