{"data":{"satisfaction":8.96893137589621,"comprehension":8.719168428470754,"contact":3.9545454545454546,"contact_reachability":0.5585585585585585,"contact_satisfaction":7.131147540983607,"autonomy":8.688293370944994},"metadata":{"satisfaction_count":2929,"comprehension_count":2838,"contact_count":110,"contactReachability_count":111,"contactSatisfaction_count":61,"autonomy_count":2836}}
