{"data":{"satisfaction":8.978698811096434,"comprehension":8.704919430471481,"contact":3.661556603773585,"contact_reachability":0.5069444444444444,"contact_satisfaction":7.35781990521327,"autonomy":8.5611027063372},"metadata":{"satisfaction_count":12112,"comprehension_count":11729,"contact_count":424,"contactReachability_count":432,"contactSatisfaction_count":211,"autonomy_count":11898}}
