{"data":{"satisfaction":8.979102432339843,"comprehension":8.703032446291221,"contact":3.575870646766169,"contact_reachability":0.49877750611246946,"contact_satisfaction":7.2969543147208125,"autonomy":8.580532518550852},"metadata":{"satisfaction_count":11676,"comprehension_count":11311,"contact_count":402,"contactReachability_count":409,"contactSatisfaction_count":197,"autonomy_count":11455}}
