{"data":{"satisfaction":8.150943396226415,"comprehension":6.862745098039215,"contact":4.423076923076923,"contact_reachability":0.7333333333333333,"contact_satisfaction":6.388888888888889,"autonomy":5.982142857142857},"metadata":{"satisfaction_count":265,"comprehension_count":153,"contact_count":13,"contactReachability_count":15,"contactSatisfaction_count":9,"autonomy_count":112}}
