{"data":{"satisfaction":8.333333333333334,"comprehension":7.279411764705882,"contact":9.166666666666666,"contact_reachability":1,"contact_satisfaction":9.166666666666666,"autonomy":6.086956521739131},"metadata":{"satisfaction_count":63,"comprehension_count":34,"contact_count":3,"contactReachability_count":3,"contactSatisfaction_count":3,"autonomy_count":23}}
