{"data":{"satisfaction":8.194444444444445,"comprehension":7.013888888888889,"contact":9.166666666666666,"contact_reachability":1,"contact_satisfaction":9.166666666666666,"autonomy":5.909090909090909},"metadata":{"satisfaction_count":72,"comprehension_count":36,"contact_count":3,"contactReachability_count":3,"contactSatisfaction_count":3,"autonomy_count":22}}
