{"data":{"satisfaction":9.005128205128205,"comprehension":8.83739406779661,"contact":6.764705882352941,"contact_reachability":0.8382352941176471,"contact_satisfaction":8.070175438596491,"autonomy":8.302502720348205},"metadata":{"satisfaction_count":975,"comprehension_count":944,"contact_count":68,"contactReachability_count":68,"contactSatisfaction_count":57,"autonomy_count":919}}
