{"data":{"satisfaction":8.953900709219859,"comprehension":8.770491803278688,"contact":6.818181818181818,"contact_reachability":0.8787878787878788,"contact_satisfaction":7.758620689655173,"autonomy":8.41904761904762},"metadata":{"satisfaction_count":564,"comprehension_count":549,"contact_count":33,"contactReachability_count":33,"contactSatisfaction_count":29,"autonomy_count":525}}
