{"data":{"satisfaction":9.015625,"comprehension":8.82400430570506,"contact":6.764705882352941,"contact_reachability":0.8382352941176471,"contact_satisfaction":8.070175438596491,"autonomy":8.306010928961749},"metadata":{"satisfaction_count":960,"comprehension_count":929,"contact_count":68,"contactReachability_count":68,"contactSatisfaction_count":57,"autonomy_count":915}}
