{"data":{"satisfaction":9.005722460658083,"comprehension":8.810751104565538,"contact":6.722222222222222,"contact_reachability":0.8444444444444444,"contact_satisfaction":7.9605263157894735,"autonomy":8.455772113943029},"metadata":{"satisfaction_count":699,"comprehension_count":679,"contact_count":45,"contactReachability_count":45,"contactSatisfaction_count":38,"autonomy_count":667}}
