{"data":{"satisfaction":8.991596638655462,"comprehension":8.829250720461095,"contact":6.722222222222222,"contact_reachability":0.8444444444444444,"contact_satisfaction":7.9605263157894735,"autonomy":8.450074515648286},"metadata":{"satisfaction_count":714,"comprehension_count":694,"contact_count":45,"contactReachability_count":45,"contactSatisfaction_count":38,"autonomy_count":671}}
