{"data":{"satisfaction":8.970856102003642,"comprehension":8.745318352059925,"contact":6.818181818181818,"contact_reachability":0.8787878787878788,"contact_satisfaction":7.758620689655173,"autonomy":8.426103646833013},"metadata":{"satisfaction_count":549,"comprehension_count":534,"contact_count":33,"contactReachability_count":33,"contactSatisfaction_count":29,"autonomy_count":521}}
