{"data":{"satisfaction":9.011194029850746,"comprehension":8.905038759689923,"contact":6.8023255813953485,"contact_reachability":0.813953488372093,"contact_satisfaction":8.357142857142858,"autonomy":8.153241650294696},"metadata":{"satisfaction_count":536,"comprehension_count":516,"contact_count":43,"contactReachability_count":43,"contactSatisfaction_count":35,"autonomy_count":509}}
