{"data":{"satisfaction":8.989583333333334,"comprehension":8.82921589688507,"contact":6.666666666666667,"contact_reachability":0.8333333333333334,"contact_satisfaction":8,"autonomy":8.30939226519337},"metadata":{"satisfaction_count":960,"comprehension_count":931,"contact_count":66,"contactReachability_count":66,"contactSatisfaction_count":55,"autonomy_count":905}}
