{"data":{"satisfaction":8.57773851590106,"comprehension":8.513761467889909,"contact":5.108695652173913,"contact_reachability":0.7130434782608696,"contact_satisfaction":7.164634146341464,"autonomy":6.097560975609756},"metadata":{"satisfaction_count":566,"comprehension_count":545,"contact_count":115,"contactReachability_count":115,"contactSatisfaction_count":82,"autonomy_count":533}}
