{"data":{"satisfaction":8.46968438538206,"comprehension":8.42048401037165,"contact":5.4980657640232105,"contact_reachability":0.7164750957854407,"contact_satisfaction":7.703252032520325,"autonomy":5.8340649692712905},"metadata":{"satisfaction_count":2408,"comprehension_count":2314,"contact_count":517,"contactReachability_count":522,"contactSatisfaction_count":369,"autonomy_count":2278}}
