{"data":{"satisfaction":8.432866556836903,"comprehension":8.412885273972602,"contact":5.593457943925234,"contact_reachability":0.7153419593345656,"contact_satisfaction":7.854330708661418,"autonomy":5.736196319018405},"metadata":{"satisfaction_count":2428,"comprehension_count":2336,"contact_count":535,"contactReachability_count":541,"contactSatisfaction_count":381,"autonomy_count":2282}}
