{"data":{"satisfaction":8.43104872006606,"comprehension":8.409871244635193,"contact":5.576923076923077,"contact_reachability":0.7142857142857143,"contact_satisfaction":7.8430079155672825,"autonomy":5.738137082601054},"metadata":{"satisfaction_count":2422,"comprehension_count":2330,"contact_count":533,"contactReachability_count":539,"contactSatisfaction_count":379,"autonomy_count":2276}}
