{"data":{"satisfaction":8.46635030198447,"comprehension":8.420934411500449,"contact":5.5129482071713145,"contact_reachability":0.717948717948718,"contact_satisfaction":7.70891364902507,"autonomy":5.832193342453261},"metadata":{"satisfaction_count":2318,"comprehension_count":2226,"contact_count":502,"contactReachability_count":507,"contactSatisfaction_count":359,"autonomy_count":2193}}
