{"data":{"satisfaction":8.582089552238806,"comprehension":8.498896247240618,"contact":5.188172043010753,"contact_reachability":0.7204301075268817,"contact_satisfaction":7.201492537313433,"autonomy":6.054421768707483},"metadata":{"satisfaction_count":469,"comprehension_count":453,"contact_count":93,"contactReachability_count":93,"contactSatisfaction_count":67,"autonomy_count":441}}
