{"data":{"satisfaction":8.594040968342645,"comprehension":8.548543689320388,"contact":5.412844036697248,"contact_reachability":0.7431192660550459,"contact_satisfaction":7.283950617283951,"autonomy":6.163021868787276},"metadata":{"satisfaction_count":537,"comprehension_count":515,"contact_count":109,"contactReachability_count":109,"contactSatisfaction_count":81,"autonomy_count":503}}
