{"data":{"satisfaction":8.420147420147421,"comprehension":8.394951555328914,"contact":5.479525862068965,"contact_reachability":0.7112068965517241,"contact_satisfaction":7.704545454545454,"autonomy":5.677083333333333},"metadata":{"satisfaction_count":2035,"comprehension_count":1961,"contact_count":464,"contactReachability_count":464,"contactSatisfaction_count":330,"autonomy_count":1920}}
