{"data":{"satisfaction":8.425751879699249,"comprehension":8.3935546875,"contact":5.575726141078838,"contact_reachability":0.7151639344262295,"contact_satisfaction":7.835276967930029,"autonomy":5.670822942643391},"metadata":{"satisfaction_count":2128,"comprehension_count":2048,"contact_count":482,"contactReachability_count":488,"contactSatisfaction_count":343,"autonomy_count":2005}}
