{"data":{"satisfaction":8.603202846975089,"comprehension":8.51663585951941,"contact":5.200892857142857,"contact_reachability":0.7232142857142857,"contact_satisfaction":7.191358024691358,"autonomy":6.086956521739131},"metadata":{"satisfaction_count":562,"comprehension_count":541,"contact_count":112,"contactReachability_count":112,"contactSatisfaction_count":81,"autonomy_count":529}}
