{"data":{"satisfaction":8.40947546531303,"comprehension":8.385964912280702,"contact":5.826923076923077,"contact_reachability":0.7293233082706767,"contact_satisfaction":8.058510638297872,"autonomy":5.549645390070922},"metadata":{"satisfaction_count":591,"comprehension_count":570,"contact_count":130,"contactReachability_count":133,"contactSatisfaction_count":94,"autonomy_count":564}}
