{"data":{"satisfaction":8.582089552238806,"comprehension":8.578336557059961,"contact":6.144859813084112,"contact_reachability":0.7431192660550459,"contact_satisfaction":8.322784810126583,"autonomy":5.836653386454183},"metadata":{"satisfaction_count":536,"comprehension_count":517,"contact_count":107,"contactReachability_count":109,"contactSatisfaction_count":79,"autonomy_count":502}}
