{"data":{"satisfaction":8.46583850931677,"comprehension":8.420939250323137,"contact":5.479846449136277,"contact_reachability":0.714828897338403,"contact_satisfaction":7.695417789757412,"autonomy":5.838074398249453},"metadata":{"satisfaction_count":2415,"comprehension_count":2321,"contact_count":521,"contactReachability_count":526,"contactSatisfaction_count":371,"autonomy_count":2285}}
