{"data":{"satisfaction":8.34841628959276,"comprehension":8.408736349453978,"contact":5.535714285714286,"contact_reachability":0.7071428571428572,"contact_satisfaction":7.828282828282828,"autonomy":5.574803149606299},"metadata":{"satisfaction_count":663,"comprehension_count":641,"contact_count":140,"contactReachability_count":140,"contactSatisfaction_count":99,"autonomy_count":635}}
