{"data":{"satisfaction":7.3189326556543834,"comprehension":7.359098228663446,"contact":6.199748743718593,"contact_reachability":0.7807881773399015,"contact_satisfaction":7.985436893203883,"autonomy":1.8264014466546112},"metadata":{"satisfaction_count":787,"comprehension_count":621,"contact_count":398,"contactReachability_count":406,"contactSatisfaction_count":309,"autonomy_count":553}}
