{"data":{"satisfaction":7.821100917431193,"comprehension":7.928571428571429,"contact":6.548672566371682,"contact_reachability":0.7913043478260869,"contact_satisfaction":8.314606741573034,"autonomy":1.949685534591195},"metadata":{"satisfaction_count":218,"comprehension_count":175,"contact_count":113,"contactReachability_count":115,"contactSatisfaction_count":89,"autonomy_count":159}}
