{"data":{"satisfaction":8.149038461538462,"comprehension":7.903458213256484,"contact":6.964285714285714,"contact_reachability":0.8241206030150754,"contact_satisfaction":8.478260869565217,"autonomy":2.122186495176849},"metadata":{"satisfaction_count":416,"comprehension_count":347,"contact_count":196,"contactReachability_count":199,"contactSatisfaction_count":161,"autonomy_count":311}}
