{"data":{"satisfaction":7.514940239043825,"comprehension":7.459727385377943,"contact":6.277665995975855,"contact_reachability":0.7766798418972332,"contact_satisfaction":8.125,"autonomy":1.9220055710306407},"metadata":{"satisfaction_count":1004,"comprehension_count":807,"contact_count":497,"contactReachability_count":506,"contactSatisfaction_count":384,"autonomy_count":718}}
