{"data":{"satisfaction":6.9520547945205475,"comprehension":7.107438016528926,"contact":6.052631578947368,"contact_reachability":0.7662337662337663,"contact_satisfaction":7.931034482758621,"autonomy":1.4285714285714286},"metadata":{"satisfaction_count":146,"comprehension_count":121,"contact_count":76,"contactReachability_count":77,"contactSatisfaction_count":58,"autonomy_count":105}}
