{"data":{"satisfaction":6.681818181818182,"comprehension":6.852941176470588,"contact":4.782608695652174,"contact_reachability":0.6428571428571429,"contact_satisfaction":7.5,"autonomy":2.3076923076923075},"metadata":{"satisfaction_count":110,"comprehension_count":85,"contact_count":69,"contactReachability_count":70,"contactSatisfaction_count":44,"autonomy_count":78}}
