{"data":{"satisfaction":6.741071428571429,"comprehension":6.925287356321839,"contact":4.857142857142857,"contact_reachability":0.647887323943662,"contact_satisfaction":7.555555555555555,"autonomy":2.25},"metadata":{"satisfaction_count":112,"comprehension_count":87,"contact_count":70,"contactReachability_count":71,"contactSatisfaction_count":45,"autonomy_count":80}}
