{"data":{"satisfaction":7.212837837837838,"comprehension":7.048104956268221,"contact":6.190205011389522,"contact_reachability":0.7844444444444445,"contact_satisfaction":7.945906432748538,"autonomy":1.5894039735099337},"metadata":{"satisfaction_count":888,"comprehension_count":686,"contact_count":439,"contactReachability_count":450,"contactSatisfaction_count":342,"autonomy_count":604}}
