{"data":{"satisfaction":7.038461538461538,"comprehension":7.24537037037037,"contact":6.4393939393939394,"contact_reachability":0.8059701492537313,"contact_satisfaction":8.018867924528301,"autonomy":1.3043478260869565},"metadata":{"satisfaction_count":130,"comprehension_count":108,"contact_count":66,"contactReachability_count":67,"contactSatisfaction_count":53,"autonomy_count":92}}
