{"data":{"satisfaction":7.166666666666667,"comprehension":7.182203389830509,"contact":5.8984375,"contact_reachability":0.7761194029850746,"contact_satisfaction":7.704081632653061,"autonomy":2.05607476635514},"metadata":{"satisfaction_count":150,"comprehension_count":118,"contact_count":64,"contactReachability_count":67,"contactSatisfaction_count":49,"autonomy_count":107}}
