{"data":{"satisfaction":6.315789473684211,"comprehension":7.034883720930233,"contact":4.72972972972973,"contact_reachability":0.5945945945945946,"contact_satisfaction":7.954545454545454,"autonomy":3.1578947368421053},"metadata":{"satisfaction_count":57,"comprehension_count":43,"contact_count":37,"contactReachability_count":37,"contactSatisfaction_count":22,"autonomy_count":38}}
