{"data":{"satisfaction":7.21729490022173,"comprehension":7.036637931034483,"contact":6.196388261851016,"contact_reachability":0.7841409691629956,"contact_satisfaction":7.956521739130435,"autonomy":1.5960912052117264},"metadata":{"satisfaction_count":902,"comprehension_count":696,"contact_count":443,"contactReachability_count":454,"contactSatisfaction_count":345,"autonomy_count":614}}
