{"data":{"satisfaction":7.190949227373069,"comprehension":7.0321428571428575,"contact":6.130289532293987,"contact_reachability":0.7782608695652173,"contact_satisfaction":7.932276657060519,"autonomy":1.6019417475728155},"metadata":{"satisfaction_count":906,"comprehension_count":700,"contact_count":449,"contactReachability_count":460,"contactSatisfaction_count":347,"autonomy_count":618}}
