{"data":{"satisfaction":8.608695652173912,"comprehension":8.621495327102803,"contact":5.526315789473684,"contact_reachability":0.6842105263157895,"contact_satisfaction":8.076923076923077,"autonomy":7.904761904761905},"metadata":{"satisfaction_count":115,"comprehension_count":107,"contact_count":19,"contactReachability_count":19,"contactSatisfaction_count":13,"autonomy_count":105}}
