{"data":{"satisfaction":8.686131386861314,"comprehension":8.799212598425196,"contact":6.111111111111111,"contact_reachability":0.7222222222222222,"contact_satisfaction":8.461538461538462,"autonomy":8.099173553719009},"metadata":{"satisfaction_count":137,"comprehension_count":127,"contact_count":18,"contactReachability_count":18,"contactSatisfaction_count":13,"autonomy_count":121}}
