{"data":{"satisfaction":8.537735849056604,"comprehension":8.596938775510203,"contact":5.526315789473684,"contact_reachability":0.6842105263157895,"contact_satisfaction":8.076923076923077,"autonomy":7.8125},"metadata":{"satisfaction_count":106,"comprehension_count":98,"contact_count":19,"contactReachability_count":19,"contactSatisfaction_count":13,"autonomy_count":96}}
