{"data":{"satisfaction":7.067988668555241,"comprehension":6.795,"contact":4.3604651162790695,"contact_reachability":0.6473988439306358,"contact_satisfaction":6.756756756756757,"autonomy":6.217882836587872},"metadata":{"satisfaction_count":1059,"comprehension_count":1000,"contact_count":172,"contactReachability_count":173,"contactSatisfaction_count":111,"autonomy_count":973}}
