{"data":{"satisfaction":6.742243436754177,"comprehension":6.456392887383573,"contact":4.430147058823529,"contact_reachability":0.6556776556776557,"contact_satisfaction":6.769662921348314,"autonomy":5.788546255506608},"metadata":{"satisfaction_count":1257,"comprehension_count":1181,"contact_count":272,"contactReachability_count":273,"contactSatisfaction_count":178,"autonomy_count":1135}}
