{"data":{"satisfaction":7.817258883248731,"comprehension":7.634048257372654,"contact":3.8095238095238093,"contact_reachability":0.5952380952380952,"contact_satisfaction":6.4,"autonomy":7.548746518105849},"metadata":{"satisfaction_count":394,"comprehension_count":373,"contact_count":42,"contactReachability_count":42,"contactSatisfaction_count":25,"autonomy_count":359}}
