{"data":{"satisfaction":6.748392282958199,"comprehension":6.464041095890411,"contact":4.418819188191882,"contact_reachability":0.6544117647058824,"contact_satisfaction":6.765536723163842,"autonomy":5.796972395369546},"metadata":{"satisfaction_count":1244,"comprehension_count":1168,"contact_count":271,"contactReachability_count":272,"contactSatisfaction_count":177,"autonomy_count":1123}}
