{"data":{"satisfaction":7.0588235294117645,"comprehension":6.783596837944664,"contact":4.378612716763006,"contact_reachability":0.6494252873563219,"contact_satisfaction":6.763392857142857,"autonomy":6.199186991869919},"metadata":{"satisfaction_count":1071,"comprehension_count":1012,"contact_count":173,"contactReachability_count":174,"contactSatisfaction_count":112,"autonomy_count":984}}
