{"data":{"satisfaction":6.7492012779552715,"comprehension":6.4604591836734695,"contact":4.430147058823529,"contact_reachability":0.6556776556776557,"contact_satisfaction":6.769662921348314,"autonomy":5.787610619469026},"metadata":{"satisfaction_count":1252,"comprehension_count":1176,"contact_count":272,"contactReachability_count":273,"contactSatisfaction_count":178,"autonomy_count":1130}}
