{"data":{"satisfaction":6.867559523809524,"comprehension":6.622257053291536,"contact":4.128289473684211,"contact_reachability":0.631578947368421,"contact_satisfaction":6.536458333333333,"autonomy":6.268656716417911},"metadata":{"satisfaction_count":672,"comprehension_count":638,"contact_count":152,"contactReachability_count":152,"contactSatisfaction_count":96,"autonomy_count":603}}
