{"data":{"satisfaction":4.605263157894737,"comprehension":4.513888888888889,"contact":3.0952380952380953,"contact_reachability":0.47619047619047616,"contact_satisfaction":6.5,"autonomy":3.4285714285714284},"metadata":{"satisfaction_count":38,"comprehension_count":36,"contact_count":21,"contactReachability_count":21,"contactSatisfaction_count":10,"autonomy_count":35}}
