{"data":{"satisfaction":7.574850299401198,"comprehension":7.359081419624217,"contact":3.6403508771929824,"contact_reachability":0.5789473684210527,"contact_satisfaction":6.287878787878788,"autonomy":7.278617710583154},"metadata":{"satisfaction_count":501,"comprehension_count":479,"contact_count":57,"contactReachability_count":57,"contactSatisfaction_count":33,"autonomy_count":463}}
