{"data":{"satisfaction":6.927175843694494,"comprehension":6.688679245283019,"contact":4.3283582089552235,"contact_reachability":0.6417910447761194,"contact_satisfaction":6.744186046511628,"autonomy":6.277665995975855},"metadata":{"satisfaction_count":563,"comprehension_count":530,"contact_count":134,"contactReachability_count":134,"contactSatisfaction_count":86,"autonomy_count":497}}
