{"data":{"satisfaction":6.319302210608094,"comprehension":6.503889734483342,"contact":5.490212912087912,"contact_reachability":0.7642857142857142,"contact_satisfaction":7.313586459286368,"autonomy":5.704238386081807},"metadata":{"satisfaction_count":14159,"comprehension_count":11826,"contact_count":2912,"contactReachability_count":3080,"contactSatisfaction_count":2186,"autonomy_count":10806}}
