{"data":{"satisfaction":6.15975645114526,"comprehension":6.395861601085482,"contact":5.406626506024097,"contact_reachability":0.7694483734087695,"contact_satisfaction":7.16566866267465,"autonomy":5.867924528301887},"metadata":{"satisfaction_count":3449,"comprehension_count":2948,"contact_count":664,"contactReachability_count":707,"contactSatisfaction_count":501,"autonomy_count":2650}}
