{"data":{"satisfaction":6.235904559568557,"comprehension":6.435390217498278,"contact":5.4436758893280635,"contact_reachability":0.7649925037481259,"contact_satisfaction":7.237256962690489,"autonomy":5.64551663361974},"metadata":{"satisfaction_count":12238,"comprehension_count":10161,"contact_count":2530,"contactReachability_count":2668,"contactSatisfaction_count":1903,"autonomy_count":9078}}
