{"data":{"satisfaction":6.136613523914239,"comprehension":6.481183660340946,"contact":5.390946502057613,"contact_reachability":0.7575360419397117,"contact_satisfaction":7.224264705882353,"autonomy":5.947293447293447},"metadata":{"satisfaction_count":3638,"comprehension_count":3109,"contact_count":729,"contactReachability_count":763,"contactSatisfaction_count":544,"autonomy_count":2808}}
