{"data":{"satisfaction":6.231169797284731,"comprehension":6.423587665991447,"contact":5.366503776099512,"contact_reachability":0.7713427713427713,"contact_satisfaction":7.031431897555297,"autonomy":5.623502710881351},"metadata":{"satisfaction_count":10754,"comprehension_count":8886,"contact_count":2251,"contactReachability_count":2331,"contactSatisfaction_count":1718,"autonomy_count":7931}}
