{"data":{"satisfaction":6.562052505966587,"comprehension":6.6650632215503025,"contact":5.524333719582851,"contact_reachability":0.753880266075388,"contact_satisfaction":7.437597503900156,"autonomy":5.837837837837838},"metadata":{"satisfaction_count":4190,"comprehension_count":3638,"contact_count":863,"contactReachability_count":902,"contactSatisfaction_count":641,"autonomy_count":3330}}
