{"data":{"satisfaction":6.395034329703863,"comprehension":6.549341836317554,"contact":5.483478260869565,"contact_reachability":0.7633487145682267,"contact_satisfaction":7.3087621696801115,"autonomy":5.7945180938731635},"metadata":{"satisfaction_count":14419,"comprehension_count":12231,"contact_count":2875,"contactReachability_count":3034,"contactSatisfaction_count":2157,"autonomy_count":11164}}
