{"data":{"satisfaction":6.247080979284369,"comprehension":6.454841924087327,"contact":5.457439068752273,"contact_reachability":0.7656196064894719,"contact_satisfaction":7.247584541062802,"autonomy":5.658161198865938},"metadata":{"satisfaction_count":13275,"comprehension_count":11039,"contact_count":2749,"contactReachability_count":2897,"contactSatisfaction_count":2070,"autonomy_count":9876}}
