{"data":{"satisfaction":6.241934229961906,"comprehension":6.44630998035731,"contact":5.450773293096945,"contact_reachability":0.7657367668097281,"contact_satisfaction":7.239478957915832,"autonomy":5.658307210031348},"metadata":{"satisfaction_count":12863,"comprehension_count":10691,"contact_count":2651,"contactReachability_count":2796,"contactSatisfaction_count":1996,"autonomy_count":9570}}
