{"data":{"satisfaction":6.248781784353681,"comprehension":6.433418830821845,"contact":5.470243266724587,"contact_reachability":0.7691991786447638,"contact_satisfaction":7.237068965517241,"autonomy":5.638971906754334},"metadata":{"satisfaction_count":11287,"comprehension_count":9357,"contact_count":2302,"contactReachability_count":2435,"contactSatisfaction_count":1740,"autonomy_count":8365}}
