{"data":{"satisfaction":6.153846153846154,"comprehension":6.449472337703869,"contact":5.302013422818792,"contact_reachability":0.7519181585677749,"contact_satisfaction":7.168784029038113,"autonomy":5.881307746979389},"metadata":{"satisfaction_count":3653,"comprehension_count":3127,"contact_count":745,"contactReachability_count":782,"contactSatisfaction_count":551,"autonomy_count":2814}}
