{"data":{"satisfaction":6.615220048899755,"comprehension":6.722643553629469,"contact":5.348,"contact_reachability":0.7537993920972644,"contact_satisfaction":7.219222462203024,"autonomy":5.765940902021773},"metadata":{"satisfaction_count":3272,"comprehension_count":2769,"contact_count":625,"contactReachability_count":658,"contactSatisfaction_count":463,"autonomy_count":2572}}
