{"data":{"satisfaction":6.143638850889193,"comprehension":6.375243981782694,"contact":5.260196905766526,"contact_reachability":0.7706919945725916,"contact_satisfaction":6.900369003690037,"autonomy":5.8020231213872835},"metadata":{"satisfaction_count":3655,"comprehension_count":3074,"contact_count":711,"contactReachability_count":737,"contactSatisfaction_count":542,"autonomy_count":2768}}
