{"data":{"satisfaction":6.560163973957078,"comprehension":6.647157190635451,"contact":5.571260306242638,"contact_reachability":0.7570303712035995,"contact_satisfaction":7.472353870458136,"autonomy":5.81685427441436},"metadata":{"satisfaction_count":4147,"comprehension_count":3588,"contact_count":849,"contactReachability_count":889,"contactSatisfaction_count":633,"autonomy_count":3287}}
