{"data":{"satisfaction":6.395536528879219,"comprehension":6.550897213263871,"contact":5.462014134275618,"contact_reachability":0.7616337462336793,"contact_satisfaction":7.298158640226629,"autonomy":5.802681645225585},"metadata":{"satisfaction_count":14249,"comprehension_count":12093,"contact_count":2830,"contactReachability_count":2987,"contactSatisfaction_count":2118,"autonomy_count":11038}}
