{"data":{"satisfaction":6.181667586968525,"comprehension":6.528359651949726,"contact":5.327702702702703,"contact_reachability":0.75,"contact_satisfaction":7.220695970695971,"autonomy":5.892793752218672},"metadata":{"satisfaction_count":3622,"comprehension_count":3103,"contact_count":740,"contactReachability_count":776,"contactSatisfaction_count":546,"autonomy_count":2817}}
