{"data":{"satisfaction":6.615959434214038,"comprehension":6.724653652392947,"contact":5.285714285714286,"contact_reachability":0.7470967741935484,"contact_satisfaction":7.207792207792208,"autonomy":5.7501697216564835},"metadata":{"satisfaction_count":3747,"comprehension_count":3176,"contact_count":735,"contactReachability_count":775,"contactSatisfaction_count":539,"autonomy_count":2946}}
