{"data":{"satisfaction":6.633509108341323,"comprehension":6.718357082984074,"contact":5.5420616113744074,"contact_reachability":0.750561797752809,"contact_satisfaction":7.520096463022508,"autonomy":5.83053946967388},"metadata":{"satisfaction_count":4172,"comprehension_count":3579,"contact_count":844,"contactReachability_count":890,"contactSatisfaction_count":622,"autonomy_count":3281}}
