{"data":{"satisfaction":6.620992761116856,"comprehension":6.728950579621721,"contact":5.307486631016043,"contact_reachability":0.7531486146095718,"contact_satisfaction":7.192028985507246,"autonomy":5.7486807387862795},"metadata":{"satisfaction_count":3868,"comprehension_count":3278,"contact_count":748,"contactReachability_count":794,"contactSatisfaction_count":552,"autonomy_count":3032}}
