{"data":{"satisfaction":6.181394072447859,"comprehension":6.498070119009328,"contact":5.341511936339523,"contact_reachability":0.7531645569620253,"contact_satisfaction":7.204830053667263,"autonomy":5.878787878787879},"metadata":{"satisfaction_count":3644,"comprehension_count":3109,"contact_count":754,"contactReachability_count":790,"contactSatisfaction_count":559,"autonomy_count":2805}}
