{"data":{"satisfaction":6.575951124687586,"comprehension":6.7198815009874915,"contact":5.422687861271676,"contact_reachability":0.7696551724137931,"contact_satisfaction":7.147619047619048,"autonomy":5.802776788892844},"metadata":{"satisfaction_count":3601,"comprehension_count":3038,"contact_count":692,"contactReachability_count":725,"contactSatisfaction_count":525,"autonomy_count":2809}}
