{"data":{"satisfaction":6.152327221438646,"comprehension":6.445803040317251,"contact":5.347025495750708,"contact_reachability":0.7557046979865771,"contact_satisfaction":7.2041984732824424,"autonomy":5.866617808721143},"metadata":{"satisfaction_count":3545,"comprehension_count":3026,"contact_count":706,"contactReachability_count":745,"contactSatisfaction_count":524,"autonomy_count":2729}}
