{"data":{"satisfaction":6.304347826086956,"comprehension":6.48967684021544,"contact":5.5102227090178895,"contact_reachability":0.7682462815634729,"contact_satisfaction":7.2945867568873854,"autonomy":5.715969357690041},"metadata":{"satisfaction_count":13363,"comprehension_count":11140,"contact_count":2739,"contactReachability_count":2891,"contactSatisfaction_count":2069,"autonomy_count":10182}}
