{"data":{"satisfaction":6.238429172510519,"comprehension":6.424043468417478,"contact":5.368632707774799,"contact_reachability":0.770923209663503,"contact_satisfaction":7.038664323374341,"autonomy":5.633570340274251},"metadata":{"satisfaction_count":10695,"comprehension_count":8834,"contact_count":2238,"contactReachability_count":2318,"contactSatisfaction_count":1707,"autonomy_count":7876}}
