{"data":{"satisfaction":6.159690366972477,"comprehension":6.39661528150134,"contact":5.41044776119403,"contact_reachability":0.7682584269662921,"contact_satisfaction":7.178217821782178,"autonomy":5.853840417598807},"metadata":{"satisfaction_count":3488,"comprehension_count":2984,"contact_count":670,"contactReachability_count":712,"contactSatisfaction_count":505,"autonomy_count":2682}}
