{"data":{"satisfaction":6.12564731534478,"comprehension":6.376495311994827,"contact":5.287114845938375,"contact_reachability":0.7756756756756756,"contact_satisfaction":6.888686131386861,"autonomy":5.8015815959741195},"metadata":{"satisfaction_count":3669,"comprehension_count":3093,"contact_count":714,"contactReachability_count":740,"contactSatisfaction_count":548,"autonomy_count":2782}}
