{"data":{"satisfaction":6.580973329667308,"comprehension":6.715542521994135,"contact":5.3776223776223775,"contact_reachability":0.7626666666666667,"contact_satisfaction":7.160148975791434,"autonomy":5.785764622973925},"metadata":{"satisfaction_count":3637,"comprehension_count":3069,"contact_count":715,"contactReachability_count":750,"contactSatisfaction_count":537,"autonomy_count":2838}}
