{"data":{"satisfaction":6.400798734081833,"comprehension":6.556939501779359,"contact":5.4563492063492065,"contact_reachability":0.7604576331784054,"contact_satisfaction":7.306427125506073,"autonomy":5.791117618350415},"metadata":{"satisfaction_count":13271,"comprehension_count":11240,"contact_count":2646,"contactReachability_count":2797,"contactSatisfaction_count":1976,"autonomy_count":10245}}
