{"data":{"satisfaction":6.176309295311214,"comprehension":6.489224831135413,"contact":5.322902796271638,"contact_reachability":0.7534942820838628,"contact_satisfaction":7.1768402154398565,"autonomy":5.903099394371215},"metadata":{"satisfaction_count":3647,"comprehension_count":3109,"contact_count":751,"contactReachability_count":787,"contactSatisfaction_count":557,"autonomy_count":2807}}
