{"data":{"satisfaction":6.13446587964296,"comprehension":6.405777628485052,"contact":5.366032210834553,"contact_reachability":0.7678571428571429,"contact_satisfaction":7.13035019455253,"autonomy":5.832710978342046},"metadata":{"satisfaction_count":3473,"comprehension_count":2977,"contact_count":683,"contactReachability_count":728,"contactSatisfaction_count":514,"autonomy_count":2678}}
