{"data":{"satisfaction":6.246788574882878,"comprehension":6.455379861868411,"contact":5.46641109894122,"contact_reachability":0.766539660547281,"contact_satisfaction":7.250605326876514,"autonomy":5.661047928513404},"metadata":{"satisfaction_count":13234,"comprehension_count":11004,"contact_count":2739,"contactReachability_count":2887,"contactSatisfaction_count":2065,"autonomy_count":9848}}
