{"data":{"satisfaction":6.314340863597369,"comprehension":6.499785958904109,"contact":5.497227997227998,"contact_reachability":0.7640301936330817,"contact_satisfaction":7.3211813567143516,"autonomy":5.695587135377711},"metadata":{"satisfaction_count":13988,"comprehension_count":11680,"contact_count":2886,"contactReachability_count":3047,"contactSatisfaction_count":2167,"autonomy_count":10696}}
