{"data":{"satisfaction":6.236952861952862,"comprehension":6.438863521055302,"contact":5.461554276315789,"contact_reachability":0.7675233644859814,"contact_satisfaction":7.23841961852861,"autonomy":5.641957089340448},"metadata":{"satisfaction_count":11880,"comprehension_count":9855,"contact_count":2432,"contactReachability_count":2568,"contactSatisfaction_count":1835,"autonomy_count":8809}}
