{"data":{"satisfaction":6.1602767368117615,"comprehension":6.443377148634985,"contact":5.4002911208151385,"contact_reachability":0.7626886145404664,"contact_satisfaction":7.217898832684825,"autonomy":5.862326973438084},"metadata":{"satisfaction_count":3469,"comprehension_count":2967,"contact_count":687,"contactReachability_count":729,"contactSatisfaction_count":514,"autonomy_count":2673}}
