{"data":{"satisfaction":6.243644741023196,"comprehension":6.442850310856049,"contact":5.452710495963091,"contact_reachability":0.7655851257746993,"contact_satisfaction":7.243360572012257,"autonomy":5.647021140294683},"metadata":{"satisfaction_count":12588,"comprehension_count":10455,"contact_count":2601,"contactReachability_count":2743,"contactSatisfaction_count":1958,"autonomy_count":9366}}
