{"data":{"satisfaction":2.8994322789943228,"comprehension":3.802847282139776,"contact":2.108239095315024,"contact_reachability":0.5971337579617835,"contact_satisfaction":3.5655737704918034,"autonomy":3.5532516493873705},"metadata":{"satisfaction_count":1233,"comprehension_count":1159,"contact_count":619,"contactReachability_count":628,"contactSatisfaction_count":366,"autonomy_count":1061}}
