{"data":{"satisfaction":2.896440129449838,"comprehension":3.7994836488812394,"contact":2.1048387096774195,"contact_reachability":0.5977742448330684,"contact_satisfaction":3.555858310626703,"autonomy":3.54656632173095},"metadata":{"satisfaction_count":1236,"comprehension_count":1162,"contact_count":620,"contactReachability_count":629,"contactSatisfaction_count":367,"autonomy_count":1063}}
