{"data":{"satisfaction":2.567934782608696,"comprehension":3.510028653295129,"contact":2.0689655172413794,"contact_reachability":0.5850340136054422,"contact_satisfaction":3.5714285714285716,"autonomy":3.496732026143791},"metadata":{"satisfaction_count":368,"comprehension_count":349,"contact_count":145,"contactReachability_count":147,"contactSatisfaction_count":84,"autonomy_count":306}}
