{"data":{"satisfaction":2.799227799227799,"comprehension":3.4623430962343096,"contact":2.3369565217391304,"contact_reachability":0.5942028985507246,"contact_satisfaction":3.932926829268293,"autonomy":3.409090909090909},"metadata":{"satisfaction_count":259,"comprehension_count":239,"contact_count":138,"contactReachability_count":138,"contactSatisfaction_count":82,"autonomy_count":220}}
