{"data":{"satisfaction":2.6576576576576576,"comprehension":3.450479233226837,"contact":2.204724409448819,"contact_reachability":0.5813953488372093,"contact_satisfaction":3.835616438356164,"autonomy":3.6559139784946235},"metadata":{"satisfaction_count":333,"comprehension_count":313,"contact_count":127,"contactReachability_count":129,"contactSatisfaction_count":73,"autonomy_count":279}}
