{"data":{"satisfaction":2.8629032258064515,"comprehension":3.831168831168831,"contact":2.3975409836065573,"contact_reachability":0.5853658536585366,"contact_satisfaction":4.119718309859155,"autonomy":4.097560975609756},"metadata":{"satisfaction_count":248,"comprehension_count":231,"contact_count":122,"contactReachability_count":123,"contactSatisfaction_count":71,"autonomy_count":205}}
