{"data":{"satisfaction":2.9033816425120773,"comprehension":3.899387129724208,"contact":2.0738636363636362,"contact_reachability":0.6041275797373359,"contact_satisfaction":3.454258675078864,"autonomy":3.486547085201794},"metadata":{"satisfaction_count":1035,"comprehension_count":979,"contact_count":528,"contactReachability_count":533,"contactSatisfaction_count":317,"autonomy_count":892}}
