{"data":{"satisfaction":2.622549019607843,"comprehension":3.585440278988666,"contact":2.0567986230636834,"contact_reachability":0.5731292517006803,"contact_satisfaction":3.621212121212121,"autonomy":3.5741811175337186},"metadata":{"satisfaction_count":1224,"comprehension_count":1147,"contact_count":581,"contactReachability_count":588,"contactSatisfaction_count":330,"autonomy_count":1038}}
