{"data":{"satisfaction":2.643478260869565,"comprehension":3.5850371747211898,"contact":2.08485401459854,"contact_reachability":0.5765765765765766,"contact_satisfaction":3.6501597444089455,"autonomy":3.5348360655737703},"metadata":{"satisfaction_count":1150,"comprehension_count":1076,"contact_count":548,"contactReachability_count":555,"contactSatisfaction_count":313,"autonomy_count":976}}
