{"data":{"satisfaction":2.9,"comprehension":3.8970588235294117,"contact":2.2950819672131146,"contact_reachability":0.5365853658536586,"contact_satisfaction":4.3076923076923075,"autonomy":4.114832535885167},"metadata":{"satisfaction_count":250,"comprehension_count":238,"contact_count":122,"contactReachability_count":123,"contactSatisfaction_count":65,"autonomy_count":209}}
