{"data":{"satisfaction":3.08,"comprehension":3.8900862068965516,"contact":2.807377049180328,"contact_reachability":0.6422764227642277,"contact_satisfaction":4.391025641025641,"autonomy":3.8048780487804876},"metadata":{"satisfaction_count":250,"comprehension_count":232,"contact_count":122,"contactReachability_count":123,"contactSatisfaction_count":78,"autonomy_count":205}}
