{"data":{"satisfaction":2.902155887230514,"comprehension":3.8160211267605635,"contact":2.122950819672131,"contact_reachability":0.6025848142164781,"contact_satisfaction":3.5576923076923075,"autonomy":3.4778420038535645},"metadata":{"satisfaction_count":1206,"comprehension_count":1136,"contact_count":610,"contactReachability_count":619,"contactSatisfaction_count":364,"autonomy_count":1038}}
