{"data":{"satisfaction":2.9567519858781997,"comprehension":3.9034676663542642,"contact":2.159090909090909,"contact_reachability":0.6082474226804123,"contact_satisfaction":3.5901162790697674,"autonomy":3.463514902363823},"metadata":{"satisfaction_count":1133,"comprehension_count":1067,"contact_count":572,"contactReachability_count":582,"contactSatisfaction_count":344,"autonomy_count":973}}
