{"data":{"satisfaction":2.5943396226415096,"comprehension":3.4983498349834985,"contact":1.9696969696969697,"contact_reachability":0.5488721804511278,"contact_satisfaction":3.611111111111111,"autonomy":3.3208955223880596},"metadata":{"satisfaction_count":318,"comprehension_count":303,"contact_count":132,"contactReachability_count":133,"contactSatisfaction_count":72,"autonomy_count":268}}
