{"data":{"satisfaction":2.7777777777777777,"comprehension":3.40625,"contact":2.2916666666666665,"contact_reachability":0.5833333333333334,"contact_satisfaction":3.9285714285714284,"autonomy":3.8009049773755654},"metadata":{"satisfaction_count":261,"comprehension_count":240,"contact_count":132,"contactReachability_count":132,"contactSatisfaction_count":77,"autonomy_count":221}}
