{"data":{"satisfaction":7.588888888888889,"comprehension":8.799102132435467,"contact":5.86734693877551,"contact_reachability":0.7755102040816326,"contact_satisfaction":7.565789473684211,"autonomy":8.09688581314879},"metadata":{"satisfaction_count":900,"comprehension_count":891,"contact_count":98,"contactReachability_count":98,"contactSatisfaction_count":76,"autonomy_count":867}}
