{"data":{"satisfaction":3.763440860215054,"comprehension":3.9903846153846154,"contact":2.142857142857143,"contact_reachability":0.5454545454545454,"contact_satisfaction":4.090909090909091,"autonomy":2.978723404255319},"metadata":{"satisfaction_count":93,"comprehension_count":52,"contact_count":21,"contactReachability_count":22,"contactSatisfaction_count":11,"autonomy_count":47}}
