{"data":{"satisfaction":4.169611307420495,"comprehension":4.0588235294117645,"contact":3.484848484848485,"contact_reachability":0.6756756756756757,"contact_satisfaction":5.476190476190476,"autonomy":3.028169014084507},"metadata":{"satisfaction_count":283,"comprehension_count":170,"contact_count":66,"contactReachability_count":74,"contactSatisfaction_count":42,"autonomy_count":142}}
