{"data":{"satisfaction":4.029535864978903,"comprehension":3.6619718309859155,"contact":3.2589285714285716,"contact_reachability":0.6612903225806451,"contact_satisfaction":5.214285714285714,"autonomy":3.189655172413793},"metadata":{"satisfaction_count":237,"comprehension_count":142,"contact_count":56,"contactReachability_count":62,"contactSatisfaction_count":35,"autonomy_count":116}}
