{"data":{"satisfaction":4.1438356164383565,"comprehension":4.019886363636363,"contact":3.4642857142857144,"contact_reachability":0.6962025316455697,"contact_satisfaction":5.271739130434782,"autonomy":2.993197278911565},"metadata":{"satisfaction_count":292,"comprehension_count":176,"contact_count":70,"contactReachability_count":79,"contactSatisfaction_count":46,"autonomy_count":147}}
