{"data":{"satisfaction":8.157736303431667,"comprehension":8.081102362204724,"contact":5.723214285714286,"contact_reachability":0.7824561403508772,"contact_satisfaction":7.35091743119266,"autonomy":7.103912764592688},"metadata":{"satisfaction_count":3322,"comprehension_count":3175,"contact_count":560,"contactReachability_count":570,"contactSatisfaction_count":436,"autonomy_count":3118}}
