{"data":{"satisfaction":8.0796875,"comprehension":8.055736636245111,"contact":5.739549839228296,"contact_reachability":0.7816455696202531,"contact_satisfaction":7.37603305785124,"autonomy":6.794019933554817},"metadata":{"satisfaction_count":3200,"comprehension_count":3068,"contact_count":622,"contactReachability_count":632,"contactSatisfaction_count":484,"autonomy_count":3010}}
