{"data":{"satisfaction":8.36986301369863,"comprehension":8.253521126760564,"contact":6.470588235294118,"contact_reachability":0.8252427184466019,"contact_satisfaction":7.857142857142857,"autonomy":7.394468704512373},"metadata":{"satisfaction_count":730,"comprehension_count":710,"contact_count":102,"contactReachability_count":103,"contactSatisfaction_count":84,"autonomy_count":687}}
