{"data":{"satisfaction":8.292011019283747,"comprehension":8.209654178674352,"contact":5.549450549450549,"contact_reachability":0.7582417582417582,"contact_satisfaction":7.318840579710145,"autonomy":7.420749279538905},"metadata":{"satisfaction_count":726,"comprehension_count":694,"contact_count":91,"contactReachability_count":91,"contactSatisfaction_count":69,"autonomy_count":694}}
