{"data":{"satisfaction":8.168316831683168,"comprehension":8.09845890410959,"contact":5.468036529680365,"contact_reachability":0.7522522522522522,"contact_satisfaction":7.301829268292683,"autonomy":7.286362050924311},"metadata":{"satisfaction_count":3030,"comprehension_count":2920,"contact_count":438,"contactReachability_count":444,"contactSatisfaction_count":328,"autonomy_count":2867}}
