{"data":{"satisfaction":8.302646720368239,"comprehension":8.243405275779377,"contact":5.671296296296297,"contact_reachability":0.7777777777777778,"contact_satisfaction":7.291666666666667,"autonomy":7.403846153846154},"metadata":{"satisfaction_count":869,"comprehension_count":834,"contact_count":108,"contactReachability_count":108,"contactSatisfaction_count":84,"autonomy_count":832}}
