{"data":{"satisfaction":8.318025258323766,"comprehension":8.242840095465393,"contact":6.048387096774194,"contact_reachability":0.8279569892473119,"contact_satisfaction":7.305194805194805,"autonomy":7.590361445783133},"metadata":{"satisfaction_count":871,"comprehension_count":838,"contact_count":93,"contactReachability_count":93,"contactSatisfaction_count":77,"autonomy_count":830}}
