{"data":{"satisfaction":8.261163734776725,"comprehension":8.214783821478383,"contact":4.883720930232558,"contact_reachability":0.7093023255813954,"contact_satisfaction":6.885245901639344,"autonomy":7.4645892351274785},"metadata":{"satisfaction_count":739,"comprehension_count":717,"contact_count":86,"contactReachability_count":86,"contactSatisfaction_count":61,"autonomy_count":706}}
