{"data":{"satisfaction":8.14989024772656,"comprehension":8.072882468811557,"contact":5.740566037735849,"contact_reachability":0.7870370370370371,"contact_satisfaction":7.331325301204819,"autonomy":7.078353253652058},"metadata":{"satisfaction_count":3189,"comprehension_count":3046,"contact_count":530,"contactReachability_count":540,"contactSatisfaction_count":415,"autonomy_count":3012}}
