{"data":{"satisfaction":8.08291770573566,"comprehension":8.057542262678803,"contact":5.739549839228296,"contact_reachability":0.7816455696202531,"contact_satisfaction":7.37603305785124,"autonomy":6.79920477137177},"metadata":{"satisfaction_count":3208,"comprehension_count":3076,"contact_count":622,"contactReachability_count":632,"contactSatisfaction_count":484,"autonomy_count":3018}}
