{"data":{"satisfaction":8.48021582733813,"comprehension":7.975609756097561,"contact":7.281175059952038,"contact_reachability":0.895906432748538,"contact_satisfaction":8.151006711409396,"autonomy":5.262636273538156},"metadata":{"satisfaction_count":2224,"comprehension_count":2050,"contact_count":834,"contactReachability_count":855,"contactSatisfaction_count":745,"autonomy_count":2018}}
