{"data":{"satisfaction":8.515873015873016,"comprehension":8.259228187919463,"contact":7.22318339100346,"contact_reachability":0.8847457627118644,"contact_satisfaction":8.186274509803921,"autonomy":5.05982905982906},"metadata":{"satisfaction_count":630,"comprehension_count":596,"contact_count":289,"contactReachability_count":295,"contactSatisfaction_count":255,"autonomy_count":585}}
