{"data":{"satisfaction":8.511677282377919,"comprehension":7.987132352941177,"contact":7.340728100113766,"contact_reachability":0.9021134593993326,"contact_satisfaction":8.15739570164349,"autonomy":5.314685314685315},"metadata":{"satisfaction_count":2355,"comprehension_count":2176,"contact_count":879,"contactReachability_count":899,"contactSatisfaction_count":791,"autonomy_count":2145}}
