{"data":{"satisfaction":8.531507876969242,"comprehension":8.061889250814332,"contact":7.439853556485356,"contact_reachability":0.9138461538461539,"contact_satisfaction":8.156536697247706,"autonomy":5.382377389858687},"metadata":{"satisfaction_count":2666,"comprehension_count":2456,"contact_count":956,"contactReachability_count":975,"contactSatisfaction_count":872,"autonomy_count":2406}}
