{"data":{"satisfaction":8.570701932858595,"comprehension":8.109530845954932,"contact":7.344054580896686,"contact_reachability":0.9090909090909091,"contact_satisfaction":8.084763948497853,"autonomy":5.435684647302905},"metadata":{"satisfaction_count":2949,"comprehension_count":2707,"contact_count":1026,"contactReachability_count":1034,"contactSatisfaction_count":932,"autonomy_count":2651}}
