{"data":{"satisfaction":8.664772727272727,"comprehension":8.323353293413174,"contact":7.355072463768116,"contact_reachability":0.8985507246376812,"contact_satisfaction":8.185483870967742,"autonomy":5.621301775147929},"metadata":{"satisfaction_count":176,"comprehension_count":167,"contact_count":69,"contactReachability_count":69,"contactSatisfaction_count":62,"autonomy_count":169}}
