{"data":{"satisfaction":8.5625,"comprehension":8.49025974025974,"contact":7.472527472527473,"contact_reachability":0.9032258064516129,"contact_satisfaction":8.292682926829269,"autonomy":4.605263157894737},"metadata":{"satisfaction_count":160,"comprehension_count":154,"contact_count":91,"contactReachability_count":93,"contactSatisfaction_count":82,"autonomy_count":152}}
