{"data":{"satisfaction":8.520898694464123,"comprehension":7.900956828795991,"contact":7.23128868880135,"contact_reachability":0.8845519516217702,"contact_satisfaction":8.200382897255903,"autonomy":5.22952295229523},"metadata":{"satisfaction_count":9881,"comprehension_count":8779,"contact_count":3554,"contactReachability_count":3638,"contactSatisfaction_count":3134,"autonomy_count":8888}}
