{"data":{"satisfaction":8.490806017879207,"comprehension":7.919173849406407,"contact":7.213672529313233,"contact_reachability":0.8806122448979592,"contact_satisfaction":8.220591744213792,"autonomy":5.272018576878421},"metadata":{"satisfaction_count":13759,"comprehension_count":12298,"contact_count":4776,"contactReachability_count":4900,"contactSatisfaction_count":4191,"autonomy_count":12058}}
