{"data":{"satisfaction":8.523200324906082,"comprehension":7.900331466453309,"contact":7.234794908062235,"contact_reachability":0.8844984802431611,"contact_satisfaction":8.205004812319538,"autonomy":5.231324757391108},"metadata":{"satisfaction_count":9849,"comprehension_count":8749,"contact_count":3535,"contactReachability_count":3619,"contactSatisfaction_count":3117,"autonomy_count":8862}}
