{"data":{"satisfaction":8.46777827850383,"comprehension":7.987390882638215,"contact":7.327790973871734,"contact_reachability":0.8933951332560834,"contact_satisfaction":8.226666666666667,"autonomy":5.220188025729836},"metadata":{"satisfaction_count":2219,"comprehension_count":2062,"contact_count":842,"contactReachability_count":863,"contactSatisfaction_count":750,"autonomy_count":2021}}
