{"data":{"satisfaction":8.489662676822633,"comprehension":7.91839136433731,"contact":7.21310618729097,"contact_reachability":0.8806030969845151,"contact_satisfaction":8.219985707479752,"autonomy":5.289427788389669},"metadata":{"satisfaction_count":13785,"comprehension_count":12321,"contact_count":4784,"contactReachability_count":4908,"contactSatisfaction_count":4198,"autonomy_count":12041}}
