{"data":{"satisfaction":8.493458708094849,"comprehension":7.913487174772456,"contact":7.148446763101731,"contact_reachability":0.8803179055633473,"contact_satisfaction":8.136302294197032,"autonomy":5.28508566613613},"metadata":{"satisfaction_count":12230,"comprehension_count":10877,"contact_count":4217,"contactReachability_count":4278,"contactSatisfaction_count":3705,"autonomy_count":10681}}
