{"data":{"satisfaction":8.29153605015674,"comprehension":8.26158940397351,"contact":6.7924528301886795,"contact_reachability":0.8650306748466258,"contact_satisfaction":7.883211678832117,"autonomy":5.066225165562914},"metadata":{"satisfaction_count":319,"comprehension_count":302,"contact_count":159,"contactReachability_count":163,"contactSatisfaction_count":137,"autonomy_count":302}}
