{"data":{"satisfaction":8.458387235877533,"comprehension":7.942964001870033,"contact":7.173787528868361,"contact_reachability":0.8930180180180181,"contact_satisfaction":8.057717250324254,"autonomy":5.317836812144212},"metadata":{"satisfaction_count":2319,"comprehension_count":2139,"contact_count":866,"contactReachability_count":888,"contactSatisfaction_count":771,"autonomy_count":2108}}
