{"data":{"satisfaction":8.5748959778086,"comprehension":8.10267017675818,"contact":7.38581146744412,"contact_reachability":0.9105769230769231,"contact_satisfaction":8.11965811965812,"autonomy":5.410590943975441},"metadata":{"satisfaction_count":2884,"comprehension_count":2659,"contact_count":1029,"contactReachability_count":1040,"contactSatisfaction_count":936,"autonomy_count":2606}}
