{"data":{"satisfaction":8.492295214922953,"comprehension":7.911008839879705,"contact":7.157092614302462,"contact_reachability":0.8805728805728805,"contact_satisfaction":8.144343649946638,"autonomy":5.275254865616311},"metadata":{"satisfaction_count":12330,"comprehension_count":10973,"contact_count":4265,"contactReachability_count":4329,"contactSatisfaction_count":3748,"autonomy_count":10790}}
