{"data":{"satisfaction":8.487751728283738,"comprehension":7.908,"contact":7.2009386596812925,"contact_reachability":0.879625691195236,"contact_satisfaction":8.216064757160648,"autonomy":5.21415270018622},"metadata":{"satisfaction_count":13308,"comprehension_count":11875,"contact_count":4581,"contactReachability_count":4702,"contactSatisfaction_count":4015,"autonomy_count":11814}}
