{"data":{"satisfaction":5.914634146341464,"comprehension":6.472602739726027,"contact":3.3823529411764706,"contact_reachability":0.5142857142857142,"contact_satisfaction":6.764705882352941,"autonomy":4.852941176470588},"metadata":{"satisfaction_count":82,"comprehension_count":73,"contact_count":34,"contactReachability_count":35,"contactSatisfaction_count":17,"autonomy_count":68}}
