{"data":{"satisfaction":5.9523809523809526,"comprehension":6.466666666666667,"contact":3.5,"contact_reachability":0.5277777777777778,"contact_satisfaction":6.805555555555555,"autonomy":4.857142857142857},"metadata":{"satisfaction_count":84,"comprehension_count":75,"contact_count":35,"contactReachability_count":36,"contactSatisfaction_count":18,"autonomy_count":70}}
