{"data":{"satisfaction":8.698673404927353,"comprehension":8.709730440499671,"contact":7.425373134328358,"contact_reachability":0.8518518518518519,"contact_satisfaction":8.728070175438596,"autonomy":7.915006640106242},"metadata":{"satisfaction_count":1583,"comprehension_count":1521,"contact_count":134,"contactReachability_count":135,"contactSatisfaction_count":114,"autonomy_count":1506}}
