{"data":{"satisfaction":8.698481561822126,"comprehension":8.680451127819548,"contact":7.3842592592592595,"contact_reachability":0.8440366972477065,"contact_satisfaction":8.763736263736265,"autonomy":7.952994692949204},"metadata":{"satisfaction_count":1383,"comprehension_count":1330,"contact_count":108,"contactReachability_count":109,"contactSatisfaction_count":91,"autonomy_count":1319}}
