{"data":{"satisfaction":8.740675437406754,"comprehension":8.737648221343873,"contact":7.100614439324117,"contact_reachability":0.8318181818181818,"contact_satisfaction":8.560185185185185,"autonomy":7.889219436180762},"metadata":{"satisfaction_count":7373,"comprehension_count":7084,"contact_count":651,"contactReachability_count":660,"contactSatisfaction_count":540,"autonomy_count":7059}}
