{"data":{"satisfaction":8.755250095456281,"comprehension":8.802124311565697,"contact":7.02054794520548,"contact_reachability":0.8318181818181818,"contact_satisfaction":8.447802197802197,"autonomy":7.953729557239729},"metadata":{"satisfaction_count":2619,"comprehension_count":2542,"contact_count":219,"contactReachability_count":220,"contactSatisfaction_count":182,"autonomy_count":2507}}
