{"data":{"satisfaction":8.74630276956171,"comprehension":8.742829159087728,"contact":7.103658536585366,"contact_reachability":0.8330827067669173,"contact_satisfaction":8.55045871559633,"autonomy":7.885289580703969},"metadata":{"satisfaction_count":7438,"comprehension_count":7147,"contact_count":656,"contactReachability_count":665,"contactSatisfaction_count":545,"autonomy_count":7131}}
