{"data":{"satisfaction":8.650031989763276,"comprehension":8.683422103861519,"contact":7.25,"contact_reachability":0.8368794326241135,"contact_satisfaction":8.675213675213675,"autonomy":7.861466039004707},"metadata":{"satisfaction_count":1563,"comprehension_count":1502,"contact_count":140,"contactReachability_count":141,"contactSatisfaction_count":117,"autonomy_count":1487}}
