{"data":{"satisfaction":8.748369423428125,"comprehension":8.742529204020647,"contact":7.083952451708766,"contact_reachability":0.8299120234604106,"contact_satisfaction":8.559245960502693,"autonomy":7.875408052230686},"metadata":{"satisfaction_count":7666,"comprehension_count":7362,"contact_count":673,"contactReachability_count":682,"contactSatisfaction_count":557,"autonomy_count":7352}}
