{"data":{"satisfaction":8.675076923076922,"comprehension":8.680394431554525,"contact":7.033475783475783,"contact_reachability":0.8260869565217391,"contact_satisfaction":8.542387543252595,"autonomy":7.834530460228784},"metadata":{"satisfaction_count":8125,"comprehension_count":7758,"contact_count":702,"contactReachability_count":713,"contactSatisfaction_count":578,"autonomy_count":7518}}
