{"data":{"satisfaction":8.674438687392055,"comprehension":8.67941594521256,"contact":7.032810271041369,"contact_reachability":0.8258426966292135,"contact_satisfaction":8.54419410745234,"autonomy":7.831245001332978},"metadata":{"satisfaction_count":8106,"comprehension_count":7739,"contact_count":701,"contactReachability_count":712,"contactSatisfaction_count":577,"autonomy_count":7502}}
