{"data":{"satisfaction":8.74309028691761,"comprehension":8.740063048245615,"contact":7.068965517241379,"contact_reachability":0.8284023668639053,"contact_satisfaction":8.557168784029038,"autonomy":7.879994507757792},"metadata":{"satisfaction_count":7598,"comprehension_count":7296,"contact_count":667,"contactReachability_count":676,"contactSatisfaction_count":551,"autonomy_count":7283}}
