{"data":{"satisfaction":8.672262773722627,"comprehension":8.659880606153376,"contact":7.108333333333333,"contact_reachability":0.8305647840531561,"contact_satisfaction":8.56425702811245,"autonomy":7.833492518306272},"metadata":{"satisfaction_count":6850,"comprehension_count":6533,"contact_count":600,"contactReachability_count":602,"contactSatisfaction_count":498,"autonomy_count":6282}}
