{"data":{"satisfaction":8.746958637469586,"comprehension":8.733375554148195,"contact":7.368421052631579,"contact_reachability":0.8432835820895522,"contact_satisfaction":8.75,"autonomy":7.940051020408164},"metadata":{"satisfaction_count":1644,"comprehension_count":1579,"contact_count":133,"contactReachability_count":134,"contactSatisfaction_count":112,"autonomy_count":1568}}
