{"data":{"satisfaction":8.751783166904422,"comprehension":8.839329719073435,"contact":6.607142857142857,"contact_reachability":0.810126582278481,"contact_satisfaction":8.205645161290322,"autonomy":8.07348560079444},"metadata":{"satisfaction_count":2103,"comprehension_count":2029,"contact_count":154,"contactReachability_count":158,"contactSatisfaction_count":124,"autonomy_count":2014}}
