{"data":{"satisfaction":8.73394495412844,"comprehension":8.730108211330363,"contact":7.281021897810219,"contact_reachability":0.8333333333333334,"contact_satisfaction":8.75,"autonomy":7.939666238767651},"metadata":{"satisfaction_count":1635,"comprehension_count":1571,"contact_count":137,"contactReachability_count":138,"contactSatisfaction_count":114,"autonomy_count":1558}}
