{"data":{"satisfaction":8.051470588235293,"comprehension":7.767430754536772,"contact":3.418918918918919,"contact_reachability":0.5268817204301075,"contact_satisfaction":6.520618556701031,"autonomy":5.512195121951219},"metadata":{"satisfaction_count":1088,"comprehension_count":1047,"contact_count":185,"contactReachability_count":186,"contactSatisfaction_count":97,"autonomy_count":1025}}
