{"data":{"satisfaction":8.163716814159292,"comprehension":7.825987144168963,"contact":3.5190217391304346,"contact_reachability":0.518918918918919,"contact_satisfaction":6.815789473684211,"autonomy":5.654205607476635},"metadata":{"satisfaction_count":1130,"comprehension_count":1089,"contact_count":184,"contactReachability_count":185,"contactSatisfaction_count":95,"autonomy_count":1070}}
