{"data":{"satisfaction":8.417061611374407,"comprehension":8.06795634920635,"contact":3.356164383561644,"contact_reachability":0.5098039215686274,"contact_satisfaction":6.901408450704225,"autonomy":5.780933062880324},"metadata":{"satisfaction_count":1055,"comprehension_count":1008,"contact_count":146,"contactReachability_count":153,"contactSatisfaction_count":71,"autonomy_count":986}}
