{"data":{"satisfaction":8.147749300021538,"comprehension":7.6626157407407405,"contact":3.715890850722311,"contact_reachability":0.5725429017160687,"contact_satisfaction":6.63323782234957,"autonomy":5.545583372697213},"metadata":{"satisfaction_count":4643,"comprehension_count":4320,"contact_count":623,"contactReachability_count":641,"contactSatisfaction_count":349,"autonomy_count":4234}}
