{"data":{"satisfaction":7.975352112676056,"comprehension":7.494343891402715,"contact":3.8439306358381504,"contact_reachability":0.5934065934065934,"contact_satisfaction":6.717171717171717,"autonomy":5.55993690851735},"metadata":{"satisfaction_count":1420,"comprehension_count":1326,"contact_count":173,"contactReachability_count":182,"contactSatisfaction_count":99,"autonomy_count":1268}}
