{"data":{"satisfaction":8.169795221843003,"comprehension":7.78175313059034,"contact":3.7335526315789473,"contact_reachability":0.6,"contact_satisfaction":6.448863636363637,"autonomy":5.496809480401094},"metadata":{"satisfaction_count":1172,"comprehension_count":1118,"contact_count":152,"contactReachability_count":160,"contactSatisfaction_count":88,"autonomy_count":1097}}
