{"data":{"satisfaction":8.005865102639296,"comprehension":7.6037663335895465,"contact":4.034391534391534,"contact_reachability":0.5757575757575758,"contact_satisfaction":7.261904761904762,"autonomy":5.5828707375099125},"metadata":{"satisfaction_count":1364,"comprehension_count":1301,"contact_count":189,"contactReachability_count":198,"contactSatisfaction_count":105,"autonomy_count":1261}}
