{"data":{"satisfaction":8.426013195098964,"comprehension":8.074457593688363,"contact":3.5314685314685317,"contact_reachability":0.5333333333333333,"contact_satisfaction":6.917808219178082,"autonomy":5.767676767676767},"metadata":{"satisfaction_count":1061,"comprehension_count":1014,"contact_count":143,"contactReachability_count":150,"contactSatisfaction_count":73,"autonomy_count":990}}
