{"data":{"satisfaction":8.319724419494769,"comprehension":7.93423159018143,"contact":3.7522935779816513,"contact_reachability":0.5693950177935944,"contact_satisfaction":6.749174917491749,"autonomy":5.663430420711974},"metadata":{"satisfaction_count":3919,"comprehension_count":3748,"contact_count":545,"contactReachability_count":562,"contactSatisfaction_count":303,"autonomy_count":3708}}
