{"data":{"satisfaction":8.14374353671148,"comprehension":7.449805068226121,"contact":3.69921875,"contact_reachability":0.5801186943620178,"contact_satisfaction":6.631652661064426,"autonomy":5.489954899548995},"metadata":{"satisfaction_count":5802,"comprehension_count":5130,"contact_count":640,"contactReachability_count":674,"contactSatisfaction_count":357,"autonomy_count":4878}}
