{"data":{"satisfaction":8.16409058231488,"comprehension":7.447481133999592,"contact":3.7766830870279144,"contact_reachability":0.5754276827371695,"contact_satisfaction":6.845238095238095,"autonomy":5.468381564844587},"metadata":{"satisfaction_count":5564,"comprehension_count":4903,"contact_count":609,"contactReachability_count":643,"contactSatisfaction_count":336,"autonomy_count":4665}}
