{"data":{"satisfaction":8.16793893129771,"comprehension":7.780930760499433,"contact":3.457792207792208,"contact_reachability":0.512987012987013,"contact_satisfaction":6.7405063291139244,"autonomy":5.636574074074074},"metadata":{"satisfaction_count":917,"comprehension_count":881,"contact_count":154,"contactReachability_count":154,"contactSatisfaction_count":79,"autonomy_count":864}}
