{"data":{"satisfaction":8.118188650883127,"comprehension":7.517141076251818,"contact":3.631934032983508,"contact_reachability":0.5598845598845599,"contact_satisfaction":6.691988950276243,"autonomy":5.4423076923076925},"metadata":{"satisfaction_count":5322,"comprehension_count":4813,"contact_count":667,"contactReachability_count":693,"contactSatisfaction_count":362,"autonomy_count":4680}}
