{"data":{"satisfaction":8.562874251497005,"comprehension":8.101464435146443,"contact":4.365671641791045,"contact_reachability":0.6518518518518519,"contact_satisfaction":6.724137931034483,"autonomy":5.9915164369035},"metadata":{"satisfaction_count":1002,"comprehension_count":956,"contact_count":134,"contactReachability_count":135,"contactSatisfaction_count":87,"autonomy_count":943}}
