{"data":{"satisfaction":8.141653773422727,"comprehension":7.449951409135083,"contact":3.6934477379095165,"contact_reachability":0.5792592592592593,"contact_satisfaction":6.631652661064426,"autonomy":5.484068627450981},"metadata":{"satisfaction_count":5817,"comprehension_count":5145,"contact_count":641,"contactReachability_count":675,"contactSatisfaction_count":357,"autonomy_count":4896}}
