{"data":{"satisfaction":8.111002921129504,"comprehension":7.505935678825815,"contact":3.635658914728682,"contact_reachability":0.5603576751117735,"contact_satisfaction":6.7,"autonomy":5.402706900377191},"metadata":{"satisfaction_count":5135,"comprehension_count":4633,"contact_count":645,"contactReachability_count":671,"contactSatisfaction_count":350,"autonomy_count":4507}}
