{"data":{"satisfaction":8.141869283961633,"comprehension":7.646952975047984,"contact":3.7266553480475384,"contact_reachability":0.5733113673805601,"contact_satisfaction":6.651515151515151,"autonomy":5.53921568627451},"metadata":{"satisfaction_count":4483,"comprehension_count":4168,"contact_count":589,"contactReachability_count":607,"contactSatisfaction_count":330,"autonomy_count":4080}}
