{"data":{"satisfaction":8.563777994157741,"comprehension":8.090631364562118,"contact":4.680451127819549,"contact_reachability":0.6592592592592592,"contact_satisfaction":7.155172413793103,"autonomy":5.966735966735967},"metadata":{"satisfaction_count":1027,"comprehension_count":982,"contact_count":133,"contactReachability_count":135,"contactSatisfaction_count":87,"autonomy_count":962}}
