{"data":{"satisfaction":8.323529411764707,"comprehension":7.93783422459893,"contact":3.787037037037037,"contact_reachability":0.5745062836624776,"contact_satisfaction":6.749174917491749,"autonomy":5.667928610059492},"metadata":{"satisfaction_count":3910,"comprehension_count":3740,"contact_count":540,"contactReachability_count":557,"contactSatisfaction_count":303,"autonomy_count":3698}}
