{"data":{"satisfaction":6.91072618254497,"comprehension":7.156295224312591,"contact":2.670132325141777,"contact_reachability":0.5269299820466786,"contact_satisfaction":5.32015065913371,"autonomy":6.432584269662922},"metadata":{"satisfaction_count":7505,"comprehension_count":6219,"contact_count":1058,"contactReachability_count":1114,"contactSatisfaction_count":531,"autonomy_count":5696}}
