{"data":{"satisfaction":6.961231658077011,"comprehension":6.999254723441969,"contact":2.738296332046332,"contact_reachability":0.5035738990085312,"contact_satisfaction":5.699397287795078,"autonomy":6.5059719577635455},"metadata":{"satisfaction_count":30463,"comprehension_count":24823,"contact_count":4144,"contactReachability_count":4337,"contactSatisfaction_count":1991,"autonomy_count":23108}}
