{"data":{"satisfaction":6.956066945606694,"comprehension":6.945454545454545,"contact":2.8534644194756553,"contact_reachability":0.5111906893464637,"contact_satisfaction":5.838122605363985,"autonomy":6.210860087197781},"metadata":{"satisfaction_count":6692,"comprehension_count":5500,"contact_count":1068,"contactReachability_count":1117,"contactSatisfaction_count":522,"autonomy_count":5046}}
