{"data":{"satisfaction":7.104072398190045,"comprehension":7.0931890622378795,"contact":2.8088630259623995,"contact_reachability":0.5051635111876076,"contact_satisfaction":5.788745387453875,"autonomy":6.180747285109516},"metadata":{"satisfaction_count":7293,"comprehension_count":5961,"contact_count":1117,"contactReachability_count":1162,"contactSatisfaction_count":542,"autonomy_count":5433}}
