{"data":{"satisfaction":6.931941431670282,"comprehension":7.181059862610402,"contact":2.714975845410628,"contact_reachability":0.5252989880404784,"contact_satisfaction":5.414258188824663,"autonomy":6.471535982814179},"metadata":{"satisfaction_count":7376,"comprehension_count":6114,"contact_count":1035,"contactReachability_count":1087,"contactSatisfaction_count":519,"autonomy_count":5586}}
