{"data":{"satisfaction":7.0292241201893395,"comprehension":7.105328944627307,"contact":2.687944231820667,"contact_reachability":0.5007832898172324,"contact_satisfaction":5.631443298969073,"autonomy":6.793331810915734},"metadata":{"satisfaction_count":29154,"comprehension_count":24001,"contact_count":3658,"contactReachability_count":3830,"contactSatisfaction_count":1746,"autonomy_count":21895}}
