{"data":{"satisfaction":7.028945931185144,"comprehension":7.234804809751276,"contact":2.656853281853282,"contact_reachability":0.5160697887970616,"contact_satisfaction":5.407662082514735,"autonomy":6.471544715447155},"metadata":{"satisfaction_count":7324,"comprehension_count":6071,"contact_count":1036,"contactReachability_count":1089,"contactSatisfaction_count":509,"autonomy_count":5535}}
