{"data":{"satisfaction":6.882281149450793,"comprehension":7.226490066225166,"contact":2.701915070774355,"contact_reachability":0.5186688311688312,"contact_satisfaction":5.337171052631579,"autonomy":6.666180332652465},"metadata":{"satisfaction_count":9013,"comprehension_count":7550,"contact_count":1201,"contactReachability_count":1232,"contactSatisfaction_count":608,"autonomy_count":6854}}
