{"data":{"satisfaction":7.0357714119528865,"comprehension":7.036710201200141,"contact":2.9800380228136882,"contact_reachability":0.5236363636363637,"contact_satisfaction":5.9375,"autonomy":6.304725168756027},"metadata":{"satisfaction_count":6877,"comprehension_count":5666,"contact_count":1052,"contactReachability_count":1100,"contactSatisfaction_count":528,"autonomy_count":5185}}
