{"data":{"satisfaction":6.959642557584361,"comprehension":6.9976270516116275,"contact":2.7392485822306236,"contact_reachability":0.5022583559168925,"contact_satisfaction":5.716222879684418,"autonomy":6.48743846545578},"metadata":{"satisfaction_count":30998,"comprehension_count":25285,"contact_count":4232,"contactReachability_count":4428,"contactSatisfaction_count":2028,"autonomy_count":23564}}
