{"data":{"satisfaction":6.9645092533071695,"comprehension":7.05324686054197,"contact":2.772136953955136,"contact_reachability":0.5089184917588621,"contact_satisfaction":5.699029126213592,"autonomy":6.433971660102314},"metadata":{"satisfaction_count":29557,"comprehension_count":24208,"contact_count":4235,"contactReachability_count":4429,"contactSatisfaction_count":2060,"autonomy_count":22089}}
