{"data":{"satisfaction":6.849103277674706,"comprehension":7.209086866291136,"contact":2.7255985267034992,"contact_reachability":0.5230496453900709,"contact_satisfaction":5.401459854014599,"autonomy":6.582278481012659},"metadata":{"satisfaction_count":8085,"comprehension_count":6746,"contact_count":1086,"contactReachability_count":1128,"contactSatisfaction_count":548,"autonomy_count":6162}}
