{"data":{"satisfaction":7.005155338488672,"comprehension":7.228846782097354,"contact":2.6416906820365034,"contact_reachability":0.5127737226277372,"contact_satisfaction":5.424063116370808,"autonomy":6.4585941692005004},"metadata":{"satisfaction_count":7371,"comprehension_count":6122,"contact_count":1041,"contactReachability_count":1096,"contactSatisfaction_count":507,"autonomy_count":5591}}
