{"data":{"satisfaction":7.111488783140721,"comprehension":7.109855409672594,"contact":2.8225806451612905,"contact_reachability":0.5047291487532244,"contact_satisfaction":5.833333333333333,"autonomy":6.211541962497725},"metadata":{"satisfaction_count":7355,"comprehension_count":6017,"contact_count":1116,"contactReachability_count":1163,"contactSatisfaction_count":540,"autonomy_count":5493}}
