{"data":{"satisfaction":6.9659334169926925,"comprehension":7.059121393527479,"contact":2.7356637863315005,"contact_reachability":0.5051314142678348,"contact_satisfaction":5.671824104234528,"autonomy":6.459602909376843},"metadata":{"satisfaction_count":27094,"comprehension_count":22217,"contact_count":3819,"contactReachability_count":3995,"contactSatisfaction_count":1842,"autonomy_count":20348}}
