{"data":{"satisfaction":6.9732051842143585,"comprehension":7.092563291139241,"contact":2.4950248756218905,"contact_reachability":0.5009487666034156,"contact_satisfaction":5.234864300626305,"autonomy":6.354508592392354},"metadata":{"satisfaction_count":6867,"comprehension_count":5688,"contact_count":1005,"contactReachability_count":1054,"contactSatisfaction_count":479,"autonomy_count":5179}}
