{"data":{"satisfaction":6.974252120851317,"comprehension":6.979619565217392,"contact":2.865622032288699,"contact_reachability":0.5136116152450091,"contact_satisfaction":5.836557059961315,"autonomy":6.228052870388637},"metadata":{"satisfaction_count":6719,"comprehension_count":5520,"contact_count":1053,"contactReachability_count":1102,"contactSatisfaction_count":517,"autonomy_count":5069}}
