{"data":{"satisfaction":6.953787165343737,"comprehension":6.989100817438692,"contact":2.7393617021276597,"contact_reachability":0.502245332072796,"contact_satisfaction":5.71926652892562,"autonomy":6.563129391755807},"metadata":{"satisfaction_count":29732,"comprehension_count":24222,"contact_count":4042,"contactReachability_count":4231,"contactSatisfaction_count":1936,"autonomy_count":22343}}
