{"data":{"satisfaction":6.961934791795339,"comprehension":7.000637907662866,"contact":2.747554282987354,"contact_reachability":0.5035347776510832,"contact_satisfaction":5.717477656405164,"autonomy":6.502999143101971},"metadata":{"satisfaction_count":30763,"comprehension_count":25082,"contact_count":4191,"contactReachability_count":4385,"contactSatisfaction_count":2014,"autonomy_count":23340}}
