{"data":{"satisfaction":6.956811073401211,"comprehension":6.992873478722536,"contact":2.7378913894324852,"contact_reachability":0.5028050490883591,"contact_satisfaction":5.7075471698113205,"autonomy":6.518603219280499},"metadata":{"satisfaction_count":30054,"comprehension_count":24486,"contact_count":4088,"contactReachability_count":4278,"contactSatisfaction_count":1961,"autonomy_count":22738}}
