{"data":{"satisfaction":7.011576389881378,"comprehension":7.021193771626297,"contact":2.945682451253482,"contact_reachability":0.5199645075421473,"contact_satisfaction":5.918843283582089,"autonomy":6.31918119787718},"metadata":{"satisfaction_count":6997,"comprehension_count":5780,"contact_count":1077,"contactReachability_count":1127,"contactSatisfaction_count":536,"autonomy_count":5276}}
