{"data":{"satisfaction":6.918713294180459,"comprehension":7.182482337829159,"contact":2.724268177525968,"contact_reachability":0.5275519421860885,"contact_satisfaction":5.382462686567164,"autonomy":6.497284037147363},"metadata":{"satisfaction_count":7492,"comprehension_count":6228,"contact_count":1059,"contactReachability_count":1107,"contactSatisfaction_count":536,"autonomy_count":5707}}
