{"data":{"satisfaction":6.966795237296663,"comprehension":7.053878604193971,"contact":2.7676484338475924,"contact_reachability":0.5089445438282647,"contact_satisfaction":5.686839577329491,"autonomy":6.430784428180145},"metadata":{"satisfaction_count":29815,"comprehension_count":24416,"contact_count":4278,"contactReachability_count":4472,"contactSatisfaction_count":2082,"autonomy_count":22271}}
