{"data":{"satisfaction":7.028953877491634,"comprehension":7.03778915769027,"contact":2.9847908745247147,"contact_reachability":0.5249772933696639,"contact_satisfaction":5.935727788279773,"autonomy":6.309799382716049},"metadata":{"satisfaction_count":6873,"comprehension_count":5663,"contact_count":1052,"contactReachability_count":1101,"contactSatisfaction_count":529,"autonomy_count":5184}}
