{"data":{"satisfaction":6.980844579886809,"comprehension":6.971555555555556,"contact":2.871402042711235,"contact_reachability":0.5212765957446809,"contact_satisfaction":5.758845437616388,"autonomy":6.2505042355788625},"metadata":{"satisfaction_count":6891,"comprehension_count":5625,"contact_count":1077,"contactReachability_count":1128,"contactSatisfaction_count":537,"autonomy_count":4958}}
