{"data":{"satisfaction":6.958957654723127,"comprehension":6.99862170908074,"contact":2.73792443806791,"contact_reachability":0.5029707495429616,"contact_satisfaction":5.705032386646736,"autonomy":6.5041208791208796},"metadata":{"satisfaction_count":30700,"comprehension_count":25031,"contact_count":4182,"contactReachability_count":4376,"contactSatisfaction_count":2007,"autonomy_count":23296}}
