{"data":{"satisfaction":7.0312174817898025,"comprehension":7.105817875210793,"contact":2.7059068219633944,"contact_reachability":0.5039724576271186,"contact_satisfaction":5.630409694171957,"autonomy":6.707700724935029},"metadata":{"satisfaction_count":28830,"comprehension_count":23720,"contact_count":3606,"contactReachability_count":3776,"contactSatisfaction_count":1733,"autonomy_count":21933}}
