{"data":{"satisfaction":6.969170265809895,"comprehension":7.057531604885365,"contact":2.7575160177427303,"contact_reachability":0.5078916372202591,"contact_satisfaction":5.683087861858811,"autonomy":6.385945343000558},"metadata":{"satisfaction_count":28479,"comprehension_count":23335,"contact_count":4058,"contactReachability_count":4245,"contactSatisfaction_count":1969,"autonomy_count":21516}}
