{"data":{"satisfaction":7.029500136574707,"comprehension":7.105039402737454,"contact":2.6822137612183847,"contact_reachability":0.5006495193556768,"contact_satisfaction":5.619658119658119,"autonomy":6.834203057768012},"metadata":{"satisfaction_count":29288,"comprehension_count":24110,"contact_count":3677,"contactReachability_count":3849,"contactSatisfaction_count":1755,"autonomy_count":21846}}
