{"data":{"satisfaction":7.016570089198516,"comprehension":7.088953051457501,"contact":2.6611464968152867,"contact_reachability":0.4981738495252009,"contact_satisfaction":5.603540772532189,"autonomy":6.711418087632204},"metadata":{"satisfaction_count":30718,"comprehension_count":25283,"contact_count":3925,"contactReachability_count":4107,"contactSatisfaction_count":1864,"autonomy_count":23165}}
