{"data":{"satisfaction":7.182200515533849,"comprehension":7.151799038302106,"contact":2.742152466367713,"contact_reachability":0.4991408934707904,"contact_satisfaction":5.74718045112782,"autonomy":6.287425149700598},"metadata":{"satisfaction_count":7371,"comprehension_count":6031,"contact_count":1115,"contactReachability_count":1164,"contactSatisfaction_count":532,"autonomy_count":5511}}
