{"data":{"satisfaction":7.023565573770492,"comprehension":7.051636526677627,"contact":2.753336965404522,"contact_reachability":0.5104112441436752,"contact_satisfaction":5.646648044692737,"autonomy":6.302756837065977},"metadata":{"satisfaction_count":24400,"comprehension_count":20073,"contact_count":3671,"contactReachability_count":3842,"contactSatisfaction_count":1790,"autonomy_count":18173}}
