{"data":{"satisfaction":7.003200465522258,"comprehension":7.018093556928508,"contact":2.9292452830188678,"contact_reachability":0.518918918918919,"contact_satisfaction":5.903041825095057,"autonomy":6.298651252408478},"metadata":{"satisfaction_count":6874,"comprehension_count":5665,"contact_count":1060,"contactReachability_count":1110,"contactSatisfaction_count":526,"autonomy_count":5190}}
