{"data":{"satisfaction":7.036788174029901,"comprehension":7.076047173647824,"contact":2.9857299670691546,"contact_reachability":0.5188679245283019,"contact_satisfaction":6.017699115044247,"autonomy":6.352705410821644},"metadata":{"satisfaction_count":5953,"comprehension_count":4918,"contact_count":911,"contactReachability_count":954,"contactSatisfaction_count":452,"autonomy_count":4491}}
