{"data":{"satisfaction":7.040391302686385,"comprehension":7.109893681229398,"contact":2.673992673992674,"contact_reachability":0.5028231797919762,"contact_satisfaction":5.46475358702433,"autonomy":6.815622622368755},"metadata":{"satisfaction_count":26169,"comprehension_count":21539,"contact_count":3276,"contactReachability_count":3365,"contactSatisfaction_count":1603,"autonomy_count":19715}}
