{"data":{"satisfaction":7.01652973078297,"comprehension":7.088939746675611,"contact":2.654900964956831,"contact_reachability":0.4980582524271845,"contact_satisfaction":5.590909090909091,"autonomy":6.709574651282934},"metadata":{"satisfaction_count":30793,"comprehension_count":25343,"contact_count":3938,"contactReachability_count":4120,"contactSatisfaction_count":1870,"autonomy_count":23228}}
