{"data":{"satisfaction":9.499267629211133,"comprehension":9.191471645675717,"contact":6.097436479128857,"contact_reachability":0.7525566918630503,"contact_satisfaction":8.157056145675266,"autonomy":8.691127300104073},"metadata":{"satisfaction_count":95580,"comprehension_count":90674,"contact_count":4408,"contactReachability_count":4498,"contactSatisfaction_count":3295,"autonomy_count":90322}}
