{"data":{"satisfaction":9.495687532760456,"comprehension":9.16385505583859,"contact":6.057164634146342,"contact_reachability":0.7432311811960726,"contact_satisfaction":8.219900703351263,"autonomy":8.68973999795005},"metadata":{"satisfaction_count":62957,"comprehension_count":59278,"contact_count":3280,"contactReachability_count":3361,"contactSatisfaction_count":2417,"autonomy_count":58538}}
