{"data":{"satisfaction":9.432037792570323,"comprehension":9.16723266168591,"contact":5.846007604562738,"contact_reachability":0.7312312312312312,"contact_satisfaction":8.032915360501567,"autonomy":8.646303103801115},"metadata":{"satisfaction_count":27942,"comprehension_count":26502,"contact_count":1315,"contactReachability_count":1332,"contactSatisfaction_count":957,"autonomy_count":26387}}
