{"data":{"satisfaction":9.418662497334944,"comprehension":9.153638510853673,"contact":5.798908807482463,"contact_reachability":0.7236335642802155,"contact_satisfaction":8.051948051948052,"autonomy":8.590958462863778},"metadata":{"satisfaction_count":28142,"comprehension_count":26673,"contact_count":1283,"contactReachability_count":1299,"contactSatisfaction_count":924,"autonomy_count":26699}}
