{"data":{"satisfaction":9.499769933609413,"comprehension":9.162352995917038,"contact":6.03713558537714,"contact_reachability":0.7450847457627119,"contact_satisfaction":8.169223544145272,"autonomy":8.688763494765313},"metadata":{"satisfaction_count":91278,"comprehension_count":85967,"contact_count":4322,"contactReachability_count":4425,"contactSatisfaction_count":3194,"autonomy_count":85774}}
