{"data":{"satisfaction":9.482024325672409,"comprehension":9.18744686880136,"contact":6.151800327332242,"contact_reachability":0.7592891760904685,"contact_satisfaction":8.13582251082251,"autonomy":8.751487789862507},"metadata":{"satisfaction_count":26063,"comprehension_count":24703,"contact_count":1222,"contactReachability_count":1238,"contactSatisfaction_count":924,"autonomy_count":24365}}
