{"data":{"satisfaction":9.498329080768622,"comprehension":9.159891842632229,"contact":6.027210076045628,"contact_reachability":0.7446018110053402,"contact_satisfaction":8.160392535392536,"autonomy":8.677630394334074},"metadata":{"satisfaction_count":88574,"comprehension_count":83397,"contact_count":4208,"contactReachability_count":4307,"contactSatisfaction_count":3108,"autonomy_count":83305}}
