{"data":{"satisfaction":9.480341816273754,"comprehension":9.18869527422159,"contact":6.165473349244232,"contact_reachability":0.7605965463108321,"contact_satisfaction":8.140756302521009,"autonomy":8.70259719566603},"metadata":{"satisfaction_count":26681,"comprehension_count":25308,"contact_count":1257,"contactReachability_count":1274,"contactSatisfaction_count":952,"autonomy_count":25104}}
