{"data":{"satisfaction":9.480679111930552,"comprehension":9.187705150545042,"contact":6.134505314799673,"contact_reachability":0.7586763518966909,"contact_satisfaction":8.119588744588745,"autonomy":8.74317836773214},"metadata":{"satisfaction_count":26034,"comprehension_count":24677,"contact_count":1223,"contactReachability_count":1239,"contactSatisfaction_count":924,"autonomy_count":24371}}
