{"data":{"satisfaction":9.504417498300961,"comprehension":9.207997286500339,"contact":6.212471131639723,"contact_reachability":0.7615793470007594,"contact_satisfaction":8.192893401015228,"autonomy":8.712747402745128},"metadata":{"satisfaction_count":27957,"comprehension_count":26534,"contact_count":1299,"contactReachability_count":1317,"contactSatisfaction_count":985,"autonomy_count":26374}}
