{"data":{"satisfaction":9.50019299696719,"comprehension":9.162324355971897,"contact":6.040452319888086,"contact_reachability":0.7456160327943521,"contact_satisfaction":8.167559899117276,"autonomy":8.6924666541424},"metadata":{"satisfaction_count":90675,"comprehension_count":85400,"contact_count":4289,"contactReachability_count":4391,"contactSatisfaction_count":3172,"autonomy_count":85168}}
