{"data":{"satisfaction":9.499193092029426,"comprehension":9.191565506500393,"contact":6.099318955732123,"contact_reachability":0.7526140155728588,"contact_satisfaction":8.158973580321895,"autonomy":8.693472353169541},"metadata":{"satisfaction_count":95426,"comprehension_count":90533,"contact_count":4405,"contactReachability_count":4495,"contactSatisfaction_count":3293,"autonomy_count":90155}}
