{"data":{"satisfaction":9.498730614272311,"comprehension":9.168544257498171,"contact":6.0539149282037386,"contact_reachability":0.7447765141496958,"contact_satisfaction":8.196991929567131,"autonomy":8.699260488759133},"metadata":{"satisfaction_count":72476,"comprehension_count":68350,"contact_count":3691,"contactReachability_count":3781,"contactSatisfaction_count":2726,"autonomy_count":67477}}
