{"data":{"satisfaction":9.497085696282294,"comprehension":9.18599094044799,"contact":6.00828729281768,"contact_reachability":0.755656108597285,"contact_satisfaction":7.9963235294117645,"autonomy":8.7365782327136},"metadata":{"satisfaction_count":25392,"comprehension_count":24063,"contact_count":1086,"contactReachability_count":1105,"contactSatisfaction_count":816,"autonomy_count":23935}}
