{"data":{"satisfaction":9.478517375805207,"comprehension":9.18702579249613,"contact":6.010440835266821,"contact_reachability":0.7468065693430657,"contact_satisfaction":8.0953125,"autonomy":8.740041113395188},"metadata":{"satisfaction_count":95938,"comprehension_count":91073,"contact_count":4310,"contactReachability_count":4384,"contactSatisfaction_count":3200,"autonomy_count":89995}}
