{"data":{"satisfaction":9.519559720362933,"comprehension":9.225127924690442,"contact":6.209163346613546,"contact_reachability":0.7585669781931464,"contact_satisfaction":8.246031746031745,"autonomy":8.755106087646242},"metadata":{"satisfaction_count":26892,"comprehension_count":25601,"contact_count":1255,"contactReachability_count":1284,"contactSatisfaction_count":945,"autonomy_count":25215}}
