{"data":{"satisfaction":9.497852993180096,"comprehension":9.190343784290539,"contact":6.09072934973638,"contact_reachability":0.7524773804394658,"contact_satisfaction":8.147223038495445,"autonomy":8.697466850740039},"metadata":{"satisfaction_count":98975,"comprehension_count":93867,"contact_count":4552,"contactReachability_count":4642,"contactSatisfaction_count":3403,"autonomy_count":93441}}
