{"data":{"satisfaction":9.498276896460313,"comprehension":9.167813336884311,"contact":6.056905021834061,"contact_reachability":0.7454012263396428,"contact_satisfaction":8.192137320044298,"autonomy":8.6759977868497},"metadata":{"satisfaction_count":71673,"comprehension_count":67587,"contact_count":3664,"contactReachability_count":3751,"contactSatisfaction_count":2709,"autonomy_count":66873}}
