{"data":{"satisfaction":9.505160662122687,"comprehension":9.195394034020874,"contact":6.105504587155964,"contact_reachability":0.7643884892086331,"contact_satisfaction":8.03743961352657,"autonomy":8.784844834032654},"metadata":{"satisfaction_count":25675,"comprehension_count":24338,"contact_count":1090,"contactReachability_count":1112,"contactSatisfaction_count":828,"autonomy_count":24071}}
