{"data":{"satisfaction":9.499884169358026,"comprehension":9.170013870427093,"contact":6.053054662379421,"contact_reachability":0.7448979591836735,"contact_satisfaction":8.193688792165398,"autonomy":8.719125843355823},"metadata":{"satisfaction_count":73383,"comprehension_count":69212,"contact_count":3732,"contactReachability_count":3822,"contactSatisfaction_count":2757,"autonomy_count":68180}}
