{"data":{"satisfaction":9.521587359911813,"comprehension":9.217363629349586,"contact":6.236022364217252,"contact_reachability":0.7622759158222915,"contact_satisfaction":8.244456177402324,"autonomy":8.771867890484035},"metadata":{"satisfaction_count":27215,"comprehension_count":25922,"contact_count":1252,"contactReachability_count":1283,"contactSatisfaction_count":947,"autonomy_count":25494}}
