{"data":{"satisfaction":9.500132943366125,"comprehension":9.161735642189964,"contact":6.050724637681159,"contact_reachability":0.7465174697419502,"contact_satisfaction":8.170770202020202,"autonomy":8.703051920442197},"metadata":{"satisfaction_count":90264,"comprehension_count":85006,"contact_count":4278,"contactReachability_count":4379,"contactSatisfaction_count":3168,"autonomy_count":84668}}
