{"data":{"satisfaction":9.481443442351104,"comprehension":9.189338442465909,"contact":6.024726581074655,"contact_reachability":0.7497078756718859,"contact_satisfaction":8.0829346092504,"autonomy":8.764617793984842},"metadata":{"satisfaction_count":93471,"comprehension_count":88730,"contact_count":4206,"contactReachability_count":4279,"contactSatisfaction_count":3135,"autonomy_count":87479}}
