{"data":{"satisfaction":9.502616770944005,"comprehension":9.22043454913462,"contact":6.022177419354839,"contact_reachability":0.7450199203187251,"contact_satisfaction":8.116847826086957,"autonomy":8.66747098223572},"metadata":{"satisfaction_count":25413,"comprehension_count":24209,"contact_count":1240,"contactReachability_count":1255,"contactSatisfaction_count":920,"autonomy_count":24037}}
