{"data":{"satisfaction":9.495717274748268,"comprehension":9.161108216084767,"contact":5.9757790805307005,"contact_reachability":0.7437385461209529,"contact_satisfaction":8.063072439633638,"autonomy":8.685367569468871},"metadata":{"satisfaction_count":61176,"comprehension_count":57570,"contact_count":3241,"contactReachability_count":3274,"contactSatisfaction_count":2402,"autonomy_count":56860}}
