{"data":{"satisfaction":9.510424767618412,"comprehension":9.221118712586488,"contact":6.100234925606891,"contact_reachability":0.7458015267175573,"contact_satisfaction":8.252118644067796,"autonomy":8.75810276679842},"metadata":{"satisfaction_count":27003,"comprehension_count":25726,"contact_count":1277,"contactReachability_count":1310,"contactSatisfaction_count":944,"autonomy_count":25300}}
