{"data":{"satisfaction":9.499048417792974,"comprehension":9.162624544904643,"contact":6.043987269834053,"contact_reachability":0.7457250721741061,"contact_satisfaction":8.170712968653964,"autonomy":8.679831779118668},"metadata":{"satisfaction_count":93003,"comprehension_count":87619,"contact_count":4399,"contactReachability_count":4503,"contactSatisfaction_count":3254,"autonomy_count":87504}}
