{"data":{"satisfaction":9.51130887610757,"comprehension":9.228801467590705,"contact":6.092592592592593,"contact_reachability":0.7419871794871795,"contact_satisfaction":8.289473684210526,"autonomy":8.659291128867036},"metadata":{"satisfaction_count":25732,"comprehension_count":24530,"contact_count":1215,"contactReachability_count":1248,"contactSatisfaction_count":893,"autonomy_count":24405}}
