{"data":{"satisfaction":9.500448288592374,"comprehension":9.192322659550811,"contact":6.097463436928702,"contact_reachability":0.7519605646426171,"contact_satisfaction":8.16228204343836,"autonomy":8.693812384163634},"metadata":{"satisfaction_count":94805,"comprehension_count":89940,"contact_count":4376,"contactReachability_count":4463,"contactSatisfaction_count":3269,"autonomy_count":89566}}
