{"data":{"satisfaction":9.478080740956099,"comprehension":9.187257990418061,"contact":6.016039695361181,"contact_reachability":0.7472203312911277,"contact_satisfaction":8.098011804908356,"autonomy":8.728717994074206},"metadata":{"satisfaction_count":96308,"comprehension_count":91422,"contact_count":4333,"contactReachability_count":4407,"contactSatisfaction_count":3219,"autonomy_count":90452}}
