{"data":{"satisfaction":9.526546353152613,"comprehension":9.224730802483691,"contact":6.246938775510204,"contact_reachability":0.7633466135458168,"contact_satisfaction":8.246228448275861,"autonomy":8.848602046571589},"metadata":{"satisfaction_count":26708,"comprehension_count":25446,"contact_count":1225,"contactReachability_count":1255,"contactSatisfaction_count":928,"autonomy_count":24822}}
