{"data":{"satisfaction":9.505136654390386,"comprehension":9.197721508631268,"contact":6.09375,"contact_reachability":0.7587758775877588,"contact_satisfaction":8.085365853658537,"autonomy":8.771205679613654},"metadata":{"satisfaction_count":25795,"comprehension_count":24446,"contact_count":1088,"contactReachability_count":1111,"contactSatisfaction_count":820,"autonomy_count":24227}}
