{"data":{"satisfaction":9.499448384554768,"comprehension":9.192028263229007,"contact":6.100865209471767,"contact_reachability":0.7522321428571429,"contact_satisfaction":8.164229128580134,"autonomy":8.687365952859858},"metadata":{"satisfaction_count":95175,"comprehension_count":90294,"contact_count":4392,"contactReachability_count":4480,"contactSatisfaction_count":3282,"autonomy_count":89987}}
