{"data":{"satisfaction":9.505801461108724,"comprehension":9.195037507212925,"contact":6.110347985347985,"contact_reachability":0.7648114901256733,"contact_satisfaction":8.039156626506024,"autonomy":8.780518290142489},"metadata":{"satisfaction_count":25597,"comprehension_count":24262,"contact_count":1092,"contactReachability_count":1114,"contactSatisfaction_count":830,"autonomy_count":24002}}
