{"data":{"satisfaction":9.520682619180114,"comprehension":9.224910394265233,"contact":6.22533543804262,"contact_reachability":0.7608024691358025,"contact_satisfaction":8.241901776384536,"autonomy":8.774045135446},"metadata":{"satisfaction_count":26955,"comprehension_count":25668,"contact_count":1267,"contactReachability_count":1296,"contactSatisfaction_count":957,"autonomy_count":25213}}
