{"data":{"satisfaction":9.496013394992824,"comprehension":9.16357554200542,"contact":6.0556577736890524,"contact_reachability":0.7429682824655894,"contact_satisfaction":8.22127393838468,"autonomy":8.688971584380841},"metadata":{"satisfaction_count":62710,"comprehension_count":59040,"contact_count":3261,"contactReachability_count":3342,"contactSatisfaction_count":2402,"autonomy_count":58313}}
