{"data":{"satisfaction":9.491095540471498,"comprehension":9.196682555547014,"contact":6.206088992974239,"contact_reachability":0.761136712749616,"contact_satisfaction":8.195876288659793,"autonomy":8.675619356332485},"metadata":{"satisfaction_count":27402,"comprehension_count":26014,"contact_count":1281,"contactReachability_count":1302,"contactSatisfaction_count":970,"autonomy_count":25914}}
