{"data":{"satisfaction":9.429714857428714,"comprehension":9.16481446600113,"contact":5.826271186440678,"contact_reachability":0.7307984790874524,"contact_satisfaction":8.011122881355933,"autonomy":8.667121573979301},"metadata":{"satisfaction_count":27986,"comprehension_count":26545,"contact_count":1298,"contactReachability_count":1315,"contactSatisfaction_count":944,"autonomy_count":26379}}
