{"data":{"satisfaction":9.49874848955636,"comprehension":9.16674296177615,"contact":6.063844649343392,"contact_reachability":0.7452907452907452,"contact_satisfaction":8.202003023431596,"autonomy":8.66739596012511},"metadata":{"satisfaction_count":69516,"comprehension_count":65535,"contact_count":3579,"contactReachability_count":3663,"contactSatisfaction_count":2646,"autonomy_count":64903}}
