{"data":{"satisfaction":9.502762430939226,"comprehension":9.197704546374641,"contact":6.069153776160146,"contact_reachability":0.7557932263814616,"contact_satisfaction":8.084848484848484,"autonomy":8.81693955435184},"metadata":{"satisfaction_count":26064,"comprehension_count":24701,"contact_count":1099,"contactReachability_count":1122,"contactSatisfaction_count":825,"autonomy_count":24369}}
