{"data":{"satisfaction":9.492133440163158,"comprehension":9.198657718120806,"contact":6.209175738724728,"contact_reachability":0.7605202754399388,"contact_satisfaction":8.206577595066804,"autonomy":8.681331381462362},"metadata":{"satisfaction_count":27458,"comprehension_count":26075,"contact_count":1286,"contactReachability_count":1307,"contactSatisfaction_count":973,"autonomy_count":25958}}
