{"data":{"satisfaction":9.522796352583587,"comprehension":9.225231333758774,"contact":6.211129296235679,"contact_reachability":0.7605746209098164,"contact_satisfaction":8.232104121475054,"autonomy":8.799430431244915},"metadata":{"satisfaction_count":26320,"comprehension_count":25072,"contact_count":1222,"contactReachability_count":1253,"contactSatisfaction_count":922,"autonomy_count":24580}}
