{"data":{"satisfaction":9.499587170530328,"comprehension":9.169986004952094,"contact":6.046046046046046,"contact_reachability":0.7454145267791636,"contact_satisfaction":8.175972927241963,"autonomy":8.695735087790991},"metadata":{"satisfaction_count":78725,"comprehension_count":74312,"contact_count":3996,"contactReachability_count":4089,"contactSatisfaction_count":2955,"autonomy_count":73413}}
