{"data":{"satisfaction":9.50141997287216,"comprehension":9.193279939233493,"contact":6.106189599631845,"contact_reachability":0.7529889465373336,"contact_satisfaction":8.162872962165487,"autonomy":8.697471450045994},"metadata":{"satisfaction_count":94368,"comprehension_count":89523,"contact_count":4346,"contactReachability_count":4433,"contactSatisfaction_count":3251,"autonomy_count":89142}}
