{"data":{"satisfaction":9.500126502213789,"comprehension":9.170296021333906,"contact":6.04726368159204,"contact_reachability":0.7457462323772485,"contact_satisfaction":8.174176193678548,"autonomy":8.692839707078926},"metadata":{"satisfaction_count":79050,"comprehension_count":74623,"contact_count":4020,"contactReachability_count":4114,"contactSatisfaction_count":2974,"autonomy_count":73740}}
