{"data":{"satisfaction":9.499062573236467,"comprehension":9.189172473508432,"contact":6.0514440433212995,"contact_reachability":0.7595385980479148,"contact_satisfaction":8.010752688172044,"autonomy":8.765231856934914},"metadata":{"satisfaction_count":25602,"comprehension_count":24253,"contact_count":1108,"contactReachability_count":1127,"contactSatisfaction_count":837,"autonomy_count":24045}}
