{"data":{"satisfaction":9.502711771820984,"comprehension":9.193498579486969,"contact":6.092342342342342,"contact_reachability":0.7639257294429708,"contact_satisfaction":8.02194543297746,"autonomy":8.780355954757152},"metadata":{"satisfaction_count":25629,"comprehension_count":24287,"contact_count":1110,"contactReachability_count":1131,"contactSatisfaction_count":843,"autonomy_count":24048}}
