{"data":{"satisfaction":9.498116035977635,"comprehension":9.190207407723856,"contact":6.090688972044904,"contact_reachability":0.7524282322469242,"contact_satisfaction":8.147820965842167,"autonomy":8.69332074986058},"metadata":{"satisfaction_count":98728,"comprehension_count":93632,"contact_count":4543,"contactReachability_count":4633,"contactSatisfaction_count":3396,"autonomy_count":93244}}
