{"data":{"satisfaction":9.495402392383433,"comprehension":9.161738513945808,"contact":5.971112476951444,"contact_reachability":0.7432309096440524,"contact_satisfaction":8.062240663900415,"autonomy":8.687224206766126},"metadata":{"satisfaction_count":61445,"comprehension_count":57831,"contact_count":3254,"contactReachability_count":3287,"contactSatisfaction_count":2410,"autonomy_count":57108}}
