{"data":{"satisfaction":9.498341455424056,"comprehension":9.19101535937483,"contact":6.09375,"contact_reachability":0.752725686873092,"contact_satisfaction":8.149167162403332,"autonomy":8.683729037426787},"metadata":{"satisfaction_count":97676,"comprehension_count":92647,"contact_count":4496,"contactReachability_count":4586,"contactSatisfaction_count":3362,"autonomy_count":92367}}
