{"data":{"satisfaction":9.517964071856287,"comprehension":9.207879295892708,"contact":6.103256212510711,"contact_reachability":0.7598656591099916,"contact_satisfaction":8.084562996594778,"autonomy":8.703939008894537},"metadata":{"satisfaction_count":25050,"comprehension_count":23860,"contact_count":1167,"contactReachability_count":1191,"contactSatisfaction_count":881,"autonomy_count":23610}}
