{"data":{"satisfaction":9.510684422421802,"comprehension":9.22741116751269,"contact":6.067644661776691,"contact_reachability":0.7396825396825397,"contact_satisfaction":8.281423804226918,"autonomy":8.704},"metadata":{"satisfaction_count":25832,"comprehension_count":24625,"contact_count":1227,"contactReachability_count":1260,"contactSatisfaction_count":899,"autonomy_count":24375}}
