{"data":{"satisfaction":9.500126963398266,"comprehension":9.205574446949147,"contact":6.221657544956997,"contact_reachability":0.7602158828064765,"contact_satisfaction":8.22055785123967,"autonomy":8.698624875163247},"metadata":{"satisfaction_count":27567,"comprehension_count":26173,"contact_count":1279,"contactReachability_count":1297,"contactSatisfaction_count":968,"autonomy_count":26034}}
