{"data":{"satisfaction":9.509396893650147,"comprehension":9.217928752189994,"contact":6.118577075098814,"contact_reachability":0.7496147919876733,"contact_satisfaction":8.23404255319149,"autonomy":8.75271706912224},"metadata":{"satisfaction_count":26977,"comprehension_count":25685,"contact_count":1265,"contactReachability_count":1298,"contactSatisfaction_count":940,"autonomy_count":25303}}
