{"data":{"satisfaction":9.518690869933081,"comprehension":9.216042651157155,"contact":6.198744769874477,"contact_reachability":0.759607522485691,"contact_satisfaction":8.22142064372919,"autonomy":8.757746132063858},"metadata":{"satisfaction_count":26002,"comprehension_count":24759,"contact_count":1195,"contactReachability_count":1223,"contactSatisfaction_count":901,"autonomy_count":24367}}
