{"data":{"satisfaction":9.423377638780297,"comprehension":9.157012709481497,"contact":5.786384976525822,"contact_reachability":0.723338485316847,"contact_satisfaction":8.03804347826087,"autonomy":8.603465086627166},"metadata":{"satisfaction_count":28138,"comprehension_count":26673,"contact_count":1278,"contactReachability_count":1294,"contactSatisfaction_count":920,"autonomy_count":26666}}
