{"data":{"satisfaction":9.499141563914469,"comprehension":9.191674070174283,"contact":6.099526600541028,"contact_reachability":0.7527618205921344,"contact_satisfaction":8.15722037986132,"autonomy":8.689457748417286},"metadata":{"satisfaction_count":96105,"comprehension_count":91173,"contact_count":4436,"contactReachability_count":4526,"contactSatisfaction_count":3317,"autonomy_count":90825}}
