{"data":{"satisfaction":9.495641533092623,"comprehension":9.164729365741037,"contact":6.053247513165594,"contact_reachability":0.7435750999428897,"contact_satisfaction":8.21031746031746,"autonomy":8.671749793599146},"metadata":{"satisfaction_count":66193,"comprehension_count":62372,"contact_count":3418,"contactReachability_count":3502,"contactSatisfaction_count":2520,"autonomy_count":61773}}
