{"data":{"satisfaction":9.498211777652289,"comprehension":9.166653866240669,"contact":6.059584035975267,"contact_reachability":0.7446457990115322,"contact_satisfaction":8.203957382039574,"autonomy":8.670068396482467},"metadata":{"satisfaction_count":69063,"comprehension_count":65102,"contact_count":3558,"contactReachability_count":3642,"contactSatisfaction_count":2628,"autonomy_count":64477}}
