{"data":{"satisfaction":9.503280406848091,"comprehension":9.197229848789084,"contact":6.129254829806808,"contact_reachability":0.7612612612612613,"contact_satisfaction":8.105231143552311,"autonomy":8.780528189419654},"metadata":{"satisfaction_count":25759,"comprehension_count":24403,"contact_count":1087,"contactReachability_count":1110,"contactSatisfaction_count":822,"autonomy_count":24158}}
