{"data":{"satisfaction":9.509554140127388,"comprehension":9.20673769075727,"contact":6.054644808743169,"contact_reachability":0.7521459227467812,"contact_satisfaction":8.099415204678362,"autonomy":8.81864530225783},"metadata":{"satisfaction_count":21980,"comprehension_count":20838,"contact_count":915,"contactReachability_count":932,"contactSatisfaction_count":684,"autonomy_count":20595}}
