{"data":{"satisfaction":9.498896278278476,"comprehension":9.168083266231248,"contact":6.0538609508106624,"contact_reachability":0.7449664429530202,"contact_satisfaction":8.192636667906285,"autonomy":8.664680390032503},"metadata":{"satisfaction_count":71123,"comprehension_count":67062,"contact_count":3639,"contactReachability_count":3725,"contactSatisfaction_count":2689,"autonomy_count":66456}}
