{"data":{"satisfaction":9.4301247771836,"comprehension":9.163252649778245,"contact":5.792021688613478,"contact_reachability":0.7272727272727273,"contact_satisfaction":8.005888650963598,"autonomy":8.649067150086864},"metadata":{"satisfaction_count":28050,"comprehension_count":26606,"contact_count":1291,"contactReachability_count":1309,"contactSatisfaction_count":934,"autonomy_count":26478}}
