{"data":{"satisfaction":9.480454019340627,"comprehension":9.190340350186897,"contact":6.166798732171157,"contact_reachability":0.7615324472243941,"contact_satisfaction":8.132183908045977,"autonomy":8.706143832354343},"metadata":{"satisfaction_count":26783,"comprehension_count":25415,"contact_count":1262,"contactReachability_count":1279,"contactSatisfaction_count":957,"autonomy_count":25196}}
