{"data":{"satisfaction":9.51001499365653,"comprehension":9.227923387096775,"contact":6.071428571428571,"contact_reachability":0.7404222048475372,"contact_satisfaction":8.276805251641138,"autonomy":8.764104878749333},"metadata":{"satisfaction_count":26011,"comprehension_count":24800,"contact_count":1246,"contactReachability_count":1279,"contactSatisfaction_count":914,"autonomy_count":24371}}
