{"data":{"satisfaction":9.494302511249819,"comprehension":9.203099323575495,"contact":6.220703125,"contact_reachability":0.7598152424942263,"contact_satisfaction":8.225723140495868,"autonomy":8.684260999654763},"metadata":{"satisfaction_count":27556,"comprehension_count":26167,"contact_count":1280,"contactReachability_count":1299,"contactSatisfaction_count":968,"autonomy_count":26069}}
