{"data":{"satisfaction":9.510107414590482,"comprehension":9.219569985117882,"contact":6.098966613672496,"contact_reachability":0.7469040247678018,"contact_satisfaction":8.241138560687434,"autonomy":8.743646759847522},"metadata":{"satisfaction_count":26812,"comprehension_count":25534,"contact_count":1258,"contactReachability_count":1292,"contactSatisfaction_count":931,"autonomy_count":25184}}
