{"data":{"satisfaction":9.498868702255875,"comprehension":9.16075825888343,"contact":6.034787735849057,"contact_reachability":0.745333026042867,"contact_satisfaction":8.16188197767145,"autonomy":8.686679621836216},"metadata":{"satisfaction_count":89278,"comprehension_count":84061,"contact_count":4240,"contactReachability_count":4339,"contactSatisfaction_count":3135,"autonomy_count":83879}}
