{"data":{"satisfaction":9.481119015164424,"comprehension":9.188765494419204,"contact":6.020359848484849,"contact_reachability":0.749185667752443,"contact_satisfaction":8.083280356007629,"autonomy":8.749431973098245},"metadata":{"satisfaction_count":93904,"comprehension_count":89145,"contact_count":4224,"contactReachability_count":4298,"contactSatisfaction_count":3146,"autonomy_count":88024}}
