{"data":{"satisfaction":9.498334933703802,"comprehension":9.190838296909837,"contact":6.093923264581947,"contact_reachability":0.7525549032398348,"contact_satisfaction":8.151142094334025,"autonomy":8.692013235580355},"metadata":{"satisfaction_count":97894,"comprehension_count":92843,"contact_count":4509,"contactReachability_count":4599,"contactSatisfaction_count":3371,"autonomy_count":92478}}
