{"data":{"satisfaction":9.486808354708684,"comprehension":9.195991048346645,"contact":6.195397815912637,"contact_reachability":0.760552570990023,"contact_satisfaction":8.188144329896907,"autonomy":8.67333488408157},"metadata":{"satisfaction_count":27290,"comprehension_count":25917,"contact_count":1282,"contactReachability_count":1303,"contactSatisfaction_count":970,"autonomy_count":25794}}
