{"data":{"satisfaction":9.504342933502128,"comprehension":9.210692173655136,"contact":6.234177215189874,"contact_reachability":0.765990639625585,"contact_satisfaction":8.174273858921161,"autonomy":8.720253636702722},"metadata":{"satisfaction_count":28437,"comprehension_count":26973,"contact_count":1264,"contactReachability_count":1282,"contactSatisfaction_count":964,"autonomy_count":26810}}
