{"data":{"satisfaction":9.506235385814497,"comprehension":9.19435079352027,"contact":6.140510948905109,"contact_reachability":0.7681289167412713,"contact_satisfaction":8.040621266427719,"autonomy":8.789453985944192},"metadata":{"satisfaction_count":25660,"comprehension_count":24322,"contact_count":1096,"contactReachability_count":1117,"contactSatisfaction_count":837,"autonomy_count":24047}}
