{"data":{"satisfaction":9.504018819839247,"comprehension":9.221714614973042,"contact":6.007223113964687,"contact_reachability":0.7430610626486915,"contact_satisfaction":8.11822125813449,"autonomy":8.665975963530874},"metadata":{"satisfaction_count":25505,"comprehension_count":24297,"contact_count":1246,"contactReachability_count":1261,"contactSatisfaction_count":922,"autonomy_count":24130}}
