{"data":{"satisfaction":9.496129610082205,"comprehension":9.16359466576064,"contact":6.064943059402893,"contact_reachability":0.7438438438438438,"contact_satisfaction":8.224123539232053,"autonomy":8.684762428659836},"metadata":{"satisfaction_count":62526,"comprehension_count":58865,"contact_count":3249,"contactReachability_count":3330,"contactSatisfaction_count":2396,"autonomy_count":58172}}
