{"data":{"satisfaction":9.500079012122717,"comprehension":9.19141796372983,"contact":6.105888174171202,"contact_reachability":0.7525448376151236,"contact_satisfaction":8.169480304534922,"autonomy":8.70736988169432},"metadata":{"satisfaction_count":88594,"comprehension_count":84036,"contact_count":4042,"contactReachability_count":4126,"contactSatisfaction_count":3021,"autonomy_count":83597}}
