{"data":{"satisfaction":9.481866963215685,"comprehension":9.189716352387235,"contact":6.031137724550899,"contact_reachability":0.75,"contact_satisfaction":8.088660456151622,"autonomy":8.758372626554916},"metadata":{"satisfaction_count":92621,"comprehension_count":87926,"contact_count":4175,"contactReachability_count":4248,"contactSatisfaction_count":3113,"autonomy_count":86741}}
