{"data":{"satisfaction":9.498464687819856,"comprehension":9.166577462419525,"contact":6.063532045899804,"contact_reachability":0.7451462947771398,"contact_satisfaction":8.203332071185157,"autonomy":8.663179173803682},"metadata":{"satisfaction_count":69367,"comprehension_count":65393,"contact_count":3573,"contactReachability_count":3657,"contactSatisfaction_count":2641,"autonomy_count":64803}}
