{"data":{"satisfaction":9.520392608841135,"comprehension":9.220396534228398,"contact":6.237942122186495,"contact_reachability":0.764937106918239,"contact_satisfaction":8.211640211640212,"autonomy":8.750247495347088},"metadata":{"satisfaction_count":26897,"comprehension_count":25622,"contact_count":1244,"contactReachability_count":1272,"contactSatisfaction_count":945,"autonomy_count":25253}}
