{"data":{"satisfaction":9.521722846441948,"comprehension":9.224212513272247,"contact":6.213147410358566,"contact_reachability":0.7601246105919003,"contact_satisfaction":8.23389651531151,"autonomy":8.826894412440076},"metadata":{"satisfaction_count":26700,"comprehension_count":25429,"contact_count":1255,"contactReachability_count":1284,"contactSatisfaction_count":947,"autonomy_count":24823}}
