{"data":{"satisfaction":9.520349972658385,"comprehension":9.215460998727997,"contact":6.146808510638298,"contact_reachability":0.7554076539101497,"contact_satisfaction":8.198070374574348,"autonomy":8.73676342344587},"metadata":{"satisfaction_count":25602,"comprehension_count":24371,"contact_count":1175,"contactReachability_count":1202,"contactSatisfaction_count":881,"autonomy_count":24081}}
