{"data":{"satisfaction":9.500292969829635,"comprehension":9.162108068132461,"contact":6.041861007462686,"contact_reachability":0.7457858769931663,"contact_satisfaction":8.167559899117276,"autonomy":8.698182332222078},"metadata":{"satisfaction_count":90453,"comprehension_count":85187,"contact_count":4288,"contactReachability_count":4390,"contactSatisfaction_count":3172,"autonomy_count":84889}}
