{"data":{"satisfaction":6.917228039751884,"comprehension":7.420410534469403,"contact":1.1717221135029354,"contact_reachability":0.3044719314938154,"contact_satisfaction":4.115120274914089,"autonomy":8.500945645917277},"metadata":{"satisfaction_count":14993,"comprehension_count":12910,"contact_count":1022,"contactReachability_count":1051,"contactSatisfaction_count":291,"autonomy_count":12161}}
