{"data":{"satisfaction":6.882939807116728,"comprehension":7.400804393224534,"contact":1.1850961538461537,"contact_reachability":0.29186155285313375,"contact_satisfaction":4.355123674911661,"autonomy":8.540545017808332},"metadata":{"satisfaction_count":15035,"comprehension_count":12929,"contact_count":1040,"contactReachability_count":1069,"contactSatisfaction_count":283,"autonomy_count":12073}}
