{"data":{"satisfaction":6.865444459477743,"comprehension":7.386595911949685,"contact":1.1907020872865275,"contact_reachability":0.29008341056533826,"contact_satisfaction":4.357638888888889,"autonomy":8.391214256112722},"metadata":{"satisfaction_count":14782,"comprehension_count":12720,"contact_count":1054,"contactReachability_count":1079,"contactSatisfaction_count":288,"autonomy_count":12065}}
