{"data":{"satisfaction":6.946923438233912,"comprehension":7.455548623567028,"contact":1.1959798994974875,"contact_reachability":0.304390243902439,"contact_satisfaction":4.219858156028369,"autonomy":8.587301587301587},"metadata":{"satisfaction_count":14903,"comprehension_count":12823,"contact_count":995,"contactReachability_count":1025,"contactSatisfaction_count":282,"autonomy_count":11970}}
