{"data":{"satisfaction":6.879163401253918,"comprehension":7.381182490051166,"contact":1.3765941485371342,"contact_reachability":0.3355359765051395,"contact_satisfaction":4.287383177570093,"autonomy":8.268454782815096},"metadata":{"satisfaction_count":20416,"comprehension_count":17590,"contact_count":1333,"contactReachability_count":1362,"contactSatisfaction_count":428,"autonomy_count":16852}}
