{"data":{"satisfaction":6.915959907478797,"comprehension":7.431057163358048,"contact":1.360368133448375,"contact_reachability":0.3435809849131796,"contact_satisfaction":4.039282664389411,"autonomy":8.384798701957205},"metadata":{"satisfaction_count":49286,"comprehension_count":41810,"contact_count":3477,"contactReachability_count":3513,"contactSatisfaction_count":1171,"autonomy_count":39444}}
