{"data":{"satisfaction":6.911674967028208,"comprehension":7.423040341475862,"contact":1.361134631668078,"contact_reachability":0.34342032204330925,"contact_satisfaction":4.0938030560271645,"autonomy":8.374570446735396},"metadata":{"satisfaction_count":50801,"comprehension_count":43107,"contact_count":3543,"contactReachability_count":3602,"contactSatisfaction_count":1178,"autonomy_count":40740}}
