{"data":{"satisfaction":6.91365171249397,"comprehension":7.423619004319163,"contact":1.3642009384487994,"contact_reachability":0.34319847950040727,"contact_satisfaction":4.105066445182724,"autonomy":8.378261288148648},"metadata":{"satisfaction_count":51825,"comprehension_count":43990,"contact_count":3623,"contactReachability_count":3683,"contactSatisfaction_count":1204,"autonomy_count":41548}}
