{"data":{"satisfaction":6.871055004508566,"comprehension":7.401087832393231,"contact":1.208657587548638,"contact_reachability":0.2946768060836502,"contact_satisfaction":4.344405594405594,"autonomy":8.206408655846857},"metadata":{"satisfaction_count":14417,"comprehension_count":12410,"contact_count":1028,"contactReachability_count":1052,"contactSatisfaction_count":286,"autonomy_count":12015}}
