{"data":{"satisfaction":6.831012001778041,"comprehension":7.395626242544732,"contact":1.3160469667318981,"contact_reachability":0.3196564885496183,"contact_satisfaction":4.352750809061488,"autonomy":8.27779282940486},"metadata":{"satisfaction_count":13498,"comprehension_count":11569,"contact_count":1022,"contactReachability_count":1048,"contactSatisfaction_count":309,"autonomy_count":11073}}
