{"data":{"satisfaction":6.925178226397495,"comprehension":7.4272558427488,"contact":1.1665029469548134,"contact_reachability":0.29894937917860553,"contact_satisfaction":4.181338028169014,"autonomy":8.481593834549479},"metadata":{"satisfaction_count":15009,"comprehension_count":12922,"contact_count":1018,"contactReachability_count":1047,"contactSatisfaction_count":284,"autonomy_count":12197}}
