{"data":{"satisfaction":6.8609651952201025,"comprehension":7.371868494723997,"contact":1.402425456163774,"contact_reachability":0.34479008048727433,"contact_satisfaction":4.252699055330634,"autonomy":8.40182474814674},"metadata":{"satisfaction_count":65106,"comprehension_count":55724,"contact_count":4494,"contactReachability_count":4597,"contactSatisfaction_count":1482,"autonomy_count":52610}}
