{"data":{"satisfaction":6.8700367243165195,"comprehension":7.378647895585863,"contact":1.4017571884984026,"contact_reachability":0.34486607142857145,"contact_satisfaction":4.244989633724948,"autonomy":8.401024586187491},"metadata":{"satisfaction_count":63718,"comprehension_count":54552,"contact_count":4382,"contactReachability_count":4480,"contactSatisfaction_count":1447,"autonomy_count":51533}}
