{"data":{"satisfaction":6.877822440573669,"comprehension":7.386411910095003,"contact":1.4022765802857835,"contact_reachability":0.34186211798152094,"contact_satisfaction":4.285714285714286,"autonomy":8.432071451982956},"metadata":{"satisfaction_count":60453,"comprehension_count":51788,"contact_count":4129,"contactReachability_count":4221,"contactSatisfaction_count":1351,"autonomy_count":48816}}
