{"data":{"satisfaction":6.88214426487978,"comprehension":7.384436934356742,"contact":1.3705972434915774,"contact_reachability":0.3305847076461769,"contact_satisfaction":4.3341404358353515,"autonomy":8.289323992575294},"metadata":{"satisfaction_count":20296,"comprehension_count":17458,"contact_count":1306,"contactReachability_count":1334,"contactSatisfaction_count":413,"autonomy_count":16701}}
