{"data":{"satisfaction":6.83048698635245,"comprehension":7.3853650047855215,"contact":1.2734452122408686,"contact_reachability":0.315028901734104,"contact_satisfaction":4.271523178807947,"autonomy":8.268602540834845},"metadata":{"satisfaction_count":13409,"comprehension_count":11493,"contact_count":1013,"contactReachability_count":1038,"contactSatisfaction_count":302,"autonomy_count":11020}}
