{"data":{"satisfaction":6.916820539875143,"comprehension":7.423134220272702,"contact":1.3437658388241256,"contact_reachability":0.33972602739726027,"contact_satisfaction":4.094594594594595,"autonomy":8.424314345991561},"metadata":{"satisfaction_count":56865,"comprehension_count":48331,"contact_count":3946,"contactReachability_count":4015,"contactSatisfaction_count":1295,"autonomy_count":45504}}
