{"data":{"satisfaction":6.8340487364922415,"comprehension":7.328752310172624,"contact":1.3220640569395017,"contact_reachability":0.3257328990228013,"contact_satisfaction":4.23120728929385,"autonomy":8.406775449349789},"metadata":{"satisfaction_count":59873,"comprehension_count":50862,"contact_count":4215,"contactReachability_count":4298,"contactSatisfaction_count":1317,"autonomy_count":48292}}
