{"data":{"satisfaction":6.911744778055249,"comprehension":7.422183202973571,"contact":1.3577765456057667,"contact_reachability":0.3425143168802836,"contact_satisfaction":4.094899665551839,"autonomy":8.36894655604862},"metadata":{"satisfaction_count":51657,"comprehension_count":43853,"contact_count":3607,"contactReachability_count":3667,"contactSatisfaction_count":1196,"autonomy_count":41464}}
