{"data":{"satisfaction":6.916641712831262,"comprehension":7.426543522824961,"contact":1.3590018781862088,"contact_reachability":0.3412509897070467,"contact_satisfaction":4.114541023558083,"autonomy":8.38766170083594},"metadata":{"satisfaction_count":53432,"comprehension_count":45367,"contact_count":3727,"contactReachability_count":3789,"contactSatisfaction_count":1231,"autonomy_count":42826}}
