{"data":{"satisfaction":6.871726834718246,"comprehension":7.40927173824795,"contact":1.2194525904203324,"contact_reachability":0.29512893982808025,"contact_satisfaction":4.37719298245614,"autonomy":8.264651241344367},"metadata":{"satisfaction_count":14321,"comprehension_count":12317,"contact_count":1023,"contactReachability_count":1047,"contactSatisfaction_count":285,"autonomy_count":11842}}
