{"data":{"satisfaction":6.864142159645736,"comprehension":7.379496165035705,"contact":1.4291808873720135,"contact_reachability":0.34612176814011675,"contact_satisfaction":4.31701030927835,"autonomy":8.18487510293714},"metadata":{"satisfaction_count":17614,"comprehension_count":15124,"contact_count":1172,"contactReachability_count":1199,"contactSatisfaction_count":388,"autonomy_count":14572}}
