{"data":{"satisfaction":6.93478550492939,"comprehension":7.438830816879597,"contact":1.1477832512315271,"contact_reachability":0.29952153110047847,"contact_satisfaction":4.11660777385159,"autonomy":8.497741273100615},"metadata":{"satisfaction_count":15012,"comprehension_count":12915,"contact_count":1015,"contactReachability_count":1045,"contactSatisfaction_count":283,"autonomy_count":12175}}
