{"data":{"satisfaction":6.8542910532792485,"comprehension":7.366408149502192,"contact":1.4023454625164402,"contact_reachability":0.3448349764252036,"contact_satisfaction":4.250830564784053,"autonomy":8.391210442295051},"metadata":{"satisfaction_count":65823,"comprehension_count":56347,"contact_count":4562,"contactReachability_count":4666,"contactSatisfaction_count":1505,"autonomy_count":53245}}
