{"data":{"satisfaction":6.923893805309734,"comprehension":7.43420139921121,"contact":1.3495845552297165,"contact_reachability":0.34069627851140455,"contact_satisfaction":4.102897473997028,"autonomy":8.427351505973414},"metadata":{"satisfaction_count":59325,"comprehension_count":50457,"contact_count":4092,"contactReachability_count":4165,"contactSatisfaction_count":1346,"autonomy_count":47544}}
