{"data":{"satisfaction":6.950109612701787,"comprehension":7.465629103267166,"contact":1.187122736418511,"contact_reachability":0.30634146341463414,"contact_satisfaction":4.169611307420495,"autonomy":8.538947714027744},"metadata":{"satisfaction_count":15053,"comprehension_count":12947,"contact_count":994,"contactReachability_count":1025,"contactSatisfaction_count":283,"autonomy_count":12183}}
