{"data":{"satisfaction":6.879148720547251,"comprehension":7.38521984813703,"contact":1.3485558157689306,"contact_reachability":0.3284950343773873,"contact_satisfaction":4.29726368159204,"autonomy":8.323019801980198},"metadata":{"satisfaction_count":19735,"comprehension_count":16989,"contact_count":1281,"contactReachability_count":1309,"contactSatisfaction_count":402,"autonomy_count":16160}}
