{"data":{"satisfaction":6.894014433281449,"comprehension":7.378351539225422,"contact":1.5899864682002707,"contact_reachability":0.3933774834437086,"contact_satisfaction":4.181494661921708,"autonomy":8.3121427738248},"metadata":{"satisfaction_count":21201,"comprehension_count":18126,"contact_count":1478,"contactReachability_count":1510,"contactSatisfaction_count":562,"autonomy_count":17146}}
