{"data":{"satisfaction":6.866388729600297,"comprehension":7.3766203200811065,"contact":1.405898244034219,"contact_reachability":0.34639084507042256,"contact_satisfaction":4.242527173913044,"autonomy":8.398612654734986},"metadata":{"satisfaction_count":64523,"comprehension_count":55236,"contact_count":4442,"contactReachability_count":4544,"contactSatisfaction_count":1472,"autonomy_count":52186}}
