{"data":{"satisfaction":6.8727945809703845,"comprehension":7.382049442666372,"contact":1.4039211190094014,"contact_reachability":0.34514465126710026,"contact_satisfaction":4.248785565579459,"autonomy":8.402904871305635},"metadata":{"satisfaction_count":63480,"comprehension_count":54366,"contact_count":4361,"contactReachability_count":4459,"contactSatisfaction_count":1441,"autonomy_count":51362}}
