{"data":{"satisfaction":6.876377575467178,"comprehension":7.373550663753991,"contact":1.6120218579234973,"contact_reachability":0.39959973315543695,"contact_satisfaction":4.184397163120567,"autonomy":8.266171792152704},"metadata":{"satisfaction_count":20870,"comprehension_count":17853,"contact_count":1464,"contactReachability_count":1499,"contactSatisfaction_count":564,"autonomy_count":16974}}
