{"data":{"satisfaction":6.903887790642944,"comprehension":7.3908140814081404,"contact":1.603612815269257,"contact_reachability":0.396,"contact_satisfaction":4.193404634581105,"autonomy":8.305960188033197},"metadata":{"satisfaction_count":21246,"comprehension_count":18180,"contact_count":1467,"contactReachability_count":1500,"contactSatisfaction_count":561,"autonomy_count":17231}}
