{"data":{"satisfaction":6.872452530072572,"comprehension":7.376812431401999,"contact":1.362413528055342,"contact_reachability":0.3310759969902182,"contact_satisfaction":4.302184466019417,"autonomy":8.247366837195305},"metadata":{"satisfaction_count":20118,"comprehension_count":17311,"contact_count":1301,"contactReachability_count":1329,"contactSatisfaction_count":412,"autonomy_count":16615}}
