{"data":{"satisfaction":6.917810753802317,"comprehension":7.4266836612414755,"contact":1.3595908607863973,"contact_reachability":0.3408259278619969,"contact_satisfaction":4.12037037037037,"autonomy":8.399297613271413},"metadata":{"satisfaction_count":54046,"comprehension_count":45897,"contact_count":3764,"contactReachability_count":3826,"contactSatisfaction_count":1242,"autonomy_count":43281}}
