{"data":{"satisfaction":6.80320503220009,"comprehension":7.394923103809857,"contact":1.294089609151573,"contact_reachability":0.30422535211267604,"contact_satisfaction":4.407467532467533,"autonomy":8.272011715174813},"metadata":{"satisfaction_count":13354,"comprehension_count":11444,"contact_count":1049,"contactReachability_count":1065,"contactSatisfaction_count":308,"autonomy_count":10926}}
