{"data":{"satisfaction":6.916473317865429,"comprehension":7.424965135315399,"contact":1.3451053283767038,"contact_reachability":0.34007308160779537,"contact_satisfaction":4.0931372549019605,"autonomy":8.419381823641707},"metadata":{"satisfaction_count":58185,"comprehension_count":49477,"contact_count":4035,"contactReachability_count":4105,"contactSatisfaction_count":1326,"autonomy_count":46621}}
