{"data":{"satisfaction":6.9149358500099245,"comprehension":7.421088406474362,"contact":1.3513338513338513,"contact_reachability":0.33961783439490445,"contact_satisfaction":4.11150512214342,"autonomy":8.410351201478743},"metadata":{"satisfaction_count":55417,"comprehension_count":47078,"contact_count":3861,"contactReachability_count":3925,"contactSatisfaction_count":1269,"autonomy_count":44362}}
