{"data":{"satisfaction":6.83651882112635,"comprehension":7.385321100917431,"contact":1.236663433559651,"contact_reachability":0.3074739829706717,"contact_satisfaction":4.264214046822742,"autonomy":8.322171622466291},"metadata":{"satisfaction_count":13708,"comprehension_count":11772,"contact_count":1031,"contactReachability_count":1057,"contactSatisfaction_count":299,"autonomy_count":11199}}
