{"data":{"satisfaction":6.863331908222888,"comprehension":7.374993101164524,"contact":1.4323843416370108,"contact_reachability":0.3542101600556715,"contact_satisfaction":4.219077568134172,"autonomy":8.341005768894586},"metadata":{"satisfaction_count":21051,"comprehension_count":18119,"contact_count":1405,"contactReachability_count":1437,"contactSatisfaction_count":477,"autonomy_count":17161}}
