{"data":{"satisfaction":6.826614769979939,"comprehension":7.323036543508985,"contact":1.308083252662149,"contact_reachability":0.3238366571699905,"contact_satisfaction":4.209501557632398,"autonomy":8.390924141444156},"metadata":{"satisfaction_count":58321,"comprehension_count":49530,"contact_count":4132,"contactReachability_count":4212,"contactSatisfaction_count":1284,"autonomy_count":47114}}
