{"data":{"satisfaction":6.864899174844978,"comprehension":7.367549668874172,"contact":1.6181626928471249,"contact_reachability":0.39808481532147744,"contact_satisfaction":4.226190476190476,"autonomy":8.17716699387233},"metadata":{"satisfaction_count":20481,"comprehension_count":17516,"contact_count":1426,"contactReachability_count":1462,"contactSatisfaction_count":546,"autonomy_count":16809}}
