{"data":{"satisfaction":6.923888658080598,"comprehension":7.434605090937506,"contact":1.3485177151120753,"contact_reachability":0.3402794222116978,"contact_satisfaction":4.104915627292737,"autonomy":8.439069960556363},"metadata":{"satisfaction_count":60175,"comprehension_count":51189,"contact_count":4149,"contactReachability_count":4223,"contactSatisfaction_count":1363,"autonomy_count":48170}}
