{"data":{"satisfaction":6.942789814754206,"comprehension":7.4510401585003425,"contact":1.2041625371655105,"contact_reachability":0.3111753371868979,"contact_satisfaction":4.13265306122449,"autonomy":8.508693894055803},"metadata":{"satisfaction_count":15277,"comprehension_count":13123,"contact_count":1009,"contactReachability_count":1038,"contactSatisfaction_count":294,"autonomy_count":12365}}
