{"data":{"satisfaction":6.867889647326507,"comprehension":7.413329472116499,"contact":1.2463126843657817,"contact_reachability":0.30230326295585414,"contact_satisfaction":4.370689655172414,"autonomy":8.338985998782503},"metadata":{"satisfaction_count":14064,"comprehension_count":12086,"contact_count":1017,"contactReachability_count":1042,"contactSatisfaction_count":290,"autonomy_count":11499}}
