{"data":{"satisfaction":6.8199940197348745,"comprehension":7.331313366740473,"contact":1.5852390852390852,"contact_reachability":0.3933649289099526,"contact_satisfaction":4.181901279707495,"autonomy":8.14121212121212},"metadata":{"satisfaction_count":20066,"comprehension_count":17162,"contact_count":1443,"contactReachability_count":1477,"contactSatisfaction_count":547,"autonomy_count":16500}}
