{"data":{"satisfaction":6.910921456194159,"comprehension":7.428339014564611,"contact":1.1579980372914622,"contact_reachability":0.29512893982808025,"contact_satisfaction":4.199288256227758,"autonomy":8.52065638657541},"metadata":{"satisfaction_count":14998,"comprehension_count":12908,"contact_count":1019,"contactReachability_count":1047,"contactSatisfaction_count":281,"autonomy_count":12127}}
