{"data":{"satisfaction":6.835073537667004,"comprehension":7.334075807913017,"contact":1.339913773542092,"contact_reachability":0.33274021352313166,"contact_satisfaction":4.196872778962331,"autonomy":8.392733048744168},"metadata":{"satisfaction_count":62349,"comprehension_count":52976,"contact_count":4407,"contactReachability_count":4496,"contactSatisfaction_count":1407,"autonomy_count":50365}}
