{"data":{"satisfaction":6.873685830042566,"comprehension":7.385802652709213,"contact":1.3461538461538463,"contact_reachability":0.3287671232876712,"contact_satisfaction":4.277777777777778,"autonomy":8.36570494688541},"metadata":{"satisfaction_count":19499,"comprehension_count":16813,"contact_count":1287,"contactReachability_count":1314,"contactSatisfaction_count":405,"autonomy_count":15909}}
