{"data":{"satisfaction":6.837319939662175,"comprehension":7.331648188632105,"contact":1.3235294117647058,"contact_reachability":0.3253012048192771,"contact_satisfaction":4.24110522331567,"autonomy":8.412655989802841},"metadata":{"satisfaction_count":60327,"comprehension_count":51232,"contact_count":4233,"contactReachability_count":4316,"contactSatisfaction_count":1321,"autonomy_count":48641}}
