{"data":{"satisfaction":6.87356551242391,"comprehension":7.381214509213119,"contact":1.3695987654320987,"contact_reachability":0.33358490566037735,"contact_satisfaction":4.297820823244552,"autonomy":8.27939393939394},"metadata":{"satisfaction_count":20042,"comprehension_count":17258,"contact_count":1296,"contactReachability_count":1325,"contactSatisfaction_count":413,"autonomy_count":16500}}
