{"data":{"satisfaction":6.922198122423299,"comprehension":7.432406127732467,"contact":1.3487787356321839,"contact_reachability":0.3402352941176471,"contact_satisfaction":4.105320699708455,"autonomy":8.44472049689441},"metadata":{"satisfaction_count":60397,"comprehension_count":51373,"contact_count":4176,"contactReachability_count":4250,"contactSatisfaction_count":1372,"autonomy_count":48300}}
