{"data":{"satisfaction":6.915759774284562,"comprehension":7.429809976247031,"contact":1.364222285877972,"contact_reachability":0.34410430839002265,"contact_satisfaction":4.046304163126593,"autonomy":8.388526530509456},"metadata":{"satisfaction_count":49620,"comprehension_count":42100,"contact_count":3491,"contactReachability_count":3528,"contactSatisfaction_count":1177,"autonomy_count":39709}}
