{"data":{"satisfaction":6.882422220041221,"comprehension":7.3837805503332765,"contact":1.3685993975903614,"contact_reachability":0.3335787923416789,"contact_satisfaction":4.296690307328605,"autonomy":8.281138366277686},"metadata":{"satisfaction_count":20378,"comprehension_count":17553,"contact_count":1328,"contactReachability_count":1358,"contactSatisfaction_count":423,"autonomy_count":16796}}
