{"data":{"satisfaction":6.8640678456126825,"comprehension":7.372551762730834,"contact":1.4246922519913106,"contact_reachability":0.3510261854210899,"contact_satisfaction":4.240301724137931,"autonomy":8.312827456290105},"metadata":{"satisfaction_count":20753,"comprehension_count":17870,"contact_count":1381,"contactReachability_count":1413,"contactSatisfaction_count":464,"autonomy_count":16987}}
