{"data":{"satisfaction":6.849648066178071,"comprehension":7.396652295206695,"contact":1.2439846005774784,"contact_reachability":0.3092105263157895,"contact_satisfaction":4.251644736842105,"autonomy":8.324300310972902},"metadata":{"satisfaction_count":13781,"comprehension_count":11829,"contact_count":1039,"contactReachability_count":1064,"contactSatisfaction_count":304,"autonomy_count":11255}}
