{"data":{"satisfaction":6.816378471442473,"comprehension":7.395742262633328,"contact":1.3052884615384615,"contact_reachability":0.3065279091769158,"contact_satisfaction":4.421824104234528,"autonomy":8.288882778847036},"metadata":{"satisfaction_count":13359,"comprehension_count":11438,"contact_count":1040,"contactReachability_count":1057,"contactSatisfaction_count":307,"autonomy_count":10911}}
