{"data":{"satisfaction":7.350187265917603,"comprehension":7.078488372093023,"contact":3.3035714285714284,"contact_reachability":0.4666666666666667,"contact_satisfaction":7.708333333333333,"autonomy":6.4412811387900355},"metadata":{"satisfaction_count":534,"comprehension_count":344,"contact_count":28,"contactReachability_count":30,"contactSatisfaction_count":12,"autonomy_count":281}}
