{"data":{"satisfaction":7.873536299765808,"comprehension":7.345767575322812,"contact":4.337121212121212,"contact_reachability":0.6054421768707483,"contact_satisfaction":7.736486486486487,"autonomy":6.783876500857633},"metadata":{"satisfaction_count":2135,"comprehension_count":1394,"contact_count":132,"contactReachability_count":147,"contactSatisfaction_count":74,"autonomy_count":1166}}
