{"data":{"satisfaction":7.823934567369781,"comprehension":7.325812873258129,"contact":4.33453237410072,"contact_reachability":0.6103896103896104,"contact_satisfaction":7.6265822784810124,"autonomy":6.8471337579617835},"metadata":{"satisfaction_count":2323,"comprehension_count":1507,"contact_count":139,"contactReachability_count":154,"contactSatisfaction_count":79,"autonomy_count":1256}}
