{"data":{"satisfaction":7.163865546218488,"comprehension":6.796875,"contact":6.176470588235294,"contact_reachability":0.6470588235294118,"contact_satisfaction":9.545454545454545,"autonomy":6.73758865248227},"metadata":{"satisfaction_count":238,"comprehension_count":160,"contact_count":17,"contactReachability_count":17,"contactSatisfaction_count":11,"autonomy_count":141}}
