{"data":{"satisfaction":6.916666666666667,"comprehension":6.826923076923077,"contact":6.617647058823529,"contact_reachability":0.7647058823529411,"contact_satisfaction":8.653846153846153,"autonomy":6.838235294117647},"metadata":{"satisfaction_count":240,"comprehension_count":156,"contact_count":17,"contactReachability_count":17,"contactSatisfaction_count":13,"autonomy_count":136}}
