{"data":{"satisfaction":7.64957264957265,"comprehension":7.151898734177215,"contact":3.9864864864864864,"contact_reachability":0.5121951219512195,"contact_satisfaction":8.676470588235293,"autonomy":6.525679758308157},"metadata":{"satisfaction_count":585,"comprehension_count":395,"contact_count":37,"contactReachability_count":41,"contactSatisfaction_count":17,"autonomy_count":331}}
