{"data":{"satisfaction":7.865019850022056,"comprehension":7.331747110808974,"contact":4.351851851851852,"contact_reachability":0.6066666666666667,"contact_satisfaction":7.730263157894737,"autonomy":6.835236541598695},"metadata":{"satisfaction_count":2267,"comprehension_count":1471,"contact_count":135,"contactReachability_count":150,"contactSatisfaction_count":76,"autonomy_count":1226}}
