{"data":{"satisfaction":7.052469135802469,"comprehension":6.826086956521739,"contact":3.235294117647059,"contact_reachability":0.5294117647058824,"contact_satisfaction":6.111111111111111,"autonomy":6.947368421052632},"metadata":{"satisfaction_count":324,"comprehension_count":230,"contact_count":17,"contactReachability_count":17,"contactSatisfaction_count":9,"autonomy_count":190}}
