{"data":{"satisfaction":7.183388157894737,"comprehension":6.911764705882353,"contact":4.128787878787879,"contact_reachability":0.5507246376811594,"contact_satisfaction":7.785714285714286,"autonomy":6.701030927835052},"metadata":{"satisfaction_count":1216,"comprehension_count":816,"contact_count":66,"contactReachability_count":69,"contactSatisfaction_count":35,"autonomy_count":679}}
