{"data":{"satisfaction":7.654258031616522,"comprehension":7.151898734177215,"contact":4.356435643564357,"contact_reachability":0.5648148148148148,"contact_satisfaction":8.148148148148149,"autonomy":6.795475966069746},"metadata":{"satisfaction_count":1961,"comprehension_count":1264,"contact_count":101,"contactReachability_count":108,"contactSatisfaction_count":54,"autonomy_count":1061}}
