{"data":{"satisfaction":7.827586206896552,"comprehension":7.324037184594953,"contact":4.33453237410072,"contact_reachability":0.6103896103896104,"contact_satisfaction":7.6265822784810124,"autonomy":6.844621513944223},"metadata":{"satisfaction_count":2320,"comprehension_count":1506,"contact_count":139,"contactReachability_count":154,"contactSatisfaction_count":79,"autonomy_count":1255}}
