{"data":{"satisfaction":7.662303664921466,"comprehension":7.161224489795918,"contact":4.458762886597938,"contact_reachability":0.5769230769230769,"contact_satisfaction":8.160377358490566,"autonomy":6.79649464459591},"metadata":{"satisfaction_count":1910,"comprehension_count":1225,"contact_count":97,"contactReachability_count":104,"contactSatisfaction_count":53,"autonomy_count":1027}}
