{"data":{"satisfaction":7.9279045643153525,"comprehension":7.408220271348763,"contact":4.5528455284552845,"contact_reachability":0.648854961832061,"contact_satisfaction":7.2727272727272725,"autonomy":6.891634980988593},"metadata":{"satisfaction_count":1928,"comprehension_count":1253,"contact_count":123,"contactReachability_count":131,"contactSatisfaction_count":77,"autonomy_count":1052}}
