{"data":{"satisfaction":5.4788557213930345,"comprehension":6.059027777777778,"contact":3.194980694980695,"contact_reachability":0.5823754789272031,"contact_satisfaction":5.516666666666667,"autonomy":5.6231884057971016},"metadata":{"satisfaction_count":804,"comprehension_count":720,"contact_count":259,"contactReachability_count":261,"contactSatisfaction_count":150,"autonomy_count":690}}
