{"data":{"satisfaction":6.802188750294187,"comprehension":7.190825330910979,"contact":3.817185289957567,"contact_reachability":0.5764951321279554,"contact_satisfaction":6.704968944099379,"autonomy":7.244314403511106},"metadata":{"satisfaction_count":8498,"comprehension_count":7706,"contact_count":1414,"contactReachability_count":1438,"contactSatisfaction_count":805,"autonomy_count":7519}}
