{"data":{"satisfaction":7.899686520376176,"comprehension":8.1373031496063,"contact":4.335585585585585,"contact_reachability":0.5919282511210763,"contact_satisfaction":7.347328244274809,"autonomy":8.268268268268269},"metadata":{"satisfaction_count":2233,"comprehension_count":2032,"contact_count":222,"contactReachability_count":223,"contactSatisfaction_count":131,"autonomy_count":1998}}
