{"data":{"satisfaction":6.593283582089552,"comprehension":7.236644350321082,"contact":3.4782608695652173,"contact_reachability":0.5483247422680413,"contact_satisfaction":6.462668298653611,"autonomy":7.1095735667890425},"metadata":{"satisfaction_count":8040,"comprehension_count":7319,"contact_count":1518,"contactReachability_count":1552,"contactSatisfaction_count":817,"autonomy_count":7082}}
