{"data":{"satisfaction":6.728334424798079,"comprehension":7.35077288941736,"contact":3.552867383512545,"contact_reachability":0.5616996507566938,"contact_satisfaction":6.457654723127036,"autonomy":7.151440833844267},"metadata":{"satisfaction_count":9162,"comprehension_count":8410,"contact_count":1674,"contactReachability_count":1718,"contactSatisfaction_count":921,"autonomy_count":8155}}
