{"data":{"satisfaction":6.611612638489946,"comprehension":7.030265526552656,"contact":3.8203324808184145,"contact_reachability":0.5586380832282472,"contact_satisfaction":6.9155092592592595,"autonomy":7.303001876172608},"metadata":{"satisfaction_count":4874,"comprehension_count":4444,"contact_count":782,"contactReachability_count":793,"contactSatisfaction_count":432,"autonomy_count":4264}}
