{"data":{"satisfaction":6.708517699115045,"comprehension":7.308626974483596,"contact":3.5128126906650396,"contact_reachability":0.5462686567164179,"contact_satisfaction":6.550056882821388,"autonomy":7.180897612201525},"metadata":{"satisfaction_count":9040,"comprehension_count":8230,"contact_count":1639,"contactReachability_count":1675,"contactSatisfaction_count":879,"autonomy_count":7999}}
