{"data":{"satisfaction":7.841144753214434,"comprehension":8.07464724624488,"contact":4.291338582677166,"contact_reachability":0.59375,"contact_satisfaction":7.266666666666667,"autonomy":8.185185185185185},"metadata":{"satisfaction_count":2411,"comprehension_count":2197,"contact_count":254,"contactReachability_count":256,"contactSatisfaction_count":150,"autonomy_count":2160}}
