{"data":{"satisfaction":6.729216670303295,"comprehension":7.351123261618923,"contact":3.556716417910448,"contact_reachability":0.5619546247818499,"contact_satisfaction":6.461496746203904,"autonomy":7.15301618440412},"metadata":{"satisfaction_count":9166,"comprehension_count":8413,"contact_count":1675,"contactReachability_count":1719,"contactSatisfaction_count":922,"autonomy_count":8156}}
