{"data":{"satisfaction":7.959671907040328,"comprehension":8.188297074268567,"contact":4.637931034482759,"contact_reachability":0.6689655172413793,"contact_satisfaction":6.93298969072165,"autonomy":8.33843797856049},"metadata":{"satisfaction_count":1463,"comprehension_count":1333,"contact_count":145,"contactReachability_count":145,"contactSatisfaction_count":97,"autonomy_count":1306}}
