{"data":{"satisfaction":5.888501742160279,"comprehension":6.378143133462283,"contact":3.175287356321839,"contact_reachability":0.6033519553072626,"contact_satisfaction":5.364077669902913,"autonomy":5.808383233532934},"metadata":{"satisfaction_count":574,"comprehension_count":517,"contact_count":174,"contactReachability_count":179,"contactSatisfaction_count":103,"autonomy_count":501}}
