{"data":{"satisfaction":6.348773841961853,"comprehension":6.648606811145511,"contact":3.6559139784946235,"contact_reachability":0.6063829787234043,"contact_satisfaction":6.071428571428571,"autonomy":6.314102564102564},"metadata":{"satisfaction_count":367,"comprehension_count":323,"contact_count":93,"contactReachability_count":94,"contactSatisfaction_count":56,"autonomy_count":312}}
