{"data":{"satisfaction":5.203821656050955,"comprehension":5.901039206424185,"contact":3.7199312714776633,"contact_reachability":0.559322033898305,"contact_satisfaction":6.72360248447205,"autonomy":6.006961710591745},"metadata":{"satisfaction_count":2355,"comprehension_count":2117,"contact_count":582,"contactReachability_count":590,"contactSatisfaction_count":322,"autonomy_count":2011}}
