{"data":{"satisfaction":6.804637750811006,"comprehension":7.195597567424643,"contact":3.8951310861423223,"contact_reachability":0.5751295336787565,"contact_satisfaction":6.83311432325887,"autonomy":7.2841848488955145},"metadata":{"satisfaction_count":8323,"comprehension_count":7564,"contact_count":1335,"contactReachability_count":1351,"contactSatisfaction_count":761,"autonomy_count":7379}}
