{"data":{"satisfaction":8.6163125805564,"comprehension":8.969782891685245,"contact":5.27063969382176,"contact_reachability":0.6795346377578001,"contact_satisfaction":7.882256745707277,"autonomy":8.76195552848005},"metadata":{"satisfaction_count":69051,"comprehension_count":66833,"contact_count":1829,"contactReachability_count":1891,"contactSatisfaction_count":1223,"autonomy_count":65660}}
