{"data":{"satisfaction":9.100217470097862,"comprehension":9.2729567982046,"contact":6.666666666666667,"contact_reachability":0.7619047619047619,"contact_satisfaction":8.817204301075268,"autonomy":8.974891447989428},"metadata":{"satisfaction_count":5518,"comprehension_count":5347,"contact_count":123,"contactReachability_count":126,"contactSatisfaction_count":93,"autonomy_count":5297}}
