{"data":{"satisfaction":9.10483870967742,"comprehension":9.273029966703662,"contact":6.875,"contact_reachability":0.7835820895522388,"contact_satisfaction":8.810679611650485,"autonomy":8.966032101530422},"metadata":{"satisfaction_count":5580,"comprehension_count":5406,"contact_count":132,"contactReachability_count":134,"contactSatisfaction_count":103,"autonomy_count":5358}}
