{"data":{"satisfaction":9.198623402163225,"comprehension":9.272398679417122,"contact":6.189591078066915,"contact_reachability":0.7896678966789668,"contact_satisfaction":7.85377358490566,"autonomy":8.940401247278931},"metadata":{"satisfaction_count":18306,"comprehension_count":17568,"contact_count":538,"contactReachability_count":542,"contactSatisfaction_count":424,"autonomy_count":16997}}
