{"data":{"satisfaction":9.087006175450469,"comprehension":9.208033678302053,"contact":6.271384136858476,"contact_reachability":0.766412213740458,"contact_satisfaction":8.229591836734693,"autonomy":9.052963094393187},"metadata":{"satisfaction_count":23642,"comprehension_count":22804,"contact_count":643,"contactReachability_count":655,"contactSatisfaction_count":490,"autonomy_count":22544}}
