{"data":{"satisfaction":9.169421674742992,"comprehension":9.261414503133393,"contact":6.276,"contact_reachability":0.7765625,"contact_satisfaction":8.137966804979254,"autonomy":8.953804347826088},"metadata":{"satisfaction_count":22081,"comprehension_count":21223,"contact_count":625,"contactReachability_count":640,"contactSatisfaction_count":482,"autonomy_count":20608}}
