{"data":{"satisfaction":9.116308700400436,"comprehension":9.265727699530517,"contact":6.865671641791045,"contact_reachability":0.7720588235294118,"contact_satisfaction":8.932038834951456,"autonomy":8.936009087466868},"metadata":{"satisfaction_count":5494,"comprehension_count":5325,"contact_count":134,"contactReachability_count":136,"contactSatisfaction_count":103,"autonomy_count":5282}}
