{"data":{"satisfaction":9.176366101061095,"comprehension":9.266794765773216,"contact":6.281094527363184,"contact_reachability":0.7799352750809061,"contact_satisfaction":8.110278372591006,"autonomy":9.010695187165775},"metadata":{"satisfaction_count":21393,"comprehension_count":20557,"contact_count":603,"contactReachability_count":618,"contactSatisfaction_count":467,"autonomy_count":19822}}
