{"data":{"satisfaction":8.949146514935988,"comprehension":9.159564105686107,"contact":6.004098360655738,"contact_reachability":0.7520325203252033,"contact_satisfaction":8.005464480874316,"autonomy":8.969846153846154},"metadata":{"satisfaction_count":8436,"comprehension_count":8213,"contact_count":244,"contactReachability_count":246,"contactSatisfaction_count":183,"autonomy_count":8125}}
