{"data":{"satisfaction":8.86766753435438,"comprehension":9.124038521668439,"contact":5.423627684964201,"contact_reachability":0.700228832951945,"contact_satisfaction":7.890625,"autonomy":8.970438974879473},"metadata":{"satisfaction_count":16519,"comprehension_count":15991,"contact_count":419,"contactReachability_count":437,"contactSatisfaction_count":288,"autonomy_count":15764}}
