{"data":{"satisfaction":9.073392339625597,"comprehension":9.203258796315085,"contact":6.210488505747127,"contact_reachability":0.7612994350282486,"contact_satisfaction":8.202087286527513,"autonomy":9.04517664437241},"metadata":{"satisfaction_count":25534,"comprehension_count":24641,"contact_count":696,"contactReachability_count":708,"contactSatisfaction_count":527,"autonomy_count":24371}}
