{"data":{"satisfaction":8.967952436194896,"comprehension":9.165767951828885,"contact":5.886214442013129,"contact_reachability":0.7329787234042553,"contact_satisfaction":8.114630467571644,"autonomy":9.02358749314317},"metadata":{"satisfaction_count":34480,"comprehension_count":33381,"contact_count":914,"contactReachability_count":940,"contactSatisfaction_count":663,"autonomy_count":32814}}
