{"data":{"satisfaction":8.833267304318298,"comprehension":9.09047034047034,"contact":5.357917570498915,"contact_reachability":0.6923076923076923,"contact_satisfaction":7.891373801916933,"autonomy":8.849879645394235},"metadata":{"satisfaction_count":17669,"comprehension_count":17094,"contact_count":461,"contactReachability_count":481,"contactSatisfaction_count":313,"autonomy_count":17033}}
