{"data":{"satisfaction":8.935717571297149,"comprehension":9.16252808324465,"contact":5.881147540983607,"contact_reachability":0.7357723577235772,"contact_satisfaction":8.016759776536313,"autonomy":9.075012059816691},"metadata":{"satisfaction_count":8696,"comprehension_count":8457,"contact_count":244,"contactReachability_count":246,"contactSatisfaction_count":179,"autonomy_count":8292}}
