{"data":{"satisfaction":9.197461067996095,"comprehension":9.2746037695438,"contact":6.290178571428571,"contact_reachability":0.7835951134380453,"contact_satisfaction":8.079128440366972,"autonomy":8.935806148920904},"metadata":{"satisfaction_count":19457,"comprehension_count":18676,"contact_count":560,"contactReachability_count":573,"contactSatisfaction_count":436,"autonomy_count":18117}}
