{"data":{"satisfaction":9.182080642004307,"comprehension":9.266257262256651,"contact":6.31692573402418,"contact_reachability":0.7837837837837838,"contact_satisfaction":8.109756097560975,"autonomy":8.887380567013},"metadata":{"satisfaction_count":20436,"comprehension_count":19622,"contact_count":579,"contactReachability_count":592,"contactSatisfaction_count":451,"autonomy_count":19153}}
