{"data":{"satisfaction":8.436124347628773,"comprehension":8.857379242360231,"contact":4.987168520102652,"contact_reachability":0.6595394736842105,"contact_satisfaction":7.7218543046357615,"autonomy":8.642265690627625},"metadata":{"satisfaction_count":44070,"comprehension_count":42606,"contact_count":1169,"contactReachability_count":1216,"contactSatisfaction_count":755,"autonomy_count":41665}}
