{"data":{"satisfaction":8.93761066555567,"comprehension":9.161583734617443,"contact":5.890909090909091,"contact_reachability":0.7472924187725631,"contact_satisfaction":7.902439024390244,"autonomy":9.066666666666666},"metadata":{"satisfaction_count":9601,"comprehension_count":9345,"contact_count":275,"contactReachability_count":277,"contactSatisfaction_count":205,"autonomy_count":9150}}
