{"data":{"satisfaction":9.064273942501373,"comprehension":9.236399697771061,"contact":6.5310077519379846,"contact_reachability":0.7424242424242424,"contact_satisfaction":8.868421052631579,"autonomy":9.027244819646969},"metadata":{"satisfaction_count":5461,"comprehension_count":5294,"contact_count":129,"contactReachability_count":132,"contactSatisfaction_count":95,"autonomy_count":5212}}
