{"data":{"satisfaction":8.43842964031371,"comprehension":8.858952840524978,"contact":4.989469250210615,"contact_reachability":0.6612903225806451,"contact_satisfaction":7.7216427640156455,"autonomy":8.629938124702523},"metadata":{"satisfaction_count":44372,"comprehension_count":42897,"contact_count":1187,"contactReachability_count":1240,"contactSatisfaction_count":767,"autonomy_count":42020}}
