{"data":{"satisfaction":9.179168452636091,"comprehension":9.266608824987605,"contact":6.296296296296297,"contact_reachability":0.78125,"contact_satisfaction":8.112798264642082,"autonomy":9.02018329729173},"metadata":{"satisfaction_count":20997,"comprehension_count":20170,"contact_count":594,"contactReachability_count":608,"contactSatisfaction_count":461,"autonomy_count":19422}}
