{"data":{"satisfaction":9.170844939647168,"comprehension":9.271589606419564,"contact":6.853146853146853,"contact_reachability":0.8181818181818182,"contact_satisfaction":8.376068376068377,"autonomy":9.026617447056537},"metadata":{"satisfaction_count":5385,"comprehension_count":5234,"contact_count":143,"contactReachability_count":143,"contactSatisfaction_count":117,"autonomy_count":5147}}
