{"data":{"satisfaction":8.616292900867446,"comprehension":8.969598645165158,"contact":5.272752192982456,"contact_reachability":0.6792152704135737,"contact_satisfaction":7.889663658736669,"autonomy":8.772390623806979},"metadata":{"satisfaction_count":68938,"comprehension_count":66724,"contact_count":1824,"contactReachability_count":1886,"contactSatisfaction_count":1219,"autonomy_count":65485}}
