{"data":{"satisfaction":8.946161984248267,"comprehension":9.158314213259269,"contact":6.016260162601626,"contact_reachability":0.7540322580645161,"contact_satisfaction":8,"autonomy":8.977272727272727},"metadata":{"satisfaction_count":8507,"comprehension_count":8281,"contact_count":246,"contactReachability_count":248,"contactSatisfaction_count":185,"autonomy_count":8184}}
