{"data":{"satisfaction":9.170056037599421,"comprehension":9.261248765809395,"contact":6.2599681020733655,"contact_reachability":0.7757009345794392,"contact_satisfaction":8.126293995859212,"autonomy":8.948183269630848},"metadata":{"satisfaction_count":22128,"comprehension_count":21269,"contact_count":627,"contactReachability_count":642,"contactSatisfaction_count":483,"autonomy_count":20669}}
