{"data":{"satisfaction":8.95070766227428,"comprehension":9.150445328254538,"contact":5.8570701932858595,"contact_reachability":0.7279920870425322,"contact_satisfaction":8.132062146892656,"autonomy":9.017215824877438},"metadata":{"satisfaction_count":36882,"comprehension_count":35704,"contact_count":983,"contactReachability_count":1011,"contactSatisfaction_count":708,"autonomy_count":35084}}
