{"data":{"satisfaction":9.151769087523277,"comprehension":9.272212627134907,"contact":6.742957746478873,"contact_reachability":0.7708333333333334,"contact_satisfaction":8.784403669724771,"autonomy":8.961642774118559},"metadata":{"satisfaction_count":5370,"comprehension_count":5211,"contact_count":142,"contactReachability_count":144,"contactSatisfaction_count":109,"autonomy_count":5162}}
