{"data":{"satisfaction":7.766355140186916,"comprehension":7.564484126984127,"contact":4.553571428571429,"contact_reachability":0.6551724137931034,"contact_satisfaction":7.083333333333333,"autonomy":6.653225806451613},"metadata":{"satisfaction_count":535,"comprehension_count":504,"contact_count":84,"contactReachability_count":87,"contactSatisfaction_count":54,"autonomy_count":496}}
