{"data":{"satisfaction":8.256227758007118,"comprehension":7.770303326810176,"contact":4.922737306843267,"contact_reachability":0.6723768736616702,"contact_satisfaction":7.433333333333334,"autonomy":6.327568667344862},"metadata":{"satisfaction_count":2248,"comprehension_count":2044,"contact_count":453,"contactReachability_count":467,"contactSatisfaction_count":300,"autonomy_count":1966}}
