{"data":{"satisfaction":7.772277227722772,"comprehension":7.4633891213389125,"contact":4.149484536082475,"contact_reachability":0.5757575757575758,"contact_satisfaction":7.318181818181818,"autonomy":6.402569593147752},"metadata":{"satisfaction_count":505,"comprehension_count":478,"contact_count":97,"contactReachability_count":99,"contactSatisfaction_count":55,"autonomy_count":467}}
