{"data":{"satisfaction":8.339350180505415,"comprehension":8.000945179584122,"contact":5.075187969924812,"contact_reachability":0.7293233082706767,"contact_satisfaction":6.958762886597938,"autonomy":6.3428571428571425},"metadata":{"satisfaction_count":554,"comprehension_count":529,"contact_count":133,"contactReachability_count":133,"contactSatisfaction_count":97,"autonomy_count":525}}
