{"data":{"satisfaction":8.221505376344085,"comprehension":7.753897024090694,"contact":4.93576017130621,"contact_reachability":0.6756756756756757,"contact_satisfaction":7.411575562700965,"autonomy":6.335952848722986},"metadata":{"satisfaction_count":2325,"comprehension_count":2117,"contact_count":467,"contactReachability_count":481,"contactSatisfaction_count":311,"autonomy_count":2036}}
