{"data":{"satisfaction":7.777777777777778,"comprehension":7.479035639412998,"contact":3.9423076923076925,"contact_reachability":0.5660377358490566,"contact_satisfaction":7.068965517241379,"autonomy":6.258064516129032},"metadata":{"satisfaction_count":504,"comprehension_count":477,"contact_count":104,"contactReachability_count":106,"contactSatisfaction_count":58,"autonomy_count":465}}
