{"data":{"satisfaction":7.861271676300578,"comprehension":7.556237218813906,"contact":4.345238095238095,"contact_reachability":0.5977011494252874,"contact_satisfaction":7.448979591836735,"autonomy":6.604554865424431},"metadata":{"satisfaction_count":519,"comprehension_count":489,"contact_count":84,"contactReachability_count":87,"contactSatisfaction_count":49,"autonomy_count":483}}
