{"data":{"satisfaction":8.223175965665236,"comprehension":7.755655042412818,"contact":4.930555555555555,"contact_reachability":0.6763485477178424,"contact_satisfaction":7.395833333333333,"autonomy":6.333333333333333},"metadata":{"satisfaction_count":2330,"comprehension_count":2122,"contact_count":468,"contactReachability_count":482,"contactSatisfaction_count":312,"autonomy_count":2040}}
