{"data":{"satisfaction":8.175975177304965,"comprehension":7.72573635924674,"contact":4.889380530973451,"contact_reachability":0.6695464362850972,"contact_satisfaction":7.391304347826087,"autonomy":6.399423907825252},"metadata":{"satisfaction_count":2256,"comprehension_count":2071,"contact_count":452,"contactReachability_count":463,"contactSatisfaction_count":299,"autonomy_count":2083}}
