{"data":{"satisfaction":8.260158804297058,"comprehension":7.7611940298507465,"contact":4.936781609195402,"contact_reachability":0.671875,"contact_satisfaction":7.456597222222222,"autonomy":6.292918454935623},"metadata":{"satisfaction_count":2141,"comprehension_count":1943,"contact_count":435,"contactReachability_count":448,"contactSatisfaction_count":288,"autonomy_count":1864}}
