{"data":{"satisfaction":8.26980198019802,"comprehension":7.767905959540733,"contact":4.887440758293839,"contact_reachability":0.6799065420560748,"contact_satisfaction":7.2368421052631575,"autonomy":6.2785388127853885},"metadata":{"satisfaction_count":2020,"comprehension_count":1829,"contact_count":422,"contactReachability_count":428,"contactSatisfaction_count":285,"autonomy_count":1752}}
