{"data":{"satisfaction":8.119244935543279,"comprehension":7.771632251720748,"contact":4.81359649122807,"contact_reachability":0.6731601731601732,"contact_satisfaction":7.19672131147541,"autonomy":6.395061728395062},"metadata":{"satisfaction_count":2172,"comprehension_count":2034,"contact_count":456,"contactReachability_count":462,"contactSatisfaction_count":305,"autonomy_count":2025}}
