{"data":{"satisfaction":8.169877408056042,"comprehension":7.940366972477064,"contact":5.176991150442478,"contact_reachability":0.7478260869565218,"contact_satisfaction":6.964285714285714,"autonomy":6.428571428571429},"metadata":{"satisfaction_count":571,"comprehension_count":545,"contact_count":113,"contactReachability_count":115,"contactSatisfaction_count":84,"autonomy_count":532}}
