{"data":{"satisfaction":8.161572052401747,"comprehension":7.72013326987149,"contact":4.875809935205184,"contact_reachability":0.6666666666666666,"contact_satisfaction":7.401639344262295,"autonomy":6.400189214758751},"metadata":{"satisfaction_count":2290,"comprehension_count":2101,"contact_count":463,"contactReachability_count":474,"contactSatisfaction_count":305,"autonomy_count":2114}}
