{"data":{"satisfaction":8.204903677758319,"comprehension":7.969613259668508,"contact":5.148305084745763,"contact_reachability":0.7166666666666667,"contact_satisfaction":7.232142857142857,"autonomy":6.4232209737827715},"metadata":{"satisfaction_count":571,"comprehension_count":543,"contact_count":118,"contactReachability_count":120,"contactSatisfaction_count":84,"autonomy_count":534}}
