{"data":{"satisfaction":8.068561872909699,"comprehension":8.079964850615115,"contact":5.280172413793103,"contact_reachability":0.6890756302521008,"contact_satisfaction":7.753164556962025,"autonomy":6.607773851590106},"metadata":{"satisfaction_count":598,"comprehension_count":569,"contact_count":116,"contactReachability_count":119,"contactSatisfaction_count":79,"autonomy_count":566}}
