{"data":{"satisfaction":7.534332084893883,"comprehension":7.828638497652582,"contact":4.310344827586207,"contact_reachability":0.5994318181818182,"contact_satisfaction":7.246376811594203,"autonomy":6.377899045020464},"metadata":{"satisfaction_count":1602,"comprehension_count":1491,"contact_count":348,"contactReachability_count":352,"contactSatisfaction_count":207,"autonomy_count":1466}}
