{"data":{"satisfaction":8.071553228621292,"comprehension":8.045871559633028,"contact":5.1201923076923075,"contact_reachability":0.6635514018691588,"contact_satisfaction":7.830882352941177,"autonomy":6.6975881261595545},"metadata":{"satisfaction_count":573,"comprehension_count":545,"contact_count":104,"contactReachability_count":107,"contactSatisfaction_count":68,"autonomy_count":539}}
