{"data":{"satisfaction":7.884615384615385,"comprehension":8.098526703499079,"contact":4.690082644628099,"contact_reachability":0.68,"contact_satisfaction":7.006172839506172,"autonomy":6.412213740458015},"metadata":{"satisfaction_count":572,"comprehension_count":543,"contact_count":121,"contactReachability_count":125,"contactSatisfaction_count":81,"autonomy_count":524}}
