{"data":{"satisfaction":7.341820987654321,"comprehension":7.696652719665272,"contact":4.319727891156463,"contact_reachability":0.6127946127946128,"contact_satisfaction":7.094972067039106,"autonomy":6.2828111769686705},"metadata":{"satisfaction_count":1296,"comprehension_count":1195,"contact_count":294,"contactReachability_count":297,"contactSatisfaction_count":179,"autonomy_count":1181}}
