{"data":{"satisfaction":7.413169319826339,"comprehension":7.767578125,"contact":4.302507836990595,"contact_reachability":0.6068111455108359,"contact_satisfaction":7.1484375,"autonomy":6.302454473475851},"metadata":{"satisfaction_count":1382,"comprehension_count":1280,"contact_count":319,"contactReachability_count":323,"contactSatisfaction_count":192,"autonomy_count":1263}}
