{"data":{"satisfaction":8.211805555555555,"comprehension":8.246812386156648,"contact":4.1911764705882355,"contact_reachability":0.5825242718446602,"contact_satisfaction":7.245762711864407,"autonomy":6.698292220113852},"metadata":{"satisfaction_count":576,"comprehension_count":549,"contact_count":102,"contactReachability_count":103,"contactSatisfaction_count":59,"autonomy_count":527}}
