{"data":{"satisfaction":7.664233576642336,"comprehension":7.976653696498055,"contact":4.774774774774775,"contact_reachability":0.6929824561403509,"contact_satisfaction":6.973684210526316,"autonomy":6.272545090180361},"metadata":{"satisfaction_count":548,"comprehension_count":514,"contact_count":111,"contactReachability_count":114,"contactSatisfaction_count":76,"autonomy_count":499}}
