{"data":{"satisfaction":8.011456628477905,"comprehension":8.162650602409638,"contact":4.30327868852459,"contact_reachability":0.616,"contact_satisfaction":7.094594594594595,"autonomy":6.487455197132617},"metadata":{"satisfaction_count":611,"comprehension_count":581,"contact_count":122,"contactReachability_count":125,"contactSatisfaction_count":74,"autonomy_count":558}}
