{"data":{"satisfaction":7.523277467411545,"comprehension":7.821881254169447,"contact":4.285714285714286,"contact_reachability":0.5988700564971752,"contact_satisfaction":7.211538461538462,"autonomy":6.370420624151968},"metadata":{"satisfaction_count":1611,"comprehension_count":1499,"contact_count":350,"contactReachability_count":354,"contactSatisfaction_count":208,"autonomy_count":1474}}
