{"data":{"satisfaction":7.4712254570074474,"comprehension":7.811588921282799,"contact":4.21969696969697,"contact_reachability":0.592814371257485,"contact_satisfaction":7.177835051546392,"autonomy":6.328645447816433},"metadata":{"satisfaction_count":1477,"comprehension_count":1372,"contact_count":330,"contactReachability_count":334,"contactSatisfaction_count":194,"autonomy_count":1351}}
