{"data":{"satisfaction":7.347094801223242,"comprehension":7.707125103562552,"contact":4.276094276094276,"contact_reachability":0.6066666666666667,"contact_satisfaction":7.094972067039106,"autonomy":6.288832913518052},"metadata":{"satisfaction_count":1308,"comprehension_count":1207,"contact_count":297,"contactReachability_count":300,"contactSatisfaction_count":179,"autonomy_count":1191}}
