{"data":{"satisfaction":7.736363636363636,"comprehension":8.055019305019306,"contact":4.623893805309734,"contact_reachability":0.6724137931034483,"contact_satisfaction":6.966666666666667,"autonomy":6.332665330661323},"metadata":{"satisfaction_count":550,"comprehension_count":518,"contact_count":113,"contactReachability_count":116,"contactSatisfaction_count":75,"autonomy_count":499}}
