{"data":{"satisfaction":8.109756097560975,"comprehension":8.078158458244111,"contact":5.053763440860215,"contact_reachability":0.6595744680851063,"contact_satisfaction":7.704918032786885,"autonomy":6.573275862068965},"metadata":{"satisfaction_count":492,"comprehension_count":467,"contact_count":93,"contactReachability_count":94,"contactSatisfaction_count":61,"autonomy_count":464}}
