{"data":{"satisfaction":7.740141557128412,"comprehension":7.9128316188413645,"contact":4.5111386138613865,"contact_reachability":0.610705596107056,"contact_satisfaction":7.469262295081967,"autonomy":6.450905101481075},"metadata":{"satisfaction_count":1978,"comprehension_count":1847,"contact_count":404,"contactReachability_count":411,"contactSatisfaction_count":244,"autonomy_count":1823}}
