{"data":{"satisfaction":7.690217391304348,"comprehension":8.01923076923077,"contact":4.6902654867256635,"contact_reachability":0.6810344827586207,"contact_satisfaction":6.973684210526316,"autonomy":6.287425149700598},"metadata":{"satisfaction_count":552,"comprehension_count":520,"contact_count":113,"contactReachability_count":116,"contactSatisfaction_count":76,"autonomy_count":501}}
