{"data":{"satisfaction":7.357197258187357,"comprehension":7.714521452145214,"contact":4.283333333333333,"contact_reachability":0.6072607260726073,"contact_satisfaction":7.099447513812155,"autonomy":6.287625418060201},"metadata":{"satisfaction_count":1313,"comprehension_count":1212,"contact_count":300,"contactReachability_count":303,"contactSatisfaction_count":181,"autonomy_count":1196}}
