{"data":{"satisfaction":7.757793764988009,"comprehension":7.927142124166239,"contact":4.594117647058823,"contact_reachability":0.6203703703703703,"contact_satisfaction":7.480842911877395,"autonomy":6.455301455301456},"metadata":{"satisfaction_count":2085,"comprehension_count":1949,"contact_count":425,"contactReachability_count":432,"contactSatisfaction_count":261,"autonomy_count":1924}}
