{"data":{"satisfaction":6.3245397087111845,"comprehension":6.405984117980715,"contact":3.994895478852698,"contact_reachability":0.6264478764478765,"contact_satisfaction":6.404910366328917,"autonomy":3.809936452917389},"metadata":{"satisfaction_count":3639,"comprehension_count":3526,"contact_count":2057,"contactReachability_count":2072,"contactSatisfaction_count":1283,"autonomy_count":3462}}
