{"data":{"satisfaction":6.231660231660232,"comprehension":6.336653386454183,"contact":3.658759124087591,"contact_reachability":0.5788834951456311,"contact_satisfaction":6.331578947368421,"autonomy":3.4485530546623795},"metadata":{"satisfaction_count":1295,"comprehension_count":1255,"contact_count":822,"contactReachability_count":824,"contactSatisfaction_count":475,"autonomy_count":1244}}
