{"data":{"satisfaction":5.842696629213483,"comprehension":6.112277019937041,"contact":3.814152410575428,"contact_reachability":0.6061538461538462,"contact_satisfaction":6.337209302325581,"autonomy":3.461128860489883},"metadata":{"satisfaction_count":979,"comprehension_count":953,"contact_count":643,"contactReachability_count":650,"contactSatisfaction_count":387,"autonomy_count":939}}
