{"data":{"satisfaction":6.129529683885891,"comprehension":6.289808917197452,"contact":3.7992793556591775,"contact_reachability":0.6018479630407392,"contact_satisfaction":6.351878100637846,"autonomy":3.5833333333333335},"metadata":{"satisfaction_count":3891,"comprehension_count":3768,"contact_count":2359,"contactReachability_count":2381,"contactSatisfaction_count":1411,"autonomy_count":3720}}
