{"data":{"satisfaction":6.217047451669596,"comprehension":6.318924438393465,"contact":4.126911871813547,"contact_reachability":0.6368553912729895,"contact_satisfaction":6.516676250718804,"autonomy":3.5266821345707657},"metadata":{"satisfaction_count":4552,"comprehension_count":4407,"contact_count":2746,"contactReachability_count":2773,"contactSatisfaction_count":1739,"autonomy_count":4310}}
