{"data":{"satisfaction":6.630327056491576,"comprehension":6.619897959183674,"contact":4.4904761904761905,"contact_reachability":0.6755218216318786,"contact_satisfaction":6.659604519774011,"autonomy":4.10283315844701},"metadata":{"satisfaction_count":1009,"comprehension_count":980,"contact_count":525,"contactReachability_count":527,"contactSatisfaction_count":354,"autonomy_count":953}}
