{"data":{"satisfaction":6.110214433940512,"comprehension":6.252973358705995,"contact":3.827296011708745,"contact_reachability":0.6015965166908563,"contact_satisfaction":6.397553516819572,"autonomy":3.488316068417249},"metadata":{"satisfaction_count":4337,"comprehension_count":4204,"contact_count":2733,"contactReachability_count":2756,"contactSatisfaction_count":1635,"autonomy_count":4151}}
