{"data":{"satisfaction":5.848861283643893,"comprehension":6.123535676251331,"contact":3.7277867528271407,"contact_reachability":0.6060606060606061,"contact_satisfaction":6.202956989247312,"autonomy":3.5102925243770313},"metadata":{"satisfaction_count":966,"comprehension_count":939,"contact_count":619,"contactReachability_count":627,"contactSatisfaction_count":372,"autonomy_count":923}}
