{"data":{"satisfaction":6.144404332129964,"comprehension":6.287294878170065,"contact":3.834398721534159,"contact_reachability":0.6083168316831683,"contact_satisfaction":6.3391677675033025,"autonomy":3.601716304896517},"metadata":{"satisfaction_count":4155,"comprehension_count":4022,"contact_count":2503,"contactReachability_count":2525,"contactSatisfaction_count":1514,"autonomy_count":3962}}
