{"data":{"satisfaction":6.551040634291377,"comprehension":6.55295315682281,"contact":4.428438661710037,"contact_reachability":0.6697588126159555,"contact_satisfaction":6.618055555555555,"autonomy":4.0732984293193715},"metadata":{"satisfaction_count":1009,"comprehension_count":982,"contact_count":538,"contactReachability_count":539,"contactSatisfaction_count":360,"autonomy_count":955}}
