{"data":{"satisfaction":6.425992779783393,"comprehension":6.4259086672879775,"contact":3.6739469578783153,"contact_reachability":0.5891472868217055,"contact_satisfaction":6.263297872340425,"autonomy":3.8483412322274884},"metadata":{"satisfaction_count":1108,"comprehension_count":1073,"contact_count":641,"contactReachability_count":645,"contactSatisfaction_count":376,"autonomy_count":1055}}
