{"data":{"satisfaction":6.3619047619047615,"comprehension":6.440217391304348,"contact":4.241877256317689,"contact_reachability":0.6600719424460432,"contact_satisfaction":6.438356164383562,"autonomy":3.825910931174089},"metadata":{"satisfaction_count":1050,"comprehension_count":1012,"contact_count":554,"contactReachability_count":556,"contactSatisfaction_count":365,"autonomy_count":988}}
