{"data":{"satisfaction":6.5597147950089125,"comprehension":6.475183823529412,"contact":3.9085545722713864,"contact_reachability":0.6187683284457478,"contact_satisfaction":6.339712918660287,"autonomy":3.7511693171188027},"metadata":{"satisfaction_count":1122,"comprehension_count":1088,"contact_count":678,"contactReachability_count":682,"contactSatisfaction_count":418,"autonomy_count":1069}}
