{"data":{"satisfaction":5.885012919896641,"comprehension":6.11441798941799,"contact":3.957905544147844,"contact_reachability":0.6186612576064908,"contact_satisfaction":6.446488294314381,"autonomy":3.4986595174262733},"metadata":{"satisfaction_count":774,"comprehension_count":756,"contact_count":487,"contactReachability_count":493,"contactSatisfaction_count":299,"autonomy_count":746}}
