{"data":{"satisfaction":6.306770688213987,"comprehension":6.391604370327775,"contact":3.980618253189401,"contact_reachability":0.6252436647173489,"contact_satisfaction":6.392828999211978,"autonomy":3.812170860152136},"metadata":{"satisfaction_count":3589,"comprehension_count":3478,"contact_count":2038,"contactReachability_count":2052,"contactSatisfaction_count":1269,"autonomy_count":3418}}
