{"data":{"satisfaction":6.1702681593335065,"comprehension":6.289325087389083,"contact":4.124365482233503,"contact_reachability":0.6375895490939739,"contact_satisfaction":6.482712765957447,"autonomy":3.4527418021493523},"metadata":{"satisfaction_count":3841,"comprehension_count":3719,"contact_count":2364,"contactReachability_count":2373,"contactSatisfaction_count":1504,"autonomy_count":3629}}
