{"data":{"satisfaction":6.106567235987491,"comprehension":6.246276067527309,"contact":3.80997715156131,"contact_reachability":0.6024915062287656,"contact_satisfaction":6.360457724094088,"autonomy":3.469079939668175},"metadata":{"satisfaction_count":4157,"comprehension_count":4028,"contact_count":2626,"contactReachability_count":2649,"contactSatisfaction_count":1573,"autonomy_count":3978}}
