{"data":{"satisfaction":6.217301514456173,"comprehension":6.309552026546575,"contact":4.144886363636363,"contact_reachability":0.640285071267817,"contact_satisfaction":6.509518143961928,"autonomy":3.5232529827124424},"metadata":{"satisfaction_count":4358,"comprehension_count":4219,"contact_count":2640,"contactReachability_count":2666,"contactSatisfaction_count":1681,"autonomy_count":4107}}
