{"data":{"satisfaction":6.2210456651224355,"comprehension":6.317498291182502,"contact":4.130633931843166,"contact_reachability":0.6375181422351234,"contact_satisfaction":6.515895953757226,"autonomy":3.5306455371708227},"metadata":{"satisfaction_count":4533,"comprehension_count":4389,"contact_count":2729,"contactReachability_count":2756,"contactSatisfaction_count":1730,"autonomy_count":4291}}
