{"data":{"satisfaction":6.305015353121801,"comprehension":6.462962962962963,"contact":4.2146840148698885,"contact_reachability":0.6439114391143912,"contact_satisfaction":6.572463768115942,"autonomy":3.7459634015069967},"metadata":{"satisfaction_count":977,"comprehension_count":945,"contact_count":538,"contactReachability_count":542,"contactSatisfaction_count":345,"autonomy_count":929}}
