{"data":{"satisfaction":3.8803088803088803,"comprehension":3.5658307210031346,"contact":3.3989726027397262,"contact_reachability":0.621160409556314,"contact_satisfaction":5.483425414364641,"autonomy":4.314159292035399},"metadata":{"satisfaction_count":1036,"comprehension_count":957,"contact_count":292,"contactReachability_count":293,"contactSatisfaction_count":181,"autonomy_count":904}}
