{"data":{"satisfaction":3.84727626459144,"comprehension":3.539029535864979,"contact":3.3732876712328768,"contact_reachability":0.6177474402730375,"contact_satisfaction":5.472222222222222,"autonomy":4.285714285714286},"metadata":{"satisfaction_count":1028,"comprehension_count":948,"contact_count":292,"contactReachability_count":293,"contactSatisfaction_count":180,"autonomy_count":896}}
