{"data":{"satisfaction":3.9226006191950464,"comprehension":3.601808439383791,"contact":3.1481481481481484,"contact_reachability":0.5799373040752351,"contact_satisfaction":5.4788213627992635,"autonomy":4.243397573162027},"metadata":{"satisfaction_count":3230,"comprehension_count":2986,"contact_count":945,"contactReachability_count":957,"contactSatisfaction_count":543,"autonomy_count":2802}}
