{"data":{"satisfaction":3.9276257722859667,"comprehension":3.593949044585987,"contact":3.1457286432160805,"contact_reachability":0.579940417080437,"contact_satisfaction":5.472027972027972,"autonomy":4.253224711473184},"metadata":{"satisfaction_count":3399,"comprehension_count":3140,"contact_count":995,"contactReachability_count":1007,"contactSatisfaction_count":572,"autonomy_count":2946}}
