{"data":{"satisfaction":3.9095744680851063,"comprehension":3.5989325200152495,"contact":2.9157782515991473,"contact_reachability":0.5542553191489362,"contact_satisfaction":5.269749518304431,"autonomy":4.220563847429519},"metadata":{"satisfaction_count":2820,"comprehension_count":2623,"contact_count":938,"contactReachability_count":940,"contactSatisfaction_count":519,"autonomy_count":2412}}
