{"data":{"satisfaction":3.9936708860759493,"comprehension":3.6248285322359397,"contact":2.9693877551020407,"contact_reachability":0.5708502024291497,"contact_satisfaction":5.233812949640288,"autonomy":4.2212518195050945},"metadata":{"satisfaction_count":790,"comprehension_count":729,"contact_count":245,"contactReachability_count":247,"contactSatisfaction_count":139,"autonomy_count":687}}
