{"data":{"satisfaction":3.9116117850953205,"comprehension":3.6065573770491803,"contact":2.990455991516437,"contact_reachability":0.5572916666666666,"contact_satisfaction":5.444015444015444,"autonomy":4.2145748987854255},"metadata":{"satisfaction_count":2885,"comprehension_count":2684,"contact_count":943,"contactReachability_count":960,"contactSatisfaction_count":518,"autonomy_count":2470}}
