{"data":{"satisfaction":3.926419283222328,"comprehension":3.6128152692569873,"contact":2.93756145526057,"contact_reachability":0.5512572533849129,"contact_satisfaction":5.402350813743219,"autonomy":4.21834385443743},"metadata":{"satisfaction_count":3153,"comprehension_count":2934,"contact_count":1017,"contactReachability_count":1034,"contactSatisfaction_count":553,"autonomy_count":2693}}
