{"data":{"satisfaction":3.9974779319041613,"comprehension":3.625170998632011,"contact":2.9405737704918034,"contact_reachability":0.5691056910569106,"contact_satisfaction":5.199275362318841,"autonomy":4.252539912917271},"metadata":{"satisfaction_count":793,"comprehension_count":731,"contact_count":244,"contactReachability_count":246,"contactSatisfaction_count":138,"autonomy_count":689}}
