{"data":{"satisfaction":3.9224137931034484,"comprehension":3.651817116060961,"contact":3.352272727272727,"contact_reachability":0.625,"contact_satisfaction":5.363636363636363,"autonomy":4.385093167701863},"metadata":{"satisfaction_count":928,"comprehension_count":853,"contact_count":264,"contactReachability_count":264,"contactSatisfaction_count":165,"autonomy_count":805}}
