{"data":{"satisfaction":3.925438596491228,"comprehension":3.611578593066308,"contact":2.9365853658536585,"contact_reachability":0.5527831094049904,"contact_satisfaction":5.384615384615385,"autonomy":4.212454212454213},"metadata":{"satisfaction_count":3192,"comprehension_count":2971,"contact_count":1025,"contactReachability_count":1042,"contactSatisfaction_count":559,"autonomy_count":2730}}
