{"data":{"satisfaction":3.986058301647655,"comprehension":3.6027397260273974,"contact":2.931726907630522,"contact_reachability":0.5697211155378487,"contact_satisfaction":5.177304964539007,"autonomy":4.139941690962099},"metadata":{"satisfaction_count":789,"comprehension_count":730,"contact_count":249,"contactReachability_count":251,"contactSatisfaction_count":141,"autonomy_count":686}}
