{"data":{"satisfaction":4.1455696202531644,"comprehension":3.7942779291553133,"contact":3.1451612903225805,"contact_reachability":0.555045871559633,"contact_satisfaction":5.6875,"autonomy":4.351032448377581},"metadata":{"satisfaction_count":790,"comprehension_count":734,"contact_count":217,"contactReachability_count":218,"contactSatisfaction_count":120,"autonomy_count":678}}
