{"data":{"satisfaction":3.881453154875717,"comprehension":3.5160289555325748,"contact":3.3443708609271523,"contact_reachability":0.6138613861386139,"contact_satisfaction":5.45945945945946,"autonomy":4.302832244008715},"metadata":{"satisfaction_count":1046,"comprehension_count":967,"contact_count":302,"contactReachability_count":303,"contactSatisfaction_count":185,"autonomy_count":918}}
