{"data":{"satisfaction":3.945022288261516,"comprehension":3.6253993610223643,"contact":2.9878048780487805,"contact_reachability":0.556786703601108,"contact_satisfaction":5.435153583617748,"autonomy":4.2202153525529695},"metadata":{"satisfaction_count":3365,"comprehension_count":3130,"contact_count":1066,"contactReachability_count":1083,"contactSatisfaction_count":586,"autonomy_count":2879}}
