{"data":{"satisfaction":3.9622641509433962,"comprehension":3.6058344640434195,"contact":2.947598253275109,"contact_reachability":0.5367965367965368,"contact_satisfaction":5.532786885245901,"autonomy":4.270986745213549},"metadata":{"satisfaction_count":795,"comprehension_count":737,"contact_count":229,"contactReachability_count":231,"contactSatisfaction_count":122,"autonomy_count":679}}
