{"data":{"satisfaction":3.911554033011523,"comprehension":3.5953825412874956,"contact":3.1402763018065887,"contact_reachability":0.5792235047219307,"contact_satisfaction":5.472222222222222,"autonomy":4.236983842010772},"metadata":{"satisfaction_count":3211,"comprehension_count":2967,"contact_count":941,"contactReachability_count":953,"contactSatisfaction_count":540,"autonomy_count":2785}}
