{"data":{"satisfaction":3.8634146341463413,"comprehension":3.405491024287223,"contact":3.4329710144927534,"contact_reachability":0.5842293906810035,"contact_satisfaction":5.921875,"autonomy":4.1526374859708195},"metadata":{"satisfaction_count":1025,"comprehension_count":947,"contact_count":276,"contactReachability_count":279,"contactSatisfaction_count":160,"autonomy_count":891}}
