{"data":{"satisfaction":3.954238329238329,"comprehension":3.6262007287181186,"contact":2.9764292878635907,"contact_reachability":0.5528134254689042,"contact_satisfaction":5.454963235294118,"autonomy":4.21875},"metadata":{"satisfaction_count":3256,"comprehension_count":3019,"contact_count":997,"contactReachability_count":1013,"contactSatisfaction_count":544,"autonomy_count":2816}}
