{"data":{"satisfaction":3.993710691823899,"comprehension":3.6437246963562755,"contact":2.927350427350427,"contact_reachability":0.538135593220339,"contact_satisfaction":5.48,"autonomy":4.204379562043796},"metadata":{"satisfaction_count":795,"comprehension_count":741,"contact_count":234,"contactReachability_count":236,"contactSatisfaction_count":125,"autonomy_count":685}}
