{"data":{"satisfaction":3.9625699970527557,"comprehension":3.637086513994911,"contact":2.9912875121006777,"contact_reachability":0.5567206863679695,"contact_satisfaction":5.440140845070423,"autonomy":4.242320819112628},"metadata":{"satisfaction_count":3393,"comprehension_count":3144,"contact_count":1033,"contactReachability_count":1049,"contactSatisfaction_count":568,"autonomy_count":2930}}
