{"data":{"satisfaction":3.9130434782608696,"comprehension":3.6182432432432434,"contact":3.173076923076923,"contact_reachability":0.5732217573221757,"contact_satisfaction":5.625,"autonomy":4.258992805755396},"metadata":{"satisfaction_count":805,"comprehension_count":740,"contact_count":234,"contactReachability_count":239,"contactSatisfaction_count":132,"autonomy_count":695}}
