{"data":{"satisfaction":3.9745762711864407,"comprehension":3.6095764272559854,"contact":2.859042553191489,"contact_reachability":0.5842105263157895,"contact_satisfaction":4.931192660550459,"autonomy":4.027777777777778},"metadata":{"satisfaction_count":590,"comprehension_count":543,"contact_count":188,"contactReachability_count":190,"contactSatisfaction_count":109,"autonomy_count":504}}
