{"data":{"satisfaction":3.9344262295081966,"comprehension":3.576294277929155,"contact":2.7766798418972334,"contact_reachability":0.5647058823529412,"contact_satisfaction":4.947183098591549,"autonomy":4.177583697234352},"metadata":{"satisfaction_count":793,"comprehension_count":734,"contact_count":253,"contactReachability_count":255,"contactSatisfaction_count":142,"autonomy_count":687}}
