{"data":{"satisfaction":3.952732644017725,"comprehension":3.6317460317460317,"contact":2.988826815642458,"contact_reachability":0.5563703024747938,"contact_satisfaction":5.440677966101695,"autonomy":4.236878453038674},"metadata":{"satisfaction_count":3385,"comprehension_count":3150,"contact_count":1074,"contactReachability_count":1091,"contactSatisfaction_count":590,"autonomy_count":2896}}
