{"data":{"satisfaction":3.932998324958124,"comprehension":3.619281045751634,"contact":3.1370875995449374,"contact_reachability":0.5808988764044943,"contact_satisfaction":5.449604743083004,"autonomy":4.258614014711576},"metadata":{"satisfaction_count":2985,"comprehension_count":2754,"contact_count":879,"contactReachability_count":890,"contactSatisfaction_count":506,"autonomy_count":2583}}
