{"data":{"satisfaction":3.9452365521710955,"comprehension":3.5649122807017544,"contact":3.1542857142857144,"contact_reachability":0.5788876276958003,"contact_satisfaction":5.476190476190476,"autonomy":4.231200897867565},"metadata":{"satisfaction_count":3086,"comprehension_count":2850,"contact_count":875,"contactReachability_count":881,"contactSatisfaction_count":504,"autonomy_count":2673}}
