{"data":{"satisfaction":8.72373949579832,"comprehension":8.724212812160696,"contact":5.981012658227848,"contact_reachability":0.7875,"contact_satisfaction":7.620967741935484,"autonomy":8.62530413625304},"metadata":{"satisfaction_count":952,"comprehension_count":921,"contact_count":79,"contactReachability_count":80,"contactSatisfaction_count":62,"autonomy_count":822}}
