{"data":{"satisfaction":8.80695443645084,"comprehension":8.705412054120542,"contact":5.9,"contact_reachability":0.7733333333333333,"contact_satisfaction":7.629310344827586,"autonomy":8.655778894472363},"metadata":{"satisfaction_count":834,"comprehension_count":813,"contact_count":75,"contactReachability_count":75,"contactSatisfaction_count":58,"autonomy_count":796}}
