{"data":{"satisfaction":8.833551769331585,"comprehension":8.680461329715062,"contact":6.264367816091954,"contact_reachability":0.8045977011494253,"contact_satisfaction":7.785714285714286,"autonomy":8.458333333333334},"metadata":{"satisfaction_count":763,"comprehension_count":737,"contact_count":87,"contactReachability_count":87,"contactSatisfaction_count":70,"autonomy_count":720}}
