{"data":{"satisfaction":8.60576923076923,"comprehension":8.4125,"contact":5.510204081632653,"contact_reachability":0.7551020408163265,"contact_satisfaction":7.297297297297297,"autonomy":7.577319587628866},"metadata":{"satisfaction_count":208,"comprehension_count":200,"contact_count":49,"contactReachability_count":49,"contactSatisfaction_count":37,"autonomy_count":194}}
