{"data":{"satisfaction":8.813868613138686,"comprehension":8.671482412060302,"contact":6.153846153846154,"contact_reachability":0.8021978021978022,"contact_satisfaction":7.671232876712328,"autonomy":8.496143958868895},"metadata":{"satisfaction_count":822,"comprehension_count":796,"contact_count":91,"contactReachability_count":91,"contactSatisfaction_count":73,"autonomy_count":778}}
