{"data":{"satisfaction":8.62704918032787,"comprehension":8.74465811965812,"contact":6.551724137931035,"contact_reachability":0.8666666666666667,"contact_satisfaction":7.6,"autonomy":8.789473684210526},"metadata":{"satisfaction_count":488,"comprehension_count":468,"contact_count":29,"contactReachability_count":30,"contactSatisfaction_count":25,"autonomy_count":380}}
