{"data":{"satisfaction":8.703703703703704,"comprehension":8.56425702811245,"contact":5.8076923076923075,"contact_reachability":0.7692307692307693,"contact_satisfaction":7.55,"autonomy":8.281573498964804},"metadata":{"satisfaction_count":513,"comprehension_count":498,"contact_count":65,"contactReachability_count":65,"contactSatisfaction_count":50,"autonomy_count":483}}
