{"data":{"satisfaction":8.741299303944315,"comprehension":8.748495788206979,"contact":6.826923076923077,"contact_reachability":0.8679245283018868,"contact_satisfaction":7.888888888888889,"autonomy":8.772169167803547},"metadata":{"satisfaction_count":862,"comprehension_count":831,"contact_count":52,"contactReachability_count":53,"contactSatisfaction_count":45,"autonomy_count":733}}
